<?xml version='1.0' encoding='UTF-8'?>
<smallbismark>
 <comment name='WARNING'>This is a draft version of small-BiSMark. Specification is the subject to change!</comment>
 <motif name='hkb' id='HKB.MTF'>
  <comment name='discrete information content by position'>[-0.536346264308893, -0.155230983665065, -0.529675356379422, -0.851696646575137, -1.24696878471401, -1.16832809928382, -0.977728602718306, -0.401227420118851, -0.584644890839293, -1.13729021116265, -0.897630119900445, -0.849627020336467, -0.499946079761588, -0.923997050773368]</comment>
  <comment name='discrete information content'>-10.7603375305373</comment>
  <PPM words-count='300.0' length='14'>
   <pm-column position='1'>
    <a>0.86</a>
    <c>0.0466666666666667</c>
    <g>0.0433333333333333</g>
    <t>0.05</t>
   </pm-column>
   <pm-column position='2'>
    <a>0.966666666666667</a>
    <c>0.0233333333333333</c>
    <g>0.01</g>
    <t>0.0</t>
   </pm-column>
   <pm-column position='3'>
    <a>0.803333333333333</a>
    <c>0.0</c>
    <g>0.0133333333333333</g>
    <t>0.183333333333333</t>
   </pm-column>
   <pm-column position='4'>
    <a>0.26</a>
    <c>0.0166666666666667</c>
    <g>0.0666666666666667</g>
    <t>0.656666666666667</t>
   </pm-column>
   <pm-column position='5'>
    <a>0.236666666666667</a>
    <c>0.213333333333333</c>
    <g>0.44</g>
    <t>0.11</t>
   </pm-column>
   <pm-column position='6'>
    <a>0.113333333333333</a>
    <c>0.493333333333333</c>
    <g>0.11</g>
    <t>0.283333333333333</t>
   </pm-column>
   <pm-column position='7'>
    <a>0.583333333333333</a>
    <c>0.24</c>
    <g>0.166666666666667</g>
    <t>0.01</t>
   </pm-column>
   <pm-column position='8'>
    <a>0.873333333333333</a>
    <c>0.116666666666667</c>
    <g>0.01</g>
    <t>0.0</t>
   </pm-column>
   <pm-column position='9'>
    <a>0.796666666666667</a>
    <c>0.0</c>
    <g>0.0366666666666667</g>
    <t>0.166666666666667</t>
   </pm-column>
   <pm-column position='10'>
    <a>0.306666666666667</a>
    <c>0.36</c>
    <g>0.0166666666666667</g>
    <t>0.316666666666667</t>
   </pm-column>
   <pm-column position='11'>
    <a>0.613333333333333</a>
    <c>0.0</c>
    <g>0.253333333333333</g>
    <t>0.133333333333333</t>
   </pm-column>
   <pm-column position='12'>
    <a>0.716666666666667</a>
    <c>0.07</c>
    <g>0.0533333333333333</g>
    <t>0.16</t>
   </pm-column>
   <pm-column position='13'>
    <a>0.793333333333333</a>
    <c>0.206666666666667</c>
    <g>0.0</g>
    <t>0.0</t>
   </pm-column>
   <pm-column position='14'>
    <a>0.573333333333333</a>
    <c>0.0233333333333333</c>
    <g>0.0633333333333333</g>
    <t>0.34</t>
   </pm-column>
  </PPM>
  <PWM words-count='300.0' length='14'>
   <pm-column position='1'>
    <a>1.08256101167367</a>
    <c>-1.45089974635975</c>
    <g>-1.51890237491312</g>
    <t>-1.66487437888749</t>
   </pm-column>
   <pm-column position='2'>
    <a>1.19878473551173</a>
    <c>-2.06744497841909</c>
    <g>-2.73522181944138</g>
    <t>-3.98148705517347</t>
   </pm-column>
   <pm-column position='3'>
    <a>1.01484406468245</a>
    <c>-3.98148705517347</c>
    <g>-2.52214929789955</g>
    <t>-0.440007021658401</t>
   </pm-column>
   <pm-column position='4'>
    <a>-0.09921063619643</a>
    <c>-2.34659855358757</c>
    <g>-1.11839831651125</g>
    <t>0.814760174034488</t>
   </pm-column>
   <pm-column position='5'>
    <a>-0.191210278943085</a>
    <c>0.00471055940587025</c>
    <g>0.719016884026861</g>
    <t>-0.931703173962525</t>
   </pm-column>
   <pm-column position='6'>
    <a>-0.90324439284048</a>
    <c>0.832443974146743</c>
    <g>-0.640370650008613</g>
    <t>-0.0149664367614974</t>
   </pm-column>
   <pm-column position='7'>
    <a>0.697380367036569</a>
    <c>0.120428108850333</c>
    <g>-0.236963336546773</g>
    <t>-2.94182789706412</t>
   </pm-column>
   <pm-column position='8'>
    <a>1.09784943846579</a>
    <c>-0.5835549080137</c>
    <g>-2.73522181944138</g>
    <t>-3.98148705517347</t>
   </pm-column>
   <pm-column position='9'>
    <a>1.00656727326367</a>
    <c>-3.98148705517347</c>
    <g>-1.67058172897094</g>
    <t>-0.53242434798643</t>
   </pm-column>
   <pm-column position='10'>
    <a>0.0627288172613306</a>
    <c>0.520364305194474</c>
    <g>-2.34659855358757</g>
    <t>0.0942636068604011</t>
   </pm-column>
   <pm-column position='11'>
    <a>0.747075668322459</a>
    <c>-3.98148705517347</c>
    <g>0.173624373770124</g>
    <t>-0.747655434257549</t>
   </pm-column>
   <pm-column position='12'>
    <a>0.901502641560497</a>
    <c>-1.07233052821472</c>
    <g>-1.3273697324004</g>
    <t>-0.571923242968883</t>
   </pm-column>
   <pm-column position='13'>
    <a>1.00240304551325</a>
    <c>-0.0264392798390411</c>
    <g>-3.98148705517347</g>
    <t>-3.98148705517347</t>
   </pm-column>
   <pm-column position='14'>
    <a>0.680250883471005</a>
    <c>-2.06744497841909</c>
    <g>-1.16669126670315</g>
    <t>0.164193591766974</t>
   </pm-column>
  </PWM>
 </motif>
</smallbismark>