<?xml version='1.0' encoding='UTF-8'?>
<smallbismark>
 <comment name='WARNING'>This is a draft version of small-BiSMark. Specification is the subject to change!</comment>
 <motif name='hkb' id='HKB.MTF'>
  <comment name='discrete information content by position'>[-0.988228246806675, -0.750939005873814, -1.04568963766942, -0.977639652668156, -0.999494251448375, -1.20516200589293, -0.637341737464601, 0.0, -0.891263502350396, -0.935640282980029, -0.613451199466788, -0.571481059249365, -0.899369772341337, -0.323732204222172]</comment>
  <comment name='discrete information content'>-10.8394325584341</comment>
  <PPM words-count='300.0' length='14'>
   <pm-column position='1'>
    <a>0.64</a>
    <c>0.193333333333333</c>
    <g>0.0666666666666667</g>
    <t>0.1</t>
   </pm-column>
   <pm-column position='2'>
    <a>0.723333333333333</a>
    <c>0.0</c>
    <g>0.18</g>
    <t>0.0966666666666667</t>
   </pm-column>
   <pm-column position='3'>
    <a>0.38</a>
    <c>0.0733333333333333</c>
    <g>0.0566666666666667</g>
    <t>0.49</t>
   </pm-column>
   <pm-column position='4'>
    <a>0.173333333333333</a>
    <c>0.0</c>
    <g>0.536666666666667</g>
    <t>0.29</t>
   </pm-column>
   <pm-column position='5'>
    <a>0.0</a>
    <c>0.47</c>
    <g>0.366666666666667</g>
    <t>0.163333333333333</t>
   </pm-column>
   <pm-column position='6'>
    <a>0.333333333333333</a>
    <c>0.423333333333333</c>
    <g>0.156666666666667</g>
    <t>0.0866666666666667</t>
   </pm-column>
   <pm-column position='7'>
    <a>0.65</a>
    <c>0.35</c>
    <g>0.0</g>
    <t>0.0</t>
   </pm-column>
   <pm-column position='8'>
    <a>1.0</a>
    <c>0.0</c>
    <g>0.0</g>
    <t>0.0</t>
   </pm-column>
   <pm-column position='9'>
    <a>0.586666666666667</a>
    <c>0.08</c>
    <g>0.00666666666666667</g>
    <t>0.326666666666667</t>
   </pm-column>
   <pm-column position='10'>
    <a>0.666666666666667</a>
    <c>0.133333333333333</c>
    <g>0.04</g>
    <t>0.16</t>
   </pm-column>
   <pm-column position='11'>
    <a>0.826666666666667</a>
    <c>0.04</c>
    <g>0.04</g>
    <t>0.0933333333333333</t>
   </pm-column>
   <pm-column position='12'>
    <a>0.79</a>
    <c>0.186666666666667</c>
    <g>0.0</g>
    <t>0.0233333333333333</t>
   </pm-column>
   <pm-column position='13'>
    <a>0.7</a>
    <c>0.126666666666667</c>
    <g>0.0566666666666667</g>
    <t>0.116666666666667</t>
   </pm-column>
   <pm-column position='14'>
    <a>0.896666666666667</a>
    <c>0.0</c>
    <g>0.0</g>
    <t>0.103333333333333</t>
   </pm-column>
  </PPM>
  <PWM words-count='300.0' threshold='4.08519647772734' length='14'>
   <pm-column position='1'>
    <a>0.789266916309327</a>
    <c>-0.0918103020238527</c>
    <g>-1.11839831651125</g>
    <t>-1.02228762158452</t>
   </pm-column>
   <pm-column position='2'>
    <a>0.910692154995684</a>
    <c>-3.98148705517347</c>
    <g>-0.161755452696071</g>
    <t>-1.05440248006244</t>
   </pm-column>
   <pm-column position='3'>
    <a>0.273751241211249</a>
    <c>-1.02829184754958</c>
    <g>-1.27089257692928</g>
    <t>0.524794850391382</t>
   </pm-column>
   <pm-column position='4'>
    <a>-0.494426513216677</a>
    <c>-3.98148705517347</c>
    <g>0.915980529990309</g>
    <t>0.00785494633379139</t>
   </pm-column>
   <pm-column position='5'>
    <a>-3.98148705517347</a>
    <c>0.784394426290109</c>
    <g>0.538511815376853</g>
    <t>-0.551978787815878</t>
   </pm-column>
   <pm-column position='6'>
    <a>0.144707567463463</a>
    <c>0.680759885237338</c>
    <g>-0.297330502338009</g>
    <t>-1.15744159948621</t>
   </pm-column>
   <pm-column position='7'>
    <a>0.804640725291048</a>
    <c>0.492510190876301</c>
    <g>-3.98148705517347</g>
    <t>-3.98148705517347</t>
   </pm-column>
   <pm-column position='8'>
    <a>1.2324987203651</a>
    <c>-3.98148705517347</c>
    <g>-3.98148705517347</g>
    <t>-3.98148705517347</t>
   </pm-column>
   <pm-column position='9'>
    <a>0.703025605343187</a>
    <c>-0.945637677465009</c>
    <g>-3.00634100564082</g>
    <t>0.124834279286412</t>
   </pm-column>
   <pm-column position='10'>
    <a>0.829749893825613</a>
    <c>-0.454212571291564</c>
    <g>-1.59186897621132</g>
    <t>-0.571923242968883</t>
   </pm-column>
   <pm-column position='11'>
    <a>1.04328497610459</a>
    <c>-1.59186897621132</c>
    <g>-1.59186897621132</g>
    <t>-1.0875830215614</t>
   </pm-column>
   <pm-column position='12'>
    <a>0.998221404431723</a>
    <c>-0.126171461467098</c>
    <g>-3.98148705517347</g>
    <t>-2.32023055041661</t>
   </pm-column>
   <pm-column position='13'>
    <a>0.878152469204522</a>
    <c>-0.503960486927396</c>
    <g>-1.27089257692928</g>
    <t>-0.875573153151809</t>
   </pm-column>
   <pm-column position='14'>
    <a>1.12405433739217</a>
    <c>-3.98148705517347</c>
    <g>-3.98148705517347</g>
    <t>-0.9911721163676</t>
   </pm-column>
  </PWM>
 </motif>
</smallbismark>