<?xml version='1.0' encoding='UTF-8'?>
<smallbismark>
 <comment name='WARNING'>This is a draft version of small-BiSMark. Specification is the subject to change!</comment>
 <motif name='brk' id='BRK.MTF'>
  <comment name='discrete information content by position'>[-0.889161855217234, -0.7480955403957, -0.349137895163978, 0.0, 0.0, 0.0, 0.0, -0.556213449317868, -0.449468962195914, -0.839646564446602, -0.944043478492767, -0.889161855217234, -1.05648284577217, -0.707919690940368]</comment>
  <comment name='discrete information content'>-7.42933213715983</comment>
  <PPM words-count='12.0' length='14'>
   <pm-column position='1'>
    <a>0.208333333333333</a>
    <c>0.291666666666667</c>
    <g>0.458333333333333</g>
    <t>0.0416666666666667</t>
   </pm-column>
   <pm-column position='2'>
    <a>0.25</a>
    <c>0.166666666666667</c>
    <g>0.583333333333333</g>
    <t>0.0</t>
   </pm-column>
   <pm-column position='3'>
    <a>0.0</a>
    <c>0.0</c>
    <g>0.166666666666667</g>
    <t>0.833333333333333</t>
   </pm-column>
   <pm-column position='4'>
    <a>0.0</a>
    <c>0.0</c>
    <g>1.0</g>
    <t>0.0</t>
   </pm-column>
   <pm-column position='5'>
    <a>0.0</a>
    <c>0.0</c>
    <g>1.0</g>
    <t>0.0</t>
   </pm-column>
   <pm-column position='6'>
    <a>0.0</a>
    <c>1.0</c>
    <g>0.0</g>
    <t>0.0</t>
   </pm-column>
   <pm-column position='7'>
    <a>0.0</a>
    <c>0.0</c>
    <g>1.0</g>
    <t>0.0</t>
   </pm-column>
   <pm-column position='8'>
    <a>0.0</a>
    <c>0.583333333333333</c>
    <g>0.0</g>
    <t>0.416666666666667</t>
   </pm-column>
   <pm-column position='9'>
    <a>0.0</a>
    <c>0.25</c>
    <g>0.0</g>
    <t>0.75</t>
   </pm-column>
   <pm-column position='10'>
    <a>0.583333333333333</a>
    <c>0.166666666666667</c>
    <g>0.0833333333333333</g>
    <t>0.166666666666667</t>
   </pm-column>
   <pm-column position='11'>
    <a>0.416666666666667</a>
    <c>0.166666666666667</c>
    <g>0.333333333333333</g>
    <t>0.0833333333333333</t>
   </pm-column>
   <pm-column position='12'>
    <a>0.458333333333333</a>
    <c>0.0416666666666667</c>
    <g>0.208333333333333</g>
    <t>0.291666666666667</t>
   </pm-column>
   <pm-column position='13'>
    <a>0.208333333333333</a>
    <c>0.291666666666667</c>
    <g>0.208333333333333</g>
    <t>0.291666666666667</t>
   </pm-column>
   <pm-column position='14'>
    <a>0.0416666666666667</a>
    <c>0.0416666666666667</c>
    <g>0.375</g>
    <t>0.541666666666667</t>
   </pm-column>
  </PPM>
  <PWM words-count='12.0' length='14'>
   <pm-column position='1'>
    <a>-0.25943963310979</a>
    <c>0.269756572760634</c>
    <g>0.672936887079554</g>
    <t>-1.23258522740396</t>
   </pm-column>
   <pm-column position='2'>
    <a>-0.114883217863448</a>
    <c>-0.196147536867838</c>
    <g>0.895165057192364</g>
    <t>-1.76287209322273</t>
   </pm-column>
   <pm-column position='3'>
    <a>-1.76287209322273</a>
    <c>-1.76287209322273</c>
    <g>-0.196147536867838</g>
    <t>0.944404133955255</t>
   </pm-column>
   <pm-column position='4'>
    <a>-1.76287209322273</a>
    <c>-1.76287209322273</c>
    <g>1.40452432592008</g>
    <t>-1.76287209322273</t>
   </pm-column>
   <pm-column position='5'>
    <a>-1.76287209322273</a>
    <c>-1.76287209322273</c>
    <g>1.40452432592008</g>
    <t>-1.76287209322273</t>
   </pm-column>
   <pm-column position='6'>
    <a>-1.76287209322273</a>
    <c>1.40452432592008</c>
    <g>-1.76287209322273</g>
    <t>-1.76287209322273</t>
   </pm-column>
   <pm-column position='7'>
    <a>-1.76287209322273</a>
    <c>-1.76287209322273</c>
    <g>1.40452432592008</g>
    <t>-1.76287209322273</t>
   </pm-column>
   <pm-column position='8'>
    <a>-1.76287209322273</a>
    <c>0.895165057192364</c>
    <g>-1.76287209322273</g>
    <t>0.31584386545698</t>
   </pm-column>
   <pm-column position='9'>
    <a>-1.76287209322273</a>
    <c>0.137202781685672</c>
    <g>-1.76287209322273</g>
    <t>0.846429418766488</t>
   </pm-column>
   <pm-column position='10'>
    <a>0.615921574349694</a>
    <c>-0.196147536867838</c>
    <g>-0.699726365649389</g>
    <t>-0.428482008747039</t>
   </pm-column>
   <pm-column position='11'>
    <a>0.31584386545698</a>
    <c>-0.196147536867838</c>
    <g>0.386778590371342</g>
    <t>-0.887887019367454</t>
   </pm-column>
   <pm-column position='12'>
    <a>0.399717006341969</a>
    <c>-1.09620621204802</c>
    <g>-0.0156459142867374</g>
    <t>0.0113915814466951</t>
   </pm-column>
   <pm-column position='13'>
    <a>-0.25943963310979</a>
    <c>0.269756572760634</c>
    <g>-0.0156459142867374</g>
    <t>0.0113915814466951</t>
   </pm-column>
   <pm-column position='14'>
    <a>-1.23258522740396</a>
    <c>-1.09620621204802</c>
    <g>0.491529874330514</g>
    <t>0.548916187600878</t>
   </pm-column>
  </PWM>
 </motif>
</smallbismark>