<?xml version='1.0' encoding='UTF-8'?>
<smallbismark>
 <comment name='WARNING'>This is a draft version of small-BiSMark. Specification is the subject to change!</comment>
 <motif name='brk' id='BRK.MTF'>
  <comment name='discrete information content by position'>[-0.78320141804454, -0.534710753071741, -0.852516136106402, 0.0, -0.449980967033026, 0.0, -0.449980967033026, -0.230258509299405, -0.534710753071741, -0.972913416538717, -0.783201418044679, -0.380666248971164, -0.805515773176087, -0.713886699982817]</comment>
  <comment name='discrete information content'>-7.49154306037335</comment>
  <PPM words-count='10.0' length='14'>
   <pm-column position='1'>
    <a>0.3</a>
    <c>0.2</c>
    <g>0.0</g>
    <t>0.5</t>
   </pm-column>
   <pm-column position='2'>
    <a>0.0</a>
    <c>0.6</c>
    <g>0.4</g>
    <t>0.0</t>
   </pm-column>
   <pm-column position='3'>
    <a>0.1</a>
    <c>0.5</c>
    <g>0.1</g>
    <t>0.3</t>
   </pm-column>
   <pm-column position='4'>
    <a>0.0</a>
    <c>0.0</c>
    <g>1.0</g>
    <t>0.0</t>
   </pm-column>
   <pm-column position='5'>
    <a>0.1</a>
    <c>0.1</c>
    <g>0.8</g>
    <t>0.0</t>
   </pm-column>
   <pm-column position='6'>
    <a>0.0</a>
    <c>1.0</c>
    <g>0.0</g>
    <t>0.0</t>
   </pm-column>
   <pm-column position='7'>
    <a>0.1</a>
    <c>0.0</c>
    <g>0.8</g>
    <t>0.1</t>
   </pm-column>
   <pm-column position='8'>
    <a>0.0</a>
    <c>0.9</c>
    <g>0.0</g>
    <t>0.1</t>
   </pm-column>
   <pm-column position='9'>
    <a>0.0</a>
    <c>0.6</c>
    <g>0.0</g>
    <t>0.4</t>
   </pm-column>
   <pm-column position='10'>
    <a>0.3</a>
    <c>0.1</c>
    <g>0.3</g>
    <t>0.3</t>
   </pm-column>
   <pm-column position='11'>
    <a>0.1</a>
    <c>0.6</c>
    <g>0.1</g>
    <t>0.2</t>
   </pm-column>
   <pm-column position='12'>
    <a>0.0</a>
    <c>0.8</c>
    <g>0.2</g>
    <t>0.0</t>
   </pm-column>
   <pm-column position='13'>
    <a>0.4</a>
    <c>0.0</c>
    <g>0.4</g>
    <t>0.2</t>
   </pm-column>
   <pm-column position='14'>
    <a>0.2</a>
    <c>0.0</c>
    <g>0.6</g>
    <t>0.2</t>
   </pm-column>
  </PPM>
  <PWM words-count='10.0' length='14'>
   <pm-column position='1'>
    <a>0.0341945567592045</a>
    <c>-0.0482829283347755</c>
    <g>-1.67577696520988</g>
    <t>0.469921157212023</t>
   </pm-column>
   <pm-column position='2'>
    <a>-1.67577696520988</a>
    <c>0.909977671122868</c>
    <g>0.541489994797973</g>
    <t>-1.67577696520988</t>
   </pm-column>
   <pm-column position='3'>
    <a>-0.755653052578405</a>
    <c>0.742611562902945</c>
    <g>-0.562095356385412</g>
    <t>0.0341945567592045</t>
   </pm-column>
   <pm-column position='4'>
    <a>-1.67577696520988</a>
    <c>-1.67577696520988</c>
    <g>1.39020419949953</g>
    <t>-1.67577696520988</t>
   </pm-column>
   <pm-column position='5'>
    <a>-0.755653052578405</a>
    <c>-0.562095356385412</c>
    <g>1.17864530844048</g>
    <t>-1.67577696520988</t>
   </pm-column>
   <pm-column position='6'>
    <a>-1.67577696520988</a>
    <c>1.39020419949953</c>
    <g>-1.67577696520988</g>
    <t>-1.67577696520988</t>
   </pm-column>
   <pm-column position='7'>
    <a>-0.755653052578405</a>
    <c>-1.67577696520988</c>
    <g>1.17864530844048</g>
    <t>-0.755653052578405</t>
   </pm-column>
   <pm-column position='8'>
    <a>-1.67577696520988</a>
    <c>1.29000899719113</c>
    <g>-1.67577696520988</g>
    <t>-0.755653052578405</t>
   </pm-column>
   <pm-column position='9'>
    <a>-1.67577696520988</a>
    <c>0.909977671122868</c>
    <g>-1.67577696520988</g>
    <t>0.275604669062237</t>
   </pm-column>
   <pm-column position='10'>
    <a>0.0341945567592045</a>
    <c>-0.562095356385412</c>
    <g>0.289466641387182</g>
    <t>0.0341945567592045</t>
   </pm-column>
   <pm-column position='11'>
    <a>-0.755653052578405</a>
    <c>0.909977671122868</c>
    <g>-0.562095356385412</g>
    <t>-0.284693419575426</t>
   </pm-column>
   <pm-column position='12'>
    <a>-1.67577696520988</a>
    <c>1.17864530844048</c>
    <g>-0.0482829283347755</g>
    <t>-1.67577696520988</t>
   </pm-column>
   <pm-column position='13'>
    <a>0.275604669062237</a>
    <c>-1.67577696520988</c>
    <g>0.541489994797973</g>
    <t>-0.284693419575426</t>
   </pm-column>
   <pm-column position='14'>
    <a>-0.284693419575426</a>
    <c>-1.67577696520988</c>
    <g>0.909977671122868</g>
    <t>-0.284693419575426</t>
   </pm-column>
  </PWM>
 </motif>
</smallbismark>