<?xml version='1.0' encoding='UTF-8'?>
<smallbismark>
 <comment name='WARNING'>This is a draft version of small-BiSMark. Specification is the subject to change!</comment>
 <motif name='Ubx' id='UBX.MTF'>
  <comment name='discrete information content by position'>[-1.04622936179219, -0.895674082520927, -0.915716969587118, -0.839842347733015, -1.17411800774788, -1.10461236305839, -0.507532365492725, -0.620531063950572, -0.780336589001988, -0.464126169298912, -0.723649965974286, -1.0539975239576, -1.12162392725129]</comment>
  <comment name='discrete information content'>-11.2479907373669</comment>
  <PPM words-count='60.0' length='13'>
   <pm-column position='1'>
    <a>0.516666666666667</a>
    <c>0.0833333333333333</c>
    <g>0.1</g>
    <t>0.3</t>
   </pm-column>
   <pm-column position='2'>
    <a>0.283333333333333</a>
    <c>0.15</c>
    <g>0.0</g>
    <t>0.566666666666667</t>
   </pm-column>
   <pm-column position='3'>
    <a>0.216666666666667</a>
    <c>0.0</c>
    <g>0.216666666666667</g>
    <t>0.566666666666667</t>
   </pm-column>
   <pm-column position='4'>
    <a>0.0166666666666667</a>
    <c>0.0666666666666667</c>
    <g>0.316666666666667</g>
    <t>0.6</t>
   </pm-column>
   <pm-column position='5'>
    <a>0.15</a>
    <c>0.183333333333333</c>
    <g>0.2</g>
    <t>0.466666666666667</t>
   </pm-column>
   <pm-column position='6'>
    <a>0.483333333333333</a>
    <c>0.0833333333333333</c>
    <g>0.15</g>
    <t>0.283333333333333</t>
   </pm-column>
   <pm-column position='7'>
    <a>0.8</a>
    <c>0.0166666666666667</c>
    <g>0.0</g>
    <t>0.183333333333333</t>
   </pm-column>
   <pm-column position='8'>
    <a>0.15</a>
    <c>0.0166666666666667</c>
    <g>0.05</g>
    <t>0.783333333333333</t>
   </pm-column>
   <pm-column position='9'>
    <a>0.0833333333333333</a>
    <c>0.116666666666667</c>
    <g>0.0666666666666667</g>
    <t>0.733333333333333</t>
   </pm-column>
   <pm-column position='10'>
    <a>0.85</a>
    <c>0.0</c>
    <g>0.05</g>
    <t>0.1</t>
   </pm-column>
   <pm-column position='11'>
    <a>0.0166666666666667</a>
    <c>0.0833333333333333</c>
    <g>0.166666666666667</g>
    <t>0.733333333333333</t>
   </pm-column>
   <pm-column position='12'>
    <a>0.1</a>
    <c>0.1</c>
    <g>0.266666666666667</g>
    <t>0.533333333333333</t>
   </pm-column>
   <pm-column position='13'>
    <a>0.35</a>
    <c>0.216666666666667</c>
    <g>0.05</g>
    <t>0.383333333333333</t>
   </pm-column>
  </PPM>
  <PWM words-count='60.0' length='13'>
   <pm-column position='1'>
    <a>0.556801630918839</a>
    <c>-0.840925259819396</c>
    <g>-0.683597874095183</g>
    <t>0.0392802098029831</t>
   </pm-column>
   <pm-column position='2'>
    <a>-0.0142718096056859</a>
    <c>-0.321230166815733</c>
    <g>-2.75074948524685</g>
    <t>0.645939808272518</t>
   </pm-column>
   <pm-column position='3'>
    <a>-0.262794049905425</a>
    <c>-2.75074948524685</c>
    <g>0.0190193205153776</g>
    <t>0.645939808272518</t>
   </pm-column>
   <pm-column position='4'>
    <a>-2.13611945769751</a>
    <c>-1.02771122704417</c>
    <g>0.378517868732939</g>
    <t>0.70123627074738</t>
   </pm-column>
   <pm-column position='5'>
    <a>-0.59425991115333</a>
    <c>-0.136703480226631</c>
    <g>-0.0558139388016605</g>
    <t>0.458933305518636</t>
   </pm-column>
   <pm-column position='6'>
    <a>0.492631606674857</a>
    <c>-0.840925259819396</c>
    <g>-0.321230166815733</g>
    <t>-0.0142718096056859</t>
   </pm-column>
   <pm-column position='7'>
    <a>0.980966143143029</a>
    <c>-1.98510473954147</c>
    <g>-2.75074948524685</g>
    <t>-0.414855693202314</t>
   </pm-column>
   <pm-column position='8'>
    <a>-0.59425991115333</a>
    <c>-1.98510473954147</c>
    <g>-1.25758898847441</g>
    <t>0.960422214953368</t>
   </pm-column>
   <pm-column position='9'>
    <a>-1.09350055056269</a>
    <c>-0.547690557086582</c>
    <g>-1.02771122704417</g>
    <t>0.896129827023143</t>
   </pm-column>
   <pm-column position='10'>
    <a>1.04018084747298</a>
    <c>-2.75074948524685</c>
    <g>-1.25758898847441</g>
    <t>-0.943471975238363</t>
   </pm-column>
   <pm-column position='11'>
    <a>-2.13611945769751</a>
    <c>-0.840925259819396</c>
    <g>-0.224716586180395</g>
    <t>0.896129827023143</t>
   </pm-column>
   <pm-column position='12'>
    <a>-0.943471975238363</a>
    <c>-0.683597874095183</c>
    <g>0.214837244045983</g>
    <t>0.587405746097825</t>
   </pm-column>
   <pm-column position='13'>
    <a>0.184617971115995</a>
    <c>0.0190193205153776</c>
    <g>-1.25758898847441</g>
    <t>0.270960686534688</t>
   </pm-column>
  </PWM>
 </motif>
</smallbismark>