<?xml version='1.0' encoding='UTF-8'?>
<smallbismark>
 <comment name='WARNING'>This is a draft version of small-BiSMark. Specification is the subject to change!</comment>
 <group name='best hits of motifs/ABD_A_imm.xml on footprints/ABD_A_footprints.xml (flank_length=4)' size='41'>
  <segment type='site' id='PMSIT.BE_DMEL.003637.0' length='8' chromosome='2L' location='2445883' strand='revcomp'>
   <sequence>GACATCAA</sequence>
  </segment>
  <segment type='site' id='PMSIT.BE_DMEL.003640.1' length='8' chromosome='2L' location='2445922' strand='direct'>
   <sequence>ACCATTAC</sequence>
  </segment>
  <segment type='site' id='PMSIT.BE_DMEL.003643.2' length='8' chromosome='2L' location='2446071' strand='direct'>
   <sequence>CCCATTTG</sequence>
  </segment>
  <segment type='site' id='PMSIT.BE_DMEL.003650.3' length='8' chromosome='2L' location='2446137' strand='direct'>
   <sequence>ATCCGTTG</sequence>
  </segment>
  <segment type='site' id='PMSIT.BE_DMEL.003654.4' length='8' chromosome='2L' location='2446191' strand='direct'>
   <sequence>TCAATTAG</sequence>
  </segment>
  <segment type='site' id='PMSIT.BE_DMEL.003656.5' length='8' chromosome='2L' location='2446267' strand='direct'>
   <sequence>GTAATAAA</sequence>
  </segment>
  <segment type='site' id='PMSIT.BE_DMEL.003658.6' length='8' chromosome='2L' location='2446277' strand='revcomp'>
   <sequence>CGCATTCA</sequence>
  </segment>
  <segment type='site' id='PMSIT.BE_DMEL.003661.7' length='8' chromosome='2L' location='2446289' strand='direct'>
   <sequence>GCAATTTG</sequence>
  </segment>
  <segment type='site' id='PMSIT.BE_DMEL.003663.8' length='8' chromosome='2L' location='2446324' strand='direct'>
   <sequence>GCCATTAA</sequence>
  </segment>
  <segment type='site' id='PMSIT.BE_DMEL.002347.9' length='8' chromosome='2L' location='21840630' strand='revcomp'>
   <sequence>GTAATTAT</sequence>
  </segment>
  <segment type='site' id='PMSIT.BE_DMEL.002351.10' length='8' chromosome='2L' location='21840737' strand='revcomp'>
   <sequence>TCAATTAT</sequence>
  </segment>
  <segment type='site' id='PMSIT.BE_DMEL.002354.11' length='8' chromosome='2L' location='21840822' strand='revcomp'>
   <sequence>TCACTTAA</sequence>
  </segment>
  <segment type='site' id='PMSIT.BE_DMEL.002357.12' length='8' chromosome='2L' location='21840885' strand='direct'>
   <sequence>ATCATAAA</sequence>
  </segment>
  <segment type='site' id='PMSIT.BE_DMEL.006297.13' length='8' chromosome='2R' location='20311247' strand='direct'>
   <sequence>TCAATTAT</sequence>
  </segment>
  <segment type='site' id='PMSIT.BE_DMEL.006081.14' length='8' chromosome='3R' location='2758856' strand='direct'>
   <sequence>ATAATTTA</sequence>
  </segment>
  <segment type='site' id='PMSIT.BE_DMEL.006083.15' length='8' chromosome='3R' location='2758918' strand='direct'>
   <sequence>GTAATTAT</sequence>
  </segment>
  <segment type='site' id='PMSIT.BE_DMEL.006085.16' length='8' chromosome='3R' location='2758951' strand='direct'>
   <sequence>GCATTTAA</sequence>
  </segment>
  <segment type='site' id='PMSIT.BE_DMEL.006088.17' length='8' chromosome='3R' location='2758984' strand='revcomp'>
   <sequence>TCCATTTA</sequence>
  </segment>
  <segment type='site' id='PMSIT.BE_DMEL.006089.18' length='8' chromosome='3R' location='2759005' strand='revcomp'>
   <sequence>TCCATAAT</sequence>
  </segment>
  <segment type='site' id='PMSIT.BE_DMEL.006093.19' length='8' chromosome='3R' location='2759100' strand='revcomp'>
   <sequence>GCAATTAA</sequence>
  </segment>
  <segment type='site' id='PMSIT.BE_DMEL.006094.20' length='8' chromosome='3R' location='2759181' strand='direct'>
   <sequence>TTCATTAA</sequence>
  </segment>
  <segment type='site' id='PMSIT.BE_DMEL.006097.21' length='8' chromosome='3R' location='2759247' strand='revcomp'>
   <sequence>GTAACTAA</sequence>
  </segment>
  <segment type='site' id='PMSIT.BE_DMEL.006098.22' length='8' chromosome='3R' location='2759277' strand='direct'>
   <sequence>ATAATTTT</sequence>
  </segment>
  <segment type='site' id='PMSIT.BE_DMEL.006101.23' length='8' chromosome='3R' location='2759294' strand='revcomp'>
   <sequence>ACAATTTA</sequence>
  </segment>
  <segment type='site' id='PMSIT.BE_DMEL.006102.24' length='8' chromosome='3R' location='2759410' strand='revcomp'>
   <sequence>GTAATTAT</sequence>
  </segment>
  <segment type='site' id='PMSIT.BE_DMEL.006104.25' length='8' chromosome='3R' location='2759468' strand='revcomp'>
   <sequence>TTAATTTA</sequence>
  </segment>
  <segment type='site' id='PMSIT.BE_DMEL.006106.26' length='8' chromosome='3R' location='2759489' strand='direct'>
   <sequence>GCAATAAA</sequence>
  </segment>
  <segment type='site' id='PMSIT.BE_DMEL.006109.27' length='8' chromosome='3R' location='2759512' strand='direct'>
   <sequence>ATAAATAA</sequence>
  </segment>
  <segment type='site' id='PMSIT.BE_DMEL.006110.28' length='8' chromosome='3R' location='2759527' strand='direct'>
   <sequence>GGAATATA</sequence>
  </segment>
  <segment type='site' id='PMSIT.BE_DMEL.006112.29' length='8' chromosome='3R' location='2759540' strand='direct'>
   <sequence>ATAATTAA</sequence>
  </segment>
  <segment type='site' id='PMSIT.BE_DMEL.006115.30' length='8' chromosome='3R' location='2759634' strand='revcomp'>
   <sequence>GCAATTAT</sequence>
  </segment>
  <segment type='site' id='PMSIT.BE_DMEL.006116.31' length='8' chromosome='3R' location='2759799' strand='revcomp'>
   <sequence>GTAATTTT</sequence>
  </segment>
  <segment type='site' id='PMSIT.BE_DMEL.006119.32' length='8' chromosome='3R' location='2759824' strand='direct'>
   <sequence>ACAAATAT</sequence>
  </segment>
  <segment type='site' id='PMSIT.BE_DMEL.006120.33' length='8' chromosome='3R' location='2760082' strand='revcomp'>
   <sequence>GTAATGAA</sequence>
  </segment>
  <segment type='site' id='PMSIT.BE_DMEL.006123.34' length='8' chromosome='3R' location='2760165' strand='revcomp'>
   <sequence>GCAATTAG</sequence>
  </segment>
  <segment type='site' id='PMSIT.BE_DMEL.006124.35' length='8' chromosome='3R' location='2760270' strand='direct'>
   <sequence>TTCATTTA</sequence>
  </segment>
  <segment type='site' id='PMSIT.BE_DMEL.006127.36' length='8' chromosome='3R' location='2760339' strand='revcomp'>
   <sequence>TTAATCAA</sequence>
  </segment>
  <segment type='site' id='PMSIT.BE_DMEL.006128.37' length='8' chromosome='3R' location='2760478' strand='direct'>
   <sequence>TTAATAAT</sequence>
  </segment>
  <segment type='site' id='PMSIT.BE_DMEL.006131.38' length='8' chromosome='3R' location='2760512' strand='direct'>
   <sequence>TTAATTTA</sequence>
  </segment>
  <segment type='site' id='PMSIT.BE_DMEL.006131.39' length='8' chromosome='3R' location='2760517' strand='direct'>
   <sequence>TTAATTTA</sequence>
  </segment>
  <segment type='site' id='PMSIT.BE_DMEL.006132.40' length='8' chromosome='3R' location='2760555' strand='direct'>
   <sequence>TCCATTAA</sequence>
  </segment>
  <segment type='site' id='PMSIT.BE_DMEL.006134.41' length='8' chromosome='3R' location='2760612' strand='revcomp'>
   <sequence>TGCATTAG</sequence>
  </segment>
 </group>
</smallbismark>