<?xml version='1.0' encoding='UTF-8'?>
<smallbismark>
 <comment name='WARNING'>This is a draft version of small-BiSMark. Specification is the subject to change!</comment>
 <group name='best hits of motifs/ABD_B_imm.xml on footprints/ABD_B_footprints.xml (flank_length=9)' size='7'>
  <segment type='site' id='PMSIT.BE_DMEL.003205.0' length='10' chromosome='3R' location='9723809' strand='revcomp'>
   <sequence>GGATTTATGA</sequence>
  </segment>
  <segment type='site' id='PMSIT.BE_DMEL.003206.1' length='10' chromosome='3R' location='9723849' strand='revcomp'>
   <sequence>TGTGTCATTA</sequence>
  </segment>
  <segment type='site' id='PMSIT.BE_DMEL.003208.2' length='10' chromosome='3R' location='9723997' strand='direct'>
   <sequence>GATTTTATTT</sequence>
  </segment>
  <segment type='site' id='PMSIT.BE_DMEL.003209.3' length='10' chromosome='3R' location='9724094' strand='revcomp'>
   <sequence>ATTTTTATGA</sequence>
  </segment>
  <segment type='site' id='PMSIT.BE_DMEL.003211.4' length='10' chromosome='3R' location='9724525' strand='direct'>
   <sequence>TTTTTTATGA</sequence>
  </segment>
  <segment type='site' id='PMSIT.BE_DMEL.003213.5' length='10' chromosome='3R' location='9724556' strand='direct'>
   <sequence>TGTTTTATGA</sequence>
  </segment>
  <segment type='site' id='PMSIT.BE_DMEL.003214.6' length='10' chromosome='3R' location='9724613' strand='direct'>
   <sequence>GATTTTACGG</sequence>
  </segment>
 </group>
</smallbismark>