<?xml version='1.0' encoding='UTF-8'?>
<smallbismark>
 <comment name='WARNING'>This is a draft version of small-BiSMark. Specification is the subject to change!</comment>
 <group name='best hits of motifs/ANTP_imm.xml on footprints/ANTP_footprints.xml (flank_length=9)' size='12'>
  <segment type='site' id='PMSIT.BE_DMEL.006339.0' length='9' chromosome='X' location='4134590' strand='direct'>
   <sequence>TGTTTATTA</sequence>
  </segment>
  <segment type='site' id='PMSIT.BE_DMEL.002348.1' length='9' chromosome='2L' location='21840631' strand='revcomp'>
   <sequence>TTGTAATTA</sequence>
  </segment>
  <segment type='site' id='PMSIT.BE_DMEL.002349.2' length='9' chromosome='2L' location='21840735' strand='direct'>
   <sequence>TGATAATTG</sequence>
  </segment>
  <segment type='site' id='PMSIT.BE_DMEL.002353.3' length='9' chromosome='2L' location='21840820' strand='direct'>
   <sequence>TCTTAAGTG</sequence>
  </segment>
  <segment type='site' id='PMSIT.BE_DMEL.002355.4' length='9' chromosome='2L' location='21840886' strand='revcomp'>
   <sequence>TTTTTATGA</sequence>
  </segment>
  <segment type='site' id='PMSIT.BE_DMEL.006193.5' length='9' chromosome='2R' location='1217010' strand='revcomp'>
   <sequence>TTTTGATTA</sequence>
  </segment>
  <segment type='site' id='PMSIT.BE_DMEL.006194.6' length='9' chromosome='2R' location='1217382' strand='revcomp'>
   <sequence>TTAATATTA</sequence>
  </segment>
  <segment type='site' id='PMSIT.BE_DMEL.006195.7' length='9' chromosome='2R' location='1217432' strand='revcomp'>
   <sequence>TTTTTATGA</sequence>
  </segment>
  <segment type='site' id='PMSIT.BE_DMEL.006196.8' length='9' chromosome='2R' location='1217473' strand='revcomp'>
   <sequence>TTGAAATGA</sequence>
  </segment>
  <segment type='site' id='PMSIT.BE_DMEL.006197.9' length='9' chromosome='2R' location='1217548' strand='direct'>
   <sequence>TTATGATTA</sequence>
  </segment>
  <segment type='site' id='PMSIT.BE_DMEL.004112.10' length='9' chromosome='3R' location='2830995' strand='revcomp'>
   <sequence>TTTTTATTA</sequence>
  </segment>
  <segment type='site' id='PMSIT.BE_DMEL.004113.11' length='9' chromosome='3R' location='2831047' strand='revcomp'>
   <sequence>TTAAAATTA</sequence>
  </segment>
 </group>
</smallbismark>