<?xml version='1.0' encoding='UTF-8'?>
<smallbismark>
 <comment name='WARNING'>This is a draft version of small-BiSMark. Specification is the subject to change!</comment>
 <group name='best hits of motifs/BAB1_imm.xml on footprints/BAB1_footprints.xml (flank_length=14)' size='6'>
  <segment type='site' id='PMSIT.BE_DMEL.006357.0' length='14' chromosome='3L' location='1069302' strand='revcomp'>
   <sequence>ATATATATTGTATA</sequence>
  </segment>
  <segment type='site' id='PMSIT.BE_DMEL.006358.1' length='14' chromosome='3L' location='1069336' strand='revcomp'>
   <sequence>ATCTATATAGTTGT</sequence>
  </segment>
  <segment type='site' id='PMSIT.BE_DMEL.006359.2' length='14' chromosome='3L' location='1069511' strand='direct'>
   <sequence>ATATAAATAATAAT</sequence>
  </segment>
  <segment type='site' id='PMSIT.BE_DMEL.006360.3' length='14' chromosome='3L' location='1069648' strand='direct'>
   <sequence>ATTGTTATAATAAT</sequence>
  </segment>
  <segment type='site' id='PMSIT.BE_DMEL.006361.4' length='14' chromosome='3L' location='1159062' strand='direct'>
   <sequence>ATATTTATTATTAT</sequence>
  </segment>
  <segment type='site' id='PMSIT.BE_DMEL.006362.5' length='14' chromosome='3L' location='1159108' strand='direct'>
   <sequence>ATGTTTATTATTAT</sequence>
  </segment>
 </group>
</smallbismark>