<?xml version='1.0' encoding='UTF-8'?>
<smallbismark>
 <comment name='WARNING'>This is a draft version of small-BiSMark. Specification is the subject to change!</comment>
 <group name='best hits of motifs/BCD_imm.xml on footprints/BCD_footprints.xml (flank_length=5)' size='48'>
  <segment type='site' id='PMSIT.BE_DMEL.006003.0' length='7' chromosome='2L' location='11455648' strand='direct'>
   <sequence>GGATTAT</sequence>
  </segment>
  <segment type='site' id='PMSIT.BE_DMEL.006007.1' length='7' chromosome='2L' location='11455739' strand='revcomp'>
   <sequence>TGCTTAA</sequence>
  </segment>
  <segment type='site' id='PMSIT.BE_DMEL.006008.2' length='7' chromosome='2L' location='11455773' strand='direct'>
   <sequence>GGATTTG</sequence>
  </segment>
  <segment type='site' id='PMSIT.BE_DMEL.006009.3' length='7' chromosome='2L' location='11455793' strand='direct'>
   <sequence>GGATTTG</sequence>
  </segment>
  <segment type='site' id='PMSIT.BE_DMEL.006011.4' length='7' chromosome='2L' location='11455826' strand='direct'>
   <sequence>GGATTTG</sequence>
  </segment>
  <segment type='site' id='PMSIT.BE_DMEL.006013.5' length='7' chromosome='2L' location='11455857' strand='direct'>
   <sequence>GGCTTAT</sequence>
  </segment>
  <segment type='site' id='PMSIT.BE_DMEL.006018.6' length='7' chromosome='2L' location='11456120' strand='revcomp'>
   <sequence>GGCTTGC</sequence>
  </segment>
  <segment type='site' id='PMSIT.BE_DMEL.004117.7' length='7' chromosome='2R' location='5489663' strand='revcomp'>
   <sequence>GGATTAA</sequence>
  </segment>
  <segment type='site' id='PMSIT.BE_DMEL.004120.8' length='7' chromosome='2R' location='5489684' strand='direct'>
   <sequence>AGATTAT</sequence>
  </segment>
  <segment type='site' id='PMSIT.BE_DMEL.004125.9' length='7' chromosome='2R' location='5489835' strand='revcomp'>
   <sequence>CGATTAT</sequence>
  </segment>
  <segment type='site' id='PMSIT.BE_DMEL.004128.10' length='7' chromosome='2R' location='5489928' strand='direct'>
   <sequence>GGATTAG</sequence>
  </segment>
  <segment type='site' id='PMSIT.BE_DMEL.004133.11' length='7' chromosome='2R' location='5490049' strand='direct'>
   <sequence>GGATTAG</sequence>
  </segment>
  <segment type='site' id='PMSIT.BE_DMEL.003685.12' length='7' chromosome='2R' location='20730461' strand='direct'>
   <sequence>GGATTAA</sequence>
  </segment>
  <segment type='site' id='PMSIT.BE_DMEL.003689.13' length='7' chromosome='2R' location='20730482' strand='revcomp'>
   <sequence>GGATTAT</sequence>
  </segment>
  <segment type='site' id='PMSIT.BE_DMEL.003691.14' length='7' chromosome='2R' location='20730574' strand='direct'>
   <sequence>GGCTTAG</sequence>
  </segment>
  <segment type='site' id='PMSIT.BE_DMEL.003698.15' length='7' chromosome='2R' location='20730898' strand='direct'>
   <sequence>GGCTTAG</sequence>
  </segment>
  <segment type='site' id='PMSIT.BE_DMEL.005919.16' length='7' chromosome='3L' location='8639163' strand='revcomp'>
   <sequence>AGATTGA</sequence>
  </segment>
  <segment type='site' id='PMSIT.BE_DMEL.005926.17' length='7' chromosome='3L' location='8639267' strand='direct'>
   <sequence>AGATTAA</sequence>
  </segment>
  <segment type='site' id='PMSIT.BE_DMEL.005929.18' length='7' chromosome='3L' location='8639367' strand='revcomp'>
   <sequence>TCATTAG</sequence>
  </segment>
  <segment type='site' id='PMSIT.BE_DMEL.005931.19' length='7' chromosome='3L' location='8639420' strand='revcomp'>
   <sequence>GGCTAAA</sequence>
  </segment>
  <segment type='site' id='PMSIT.BE_DMEL.005932.20' length='7' chromosome='3L' location='8639431' strand='revcomp'>
   <sequence>CGATTTG</sequence>
  </segment>
  <segment type='site' id='PMSIT.BE_DMEL.005941.21' length='7' chromosome='3L' location='8639676' strand='revcomp'>
   <sequence>GGCTTAA</sequence>
  </segment>
  <segment type='site' id='PMSIT.BE_DMEL.005943.22' length='7' chromosome='3L' location='8639739' strand='revcomp'>
   <sequence>AAATTAG</sequence>
  </segment>
  <segment type='site' id='PMSIT.BE_DMEL.003615.23' length='7' chromosome='3L' location='8640857' strand='revcomp'>
   <sequence>GGCTTAA</sequence>
  </segment>
  <segment type='site' id='PMSIT.BE_DMEL.003625.24' length='7' chromosome='3L' location='8641123' strand='direct'>
   <sequence>GGCTTAA</sequence>
  </segment>
  <segment type='site' id='PMSIT.BE_DMEL.003630.25' length='7' chromosome='3L' location='8641222' strand='revcomp'>
   <sequence>GCATTTG</sequence>
  </segment>
  <segment type='site' id='PMSIT.BE_DMEL.006051.26' length='7' chromosome='3L' location='20631204' strand='direct'>
   <sequence>AGCTTAG</sequence>
  </segment>
  <segment type='site' id='PMSIT.BE_DMEL.006057.27' length='7' chromosome='3L' location='20631246' strand='direct'>
   <sequence>GGCTTAG</sequence>
  </segment>
  <segment type='site' id='PMSIT.BE_DMEL.006413.28' length='7' chromosome='3R' location='4520382' strand='direct'>
   <sequence>GGATTAG</sequence>
  </segment>
  <segment type='site' id='PMSIT.BE_DMEL.006414.29' length='7' chromosome='3R' location='4520457' strand='direct'>
   <sequence>GGATTGA</sequence>
  </segment>
  <segment type='site' id='PMSIT.BE_DMEL.006415.30' length='7' chromosome='3R' location='4520487' strand='direct'>
   <sequence>GGATTAG</sequence>
  </segment>
  <segment type='site' id='PMSIT.BE_DMEL.006417.31' length='7' chromosome='3R' location='4520506' strand='direct'>
   <sequence>AAATTAT</sequence>
  </segment>
  <segment type='site' id='PMSIT.BE_DMEL.006418.32' length='7' chromosome='3R' location='4520521' strand='direct'>
   <sequence>GGATTTG</sequence>
  </segment>
  <segment type='site' id='PMSIT.BE_DMEL.006419.33' length='7' chromosome='3R' location='4520539' strand='direct'>
   <sequence>AGCTTAG</sequence>
  </segment>
  <segment type='site' id='PMSIT.BE_DMEL.006420.34' length='7' chromosome='3R' location='4520555' strand='direct'>
   <sequence>AGCTTAG</sequence>
  </segment>
  <segment type='site' id='PMSIT.BE_DMEL.006421.35' length='7' chromosome='3R' location='4520597' strand='direct'>
   <sequence>GGATTAC</sequence>
  </segment>
  <segment type='site' id='PMSIT.BE_DMEL.006425.36' length='7' chromosome='3R' location='4522598' strand='direct'>
   <sequence>GGATTAA</sequence>
  </segment>
  <segment type='site' id='PMSIT.BE_DMEL.006426.37' length='7' chromosome='3R' location='4522648' strand='direct'>
   <sequence>AGATTAG</sequence>
  </segment>
  <segment type='site' id='PMSIT.BE_DMEL.003678.38' length='7' chromosome='3R' location='9720585' strand='revcomp'>
   <sequence>GGATTTA</sequence>
  </segment>
  <segment type='site' id='PMSIT.BE_DMEL.003679.39' length='7' chromosome='3R' location='9720616' strand='direct'>
   <sequence>GGCTTAA</sequence>
  </segment>
  <segment type='site' id='PMSIT.BE_DMEL.006250.40' length='7' chromosome='3R' location='26676847' strand='revcomp'>
   <sequence>AGATTAC</sequence>
  </segment>
  <segment type='site' id='PMSIT.BE_DMEL.006251.41' length='7' chromosome='3R' location='26676866' strand='direct'>
   <sequence>AGCTTAA</sequence>
  </segment>
  <segment type='site' id='PMSIT.BE_DMEL.006252.42' length='7' chromosome='3R' location='26676917' strand='direct'>
   <sequence>AGATTAG</sequence>
  </segment>
  <segment type='site' id='PMSIT.BE_DMEL.006253.43' length='7' chromosome='3R' location='26676938' strand='revcomp'>
   <sequence>GGATTCA</sequence>
  </segment>
  <segment type='site' id='PMSIT.BE_DMEL.006254.44' length='7' chromosome='3R' location='26676968' strand='revcomp'>
   <sequence>AGATTAG</sequence>
  </segment>
  <segment type='site' id='PMSIT.BE_DMEL.006255.45' length='7' chromosome='3R' location='26677071' strand='revcomp'>
   <sequence>AAATTAT</sequence>
  </segment>
  <segment type='site' id='PMSIT.BE_DMEL.006256.46' length='7' chromosome='3R' location='26677115' strand='revcomp'>
   <sequence>AGATTGC</sequence>
  </segment>
  <segment type='site' id='PMSIT.BE_DMEL.006257.47' length='7' chromosome='3R' location='26677194' strand='revcomp'>
   <sequence>ATATTTG</sequence>
  </segment>
  <segment type='site' id='PMSIT.BE_DMEL.006257.48' length='7' chromosome='3R' location='26677197' strand='direct'>
   <sequence>ATATTTG</sequence>
  </segment>
 </group>
</smallbismark>