<?xml version='1.0' encoding='UTF-8'?>
<smallbismark>
 <comment name='WARNING'>This is a draft version of small-BiSMark. Specification is the subject to change!</comment>
 <group name='best hits of motifs/BRK_imm.xml on footprints/BRK_footprints.xml (flank_length=11)' size='10'>
  <segment type='site' id='PMSIT.BE_DMEL.000446.0' length='14' chromosome='X' location='4231707' strand='revcomp'>
   <sequence>GAGGCGCCACCAAG</sequence>
  </segment>
  <segment type='site' id='PMSIT.BE_DMEL.005392.1' length='14' chromosome='3R' location='2507234' strand='direct'>
   <sequence>TTAGCGCCATGAAA</sequence>
  </segment>
  <segment type='site' id='PMSIT.BE_DMEL.005393.2' length='14' chromosome='3R' location='2507361' strand='revcomp'>
   <sequence>GCGGCGCCCCCATC</sequence>
  </segment>
  <segment type='site' id='PMSIT.BE_DMEL.005394.3' length='14' chromosome='3R' location='2507581' strand='revcomp'>
   <sequence>TCGGCGCCGGGCAA</sequence>
  </segment>
  <segment type='site' id='PMSIT.BE_DMEL.006261.4' length='14' chromosome='3R' location='2580052' strand='revcomp'>
   <sequence>GAGGTGCCAGTCGG</sequence>
  </segment>
  <segment type='site' id='PMSIT.BE_DMEL.006262.5' length='14' chromosome='3R' location='2580144' strand='revcomp'>
   <sequence>GCAACGCCAGATCC</sequence>
  </segment>
  <segment type='site' id='PMSIT.BE_DMEL.006264.6' length='14' chromosome='3R' location='2580199' strand='direct'>
   <sequence>GTCTCGCCAGGTAG</sequence>
  </segment>
  <segment type='site' id='PMSIT.BE_DMEL.006266.7' length='14' chromosome='3R' location='2580283' strand='revcomp'>
   <sequence>TCAGCGCCGCCACC</sequence>
  </segment>
  <segment type='site' id='PMSIT.BE_DMEL.006271.8' length='14' chromosome='3R' location='2580554' strand='revcomp'>
   <sequence>ATAGCGCCAGTAAT</sequence>
  </segment>
  <segment type='site' id='PMSIT.BE_DMEL.006282.9' length='14' chromosome='3R' location='2581270' strand='direct'>
   <sequence>GCGGCGCCCCGCGA</sequence>
  </segment>
 </group>
</smallbismark>