<?xml version='1.0' encoding='UTF-8'?>
<smallbismark>
 <comment name='WARNING'>This is a draft version of small-BiSMark. Specification is the subject to change!</comment>
 <group name='best hits of motifs/CAD_imm.xml on footprints/CAD_footprints.xml (flank_length=7)' size='13'>
  <segment type='site' id='PMSIT.BE_DMEL.006004.0' length='10' chromosome='2L' location='11455649' strand='revcomp'>
   <sequence>AATTATAATC</sequence>
  </segment>
  <segment type='site' id='PMSIT.BE_DMEL.006005.1' length='10' chromosome='2L' location='11455709' strand='revcomp'>
   <sequence>CTTAATTGTC</sequence>
  </segment>
  <segment type='site' id='PMSIT.BE_DMEL.006006.2' length='10' chromosome='2L' location='11455734' strand='revcomp'>
   <sequence>CTTAATTAGT</sequence>
  </segment>
  <segment type='site' id='PMSIT.BE_DMEL.006014.3' length='10' chromosome='2L' location='11455974' strand='direct'>
   <sequence>ATATTTGAGC</sequence>
  </segment>
  <segment type='site' id='PMSIT.BE_DMEL.006056.4' length='10' chromosome='3L' location='20631231' strand='revcomp'>
   <sequence>TTTCGTTACC</sequence>
  </segment>
  <segment type='site' id='PMSIT.BE_DMEL.006060.5' length='10' chromosome='3L' location='20631269' strand='revcomp'>
   <sequence>TTTTTTAGGC</sequence>
  </segment>
  <segment type='site' id='PMSIT.BE_DMEL.006061.6' length='10' chromosome='3L' location='20631294' strand='revcomp'>
   <sequence>AAACGTGGCC</sequence>
  </segment>
  <segment type='site' id='PMSIT.BE_DMEL.006062.7' length='10' chromosome='3L' location='20631323' strand='revcomp'>
   <sequence>CTTTATGACT</sequence>
  </segment>
  <segment type='site' id='PMSIT.BE_DMEL.006063.8' length='10' chromosome='3L' location='20631350' strand='revcomp'>
   <sequence>TTTTATGGTT</sequence>
  </segment>
  <segment type='site' id='PMSIT.BE_DMEL.006064.9' length='10' chromosome='3L' location='20631389' strand='revcomp'>
   <sequence>TTGTTTGGCT</sequence>
  </segment>
  <segment type='site' id='PMSIT.BE_DMEL.006066.10' length='10' chromosome='3L' location='20631438' strand='direct'>
   <sequence>TTTTTTAAGC</sequence>
  </segment>
  <segment type='site' id='PMSIT.BE_DMEL.004966.11' length='10' chromosome='3R' location='2689578' strand='revcomp'>
   <sequence>GTTTATGGTT</sequence>
  </segment>
  <segment type='site' id='PMSIT.BE_DMEL.004968.12' length='10' chromosome='3R' location='2689651' strand='direct'>
   <sequence>CTTTATGATT</sequence>
  </segment>
 </group>
</smallbismark>