<?xml version='1.0' encoding='UTF-8'?>
<smallbismark>
 <comment name='WARNING'>This is a draft version of small-BiSMark. Specification is the subject to change!</comment>
 <group name='best hits of motifs/DL_imm.xml on footprints/DL_footprints.xml (flank_length=9)' size='38'>
  <segment type='site' id='PMSIT.BE_DMEL.005229.0' length='11' chromosome='2L' location='2456182' strand='direct'>
   <sequence>AATAATTTCCA</sequence>
  </segment>
  <segment type='site' id='PMSIT.BE_DMEL.005230.1' length='11' chromosome='2L' location='2456211' strand='direct'>
   <sequence>TGGTTTATCTA</sequence>
  </segment>
  <segment type='site' id='PMSIT.BE_DMEL.005231.2' length='11' chromosome='2L' location='2456356' strand='direct'>
   <sequence>TGAATTTTCCA</sequence>
  </segment>
  <segment type='site' id='PMSIT.BE_DMEL.005234.3' length='11' chromosome='2L' location='2456427' strand='direct'>
   <sequence>TTATATTCCCA</sequence>
  </segment>
  <segment type='site' id='PMSIT.BE_DMEL.005235.4' length='11' chromosome='2L' location='2456451' strand='direct'>
   <sequence>GTACTTTCCGC</sequence>
  </segment>
  <segment type='site' id='PMSIT.BE_DMEL.005237.5' length='11' chromosome='2L' location='2456488' strand='direct'>
   <sequence>CGGATTTTCCT</sequence>
  </segment>
  <segment type='site' id='PMSIT.BE_DMEL.005239.6' length='11' chromosome='2L' location='2456611' strand='revcomp'>
   <sequence>TGGAATTTCCG</sequence>
  </segment>
  <segment type='site' id='PMSIT.BE_DMEL.005244.7' length='11' chromosome='2L' location='2456703' strand='direct'>
   <sequence>GAAATTTTTCC</sequence>
  </segment>
  <segment type='site' id='PMSIT.BE_DMEL.005245.8' length='11' chromosome='2L' location='2456752' strand='direct'>
   <sequence>TGGCTTTTATA</sequence>
  </segment>
  <segment type='site' id='PMSIT.BE_DMEL.005247.9' length='11' chromosome='2L' location='2456795' strand='direct'>
   <sequence>GCGTATTTCGC</sequence>
  </segment>
  <segment type='site' id='PMSIT.BE_DMEL.005248.10' length='11' chromosome='2L' location='2456818' strand='direct'>
   <sequence>AGGATTATAGG</sequence>
  </segment>
  <segment type='site' id='PMSIT.BE_DMEL.005249.11' length='11' chromosome='2L' location='2456998' strand='revcomp'>
   <sequence>TTGGGTTCCGA</sequence>
  </segment>
  <segment type='site' id='PMSIT.BE_DMEL.005250.12' length='11' chromosome='2L' location='2457016' strand='direct'>
   <sequence>GTTGATTCCCG</sequence>
  </segment>
  <segment type='site' id='PMSIT.BE_DMEL.005251.13' length='11' chromosome='2L' location='2457293' strand='direct'>
   <sequence>CCGATTTCCCT</sequence>
  </segment>
  <segment type='site' id='PMSIT.BE_DMEL.006285.14' length='11' chromosome='2L' location='15475290' strand='revcomp'>
   <sequence>AAAGTTTCCCA</sequence>
  </segment>
  <segment type='site' id='PMSIT.BE_DMEL.006286.15' length='11' chromosome='2L' location='15475491' strand='revcomp'>
   <sequence>TGGAATTCCGC</sequence>
  </segment>
  <segment type='site' id='PMSIT.BE_DMEL.006287.16' length='11' chromosome='2L' location='15475579' strand='direct'>
   <sequence>TCGTATTTCCC</sequence>
  </segment>
  <segment type='site' id='PMSIT.BE_DMEL.006288.17' length='11' chromosome='2L' location='15475645' strand='direct'>
   <sequence>GTAATTTCCCA</sequence>
  </segment>
  <segment type='site' id='PMSIT.BE_DMEL.006289.18' length='11' chromosome='2L' location='15475723' strand='direct'>
   <sequence>GGGGTTTTCTA</sequence>
  </segment>
  <segment type='site' id='PMSIT.BE_DMEL.006290.19' length='11' chromosome='2L' location='15475756' strand='direct'>
   <sequence>TGGGTCATCCC</sequence>
  </segment>
  <segment type='site' id='PMSIT.BE_DMEL.006291.20' length='11' chromosome='2L' location='15475922' strand='revcomp'>
   <sequence>CGGATTTTCCC</sequence>
  </segment>
  <segment type='site' id='PMSIT.BE_DMEL.006292.21' length='11' chromosome='2L' location='15475987' strand='direct'>
   <sequence>CGGGTTGGCCC</sequence>
  </segment>
  <segment type='site' id='PMSIT.BE_DMEL.006293.22' length='11' chromosome='2L' location='15476028' strand='direct'>
   <sequence>GTGTTTTCCGC</sequence>
  </segment>
  <segment type='site' id='PMSIT.BE_DMEL.006294.23' length='11' chromosome='2L' location='15476062' strand='revcomp'>
   <sequence>GGGTTTTCCCC</sequence>
  </segment>
  <segment type='site' id='PMSIT.BE_DMEL.006449.24' length='11' chromosome='2R' location='18552808' strand='direct'>
   <sequence>TGACTTTTCGC</sequence>
  </segment>
  <segment type='site' id='PMSIT.BE_DMEL.006450.25' length='11' chromosome='2R' location='18552830' strand='direct'>
   <sequence>TGGATTTTCGG</sequence>
  </segment>
  <segment type='site' id='PMSIT.BE_DMEL.006451.26' length='11' chromosome='2R' location='18552862' strand='direct'>
   <sequence>GCGATTTTCTC</sequence>
  </segment>
  <segment type='site' id='PMSIT.BE_DMEL.002699.27' length='11' chromosome='2R' location='18553607' strand='direct'>
   <sequence>GGCATTTTCCC</sequence>
  </segment>
  <segment type='site' id='PMSIT.BE_DMEL.002701.28' length='11' chromosome='2R' location='18553625' strand='revcomp'>
   <sequence>TGGGTTTTCTC</sequence>
  </segment>
  <segment type='site' id='PMSIT.BE_DMEL.002703.29' length='11' chromosome='2R' location='18553656' strand='revcomp'>
   <sequence>TGGATTTTTCT</sequence>
  </segment>
  <segment type='site' id='PMSIT.BE_DMEL.002705.30' length='11' chromosome='2R' location='18553750' strand='revcomp'>
   <sequence>GGGGATTTCGA</sequence>
  </segment>
  <segment type='site' id='PMSIT.BE_DMEL.000901.31' length='11' chromosome='3L' location='1445374' strand='revcomp'>
   <sequence>GTGTTTTTCCC</sequence>
  </segment>
  <segment type='site' id='PMSIT.BE_DMEL.000905.32' length='11' chromosome='3L' location='1445510' strand='direct'>
   <sequence>CGGAATTTCCT</sequence>
  </segment>
  <segment type='site' id='PMSIT.BE_DMEL.000909.33' length='11' chromosome='3L' location='1445569' strand='revcomp'>
   <sequence>GGGAATTTCCC</sequence>
  </segment>
  <segment type='site' id='PMSIT.BE_DMEL.000910.34' length='11' chromosome='3L' location='1445616' strand='revcomp'>
   <sequence>GGGCTTTTCCC</sequence>
  </segment>
  <segment type='site' id='PMSIT.BE_DMEL.006272.35' length='11' chromosome='3R' location='2581101' strand='direct'>
   <sequence>TTGGTTTTCCC</sequence>
  </segment>
  <segment type='site' id='PMSIT.BE_DMEL.006274.36' length='11' chromosome='3R' location='2581171' strand='revcomp'>
   <sequence>TGGGTTTCTCC</sequence>
  </segment>
  <segment type='site' id='PMSIT.BE_DMEL.006277.37' length='11' chromosome='3R' location='2581220' strand='direct'>
   <sequence>TGGATTTCCCA</sequence>
  </segment>
 </group>
</smallbismark>