<?xml version='1.0' encoding='UTF-8'?>
<smallbismark>
 <comment name='WARNING'>This is a draft version of small-BiSMark. Specification is the subject to change!</comment>
 <group name='best hits of motifs/EIP74EF_imm.xml on footprints/EIP74EF_footprints.xml (flank_length=14)' size='8'>
  <segment type='site' id='PMSIT.BE_DMEL.004525.0' length='11' chromosome='3L' location='15622650' strand='revcomp'>
   <sequence>CAAAAGGAAAT</sequence>
  </segment>
  <segment type='site' id='PMSIT.BE_DMEL.004526.1' length='11' chromosome='3L' location='15622698' strand='direct'>
   <sequence>AACAAGGAAGT</sequence>
  </segment>
  <segment type='site' id='PMSIT.BE_DMEL.004529.2' length='11' chromosome='3L' location='15622832' strand='revcomp'>
   <sequence>ATCAAGGAAGA</sequence>
  </segment>
  <segment type='site' id='PMSIT.BE_DMEL.004530.3' length='11' chromosome='3L' location='15622932' strand='revcomp'>
   <sequence>ATACCAGAAGT</sequence>
  </segment>
  <segment type='site' id='PMSIT.BE_DMEL.004533.4' length='11' chromosome='3L' location='15623034' strand='direct'>
   <sequence>ACTCAGGAAGC</sequence>
  </segment>
  <segment type='site' id='PMSIT.BE_DMEL.001167.5' length='11' chromosome='3L' location='17552797' strand='revcomp'>
   <sequence>CAACAGCAATT</sequence>
  </segment>
  <segment type='site' id='PMSIT.BE_DMEL.001168.6' length='11' chromosome='3L' location='17552911' strand='direct'>
   <sequence>GATCAGGAATT</sequence>
  </segment>
  <segment type='site' id='PMSIT.BE_DMEL.001169.7' length='11' chromosome='3L' location='17553006' strand='revcomp'>
   <sequence>TAACCGGAAGT</sequence>
  </segment>
 </group>
</smallbismark>