<?xml version='1.0' encoding='UTF-8'?>
<smallbismark>
 <comment name='WARNING'>This is a draft version of small-BiSMark. Specification is the subject to change!</comment>
 <group name='best hits of motifs/EMS_imm.xml on footprints/EMS_footprints.xml (flank_length=12)' size='3'>
  <segment type='site' id='PMSIT.BE_DMEL.003207.0' length='7' chromosome='3R' location='9723848' strand='direct'>
   <sequence>ATAATGA</sequence>
  </segment>
  <segment type='site' id='PMSIT.BE_DMEL.003210.1' length='7' chromosome='3R' location='9724364' strand='direct'>
   <sequence>TTTATGA</sequence>
  </segment>
  <segment type='site' id='PMSIT.BE_DMEL.003212.2' length='7' chromosome='3R' location='9724528' strand='direct'>
   <sequence>TTTATGA</sequence>
  </segment>
 </group>
</smallbismark>