<?xml version='1.0' encoding='UTF-8'?>
<smallbismark>
 <comment name='WARNING'>This is a draft version of small-BiSMark. Specification is the subject to change!</comment>
 <group name='best hits of motifs/EN_imm.xml on footprints/EN_footprints.xml (flank_length=6)' size='56'>
  <segment type='site' id='PMSIT.BE_DMEL.006317.0' length='8' chromosome='X' location='1980314' strand='direct'>
   <sequence>ATAATTAT</sequence>
  </segment>
  <segment type='site' id='PMSIT.BE_DMEL.006317.1' length='8' chromosome='X' location='1980334' strand='direct'>
   <sequence>ATAATTAT</sequence>
  </segment>
  <segment type='site' id='PMSIT.BE_DMEL.006317.2' length='8' chromosome='X' location='1980353' strand='direct'>
   <sequence>ATAATTAT</sequence>
  </segment>
  <segment type='site' id='PMSIT.BE_DMEL.006318.3' length='8' chromosome='X' location='1980423' strand='direct'>
   <sequence>TTAATTAA</sequence>
  </segment>
  <segment type='site' id='PMSIT.BE_DMEL.006312.4' length='8' chromosome='X' location='1981456' strand='revcomp'>
   <sequence>ATAATTAC</sequence>
  </segment>
  <segment type='site' id='PMSIT.BE_DMEL.006313.5' length='8' chromosome='X' location='1981516' strand='direct'>
   <sequence>TAGATTGT</sequence>
  </segment>
  <segment type='site' id='PMSIT.BE_DMEL.006314.6' length='8' chromosome='X' location='1981561' strand='revcomp'>
   <sequence>ATCATTAG</sequence>
  </segment>
  <segment type='site' id='PMSIT.BE_DMEL.006315.7' length='8' chromosome='X' location='1981645' strand='revcomp'>
   <sequence>TTACTTAC</sequence>
  </segment>
  <segment type='site' id='PMSIT.BE_DMEL.006316.8' length='8' chromosome='X' location='1981712' strand='direct'>
   <sequence>TTGATTTG</sequence>
  </segment>
  <segment type='site' id='PMSIT.BE_DMEL.006306.9' length='8' chromosome='X' location='1996429' strand='direct'>
   <sequence>TAAATTAC</sequence>
  </segment>
  <segment type='site' id='PMSIT.BE_DMEL.006307.10' length='8' chromosome='X' location='1996503' strand='revcomp'>
   <sequence>TTAAATGT</sequence>
  </segment>
  <segment type='site' id='PMSIT.BE_DMEL.006308.11' length='8' chromosome='X' location='1996591' strand='direct'>
   <sequence>ATGATTGT</sequence>
  </segment>
  <segment type='site' id='PMSIT.BE_DMEL.006309.12' length='8' chromosome='X' location='1996657' strand='revcomp'>
   <sequence>ATAATTGC</sequence>
  </segment>
  <segment type='site' id='PMSIT.BE_DMEL.006310.13' length='8' chromosome='X' location='1996749' strand='direct'>
   <sequence>TTGATTGA</sequence>
  </segment>
  <segment type='site' id='PMSIT.BE_DMEL.006311.14' length='8' chromosome='X' location='1996773' strand='direct'>
   <sequence>CTAATTGG</sequence>
  </segment>
  <segment type='site' id='PMSIT.BE_DMEL.006436.15' length='8' chromosome='X' location='2033462' strand='revcomp'>
   <sequence>TTAAGTAG</sequence>
  </segment>
  <segment type='site' id='PMSIT.BE_DMEL.006437.16' length='8' chromosome='X' location='2033492' strand='direct'>
   <sequence>CTGATGAG</sequence>
  </segment>
  <segment type='site' id='PMSIT.BE_DMEL.005351.17' length='8' chromosome='X' location='12464430' strand='revcomp'>
   <sequence>TGGATGGG</sequence>
  </segment>
  <segment type='site' id='PMSIT.BE_DMEL.006408.18' length='8' chromosome='2L' location='2471215' strand='direct'>
   <sequence>CTAATTTG</sequence>
  </segment>
  <segment type='site' id='PMSIT.BE_DMEL.006409.19' length='8' chromosome='2L' location='2471226' strand='direct'>
   <sequence>ATAATTGT</sequence>
  </segment>
  <segment type='site' id='PMSIT.BE_DMEL.006410.20' length='8' chromosome='2L' location='2471427' strand='direct'>
   <sequence>TTAATTAC</sequence>
  </segment>
  <segment type='site' id='PMSIT.BE_DMEL.006411.21' length='8' chromosome='2L' location='2471447' strand='direct'>
   <sequence>TTAATTGA</sequence>
  </segment>
  <segment type='site' id='PMSIT.BE_DMEL.006412.22' length='8' chromosome='2L' location='2471459' strand='direct'>
   <sequence>TTAATTAT</sequence>
  </segment>
  <segment type='site' id='PMSIT.BE_DMEL.005337.23' length='8' chromosome='2R' location='1954984' strand='revcomp'>
   <sequence>CTGATTTC</sequence>
  </segment>
  <segment type='site' id='PMSIT.BE_DMEL.005338.24' length='8' chromosome='2R' location='1955024' strand='direct'>
   <sequence>TCAATTGC</sequence>
  </segment>
  <segment type='site' id='PMSIT.BE_DMEL.005364.25' length='8' chromosome='2R' location='5827249' strand='direct'>
   <sequence>TTCATTAC</sequence>
  </segment>
  <segment type='site' id='PMSIT.BE_DMEL.005365.26' length='8' chromosome='2R' location='5827278' strand='revcomp'>
   <sequence>TAGATTAT</sequence>
  </segment>
  <segment type='site' id='PMSIT.BE_DMEL.005366.27' length='8' chromosome='2R' location='5827318' strand='direct'>
   <sequence>ATCATTTG</sequence>
  </segment>
  <segment type='site' id='PMSIT.BE_DMEL.006388.28' length='8' chromosome='2R' location='7041394' strand='direct'>
   <sequence>CTAATTAG</sequence>
  </segment>
  <segment type='site' id='PMSIT.BE_DMEL.006390.29' length='8' chromosome='2R' location='7041423' strand='direct'>
   <sequence>CTAATTGG</sequence>
  </segment>
  <segment type='site' id='PMSIT.BE_DMEL.006392.30' length='8' chromosome='2R' location='7041492' strand='direct'>
   <sequence>TTAATTGA</sequence>
  </segment>
  <segment type='site' id='PMSIT.BE_DMEL.006376.31' length='8' chromosome='2R' location='7044523' strand='direct'>
   <sequence>CTAATTGT</sequence>
  </segment>
  <segment type='site' id='PMSIT.BE_DMEL.006380.32' length='8' chromosome='2R' location='7044644' strand='revcomp'>
   <sequence>TTAATTGA</sequence>
  </segment>
  <segment type='site' id='PMSIT.BE_DMEL.006385.33' length='8' chromosome='2R' location='7044698' strand='direct'>
   <sequence>TTAATTGA</sequence>
  </segment>
  <segment type='site' id='PMSIT.BE_DMEL.005349.34' length='8' chromosome='2R' location='16705729' strand='revcomp'>
   <sequence>GTGAGTGG</sequence>
  </segment>
  <segment type='site' id='PMSIT.BE_DMEL.005350.35' length='8' chromosome='2R' location='16705760' strand='revcomp'>
   <sequence>TTAATTGG</sequence>
  </segment>
  <segment type='site' id='PMSIT.BE_DMEL.005359.36' length='8' chromosome='3L' location='5552753' strand='direct'>
   <sequence>TTAATTGC</sequence>
  </segment>
  <segment type='site' id='PMSIT.BE_DMEL.005360.37' length='8' chromosome='3L' location='5552856' strand='direct'>
   <sequence>GTGATTAG</sequence>
  </segment>
  <segment type='site' id='PMSIT.BE_DMEL.005340.38' length='8' chromosome='3L' location='6331379' strand='direct'>
   <sequence>TTGATTAG</sequence>
  </segment>
  <segment type='site' id='PMSIT.BE_DMEL.005341.39' length='8' chromosome='3L' location='6331448' strand='direct'>
   <sequence>GTCATTGC</sequence>
  </segment>
  <segment type='site' id='PMSIT.BE_DMEL.006435.40' length='8' chromosome='3L' location='11533305' strand='revcomp'>
   <sequence>TAAATTAG</sequence>
  </segment>
  <segment type='site' id='PMSIT.BE_DMEL.005108.41' length='8' chromosome='3R' location='2692105' strand='revcomp'>
   <sequence>TTAATTTT</sequence>
  </segment>
  <segment type='site' id='PMSIT.BE_DMEL.006433.42' length='8' chromosome='3R' location='7799798' strand='revcomp'>
   <sequence>ATGATAAG</sequence>
  </segment>
  <segment type='site' id='PMSIT.BE_DMEL.006434.43' length='8' chromosome='3R' location='7799872' strand='direct'>
   <sequence>CAAAGTGG</sequence>
  </segment>
  <segment type='site' id='PMSIT.BE_DMEL.002446.44' length='8' chromosome='3R' location='12526805' strand='revcomp'>
   <sequence>CTAATTTG</sequence>
  </segment>
  <segment type='site' id='PMSIT.BE_DMEL.002454.45' length='8' chromosome='3R' location='12526983' strand='direct'>
   <sequence>ATGATCAC</sequence>
  </segment>
  <segment type='site' id='PMSIT.BE_DMEL.005378.46' length='8' chromosome='3R' location='12599167' strand='revcomp'>
   <sequence>TTAATGGC</sequence>
  </segment>
  <segment type='site' id='PMSIT.BE_DMEL.005380.47' length='8' chromosome='3R' location='12599243' strand='revcomp'>
   <sequence>CTAATGAG</sequence>
  </segment>
  <segment type='site' id='PMSIT.BE_DMEL.005384.48' length='8' chromosome='3R' location='12599335' strand='direct'>
   <sequence>ATGATTGT</sequence>
  </segment>
  <segment type='site' id='PMSIT.BE_DMEL.006438.49' length='8' chromosome='3R' location='13210963' strand='revcomp'>
   <sequence>TTGATGTG</sequence>
  </segment>
  <segment type='site' id='PMSIT.BE_DMEL.006439.50' length='8' chromosome='3R' location='13211025' strand='revcomp'>
   <sequence>TTTATTGC</sequence>
  </segment>
  <segment type='site' id='PMSIT.BE_DMEL.005352.51' length='8' chromosome='3R' location='13521053' strand='revcomp'>
   <sequence>CAAATCGC</sequence>
  </segment>
  <segment type='site' id='PMSIT.BE_DMEL.005353.52' length='8' chromosome='3R' location='13521095' strand='revcomp'>
   <sequence>TTCATTGA</sequence>
  </segment>
  <segment type='site' id='PMSIT.BE_DMEL.005354.53' length='8' chromosome='3R' location='21067348' strand='revcomp'>
   <sequence>AAGATTGT</sequence>
  </segment>
  <segment type='site' id='PMSIT.BE_DMEL.005355.54' length='8' chromosome='3R' location='21067370' strand='direct'>
   <sequence>TTAATTAG</sequence>
  </segment>
  <segment type='site' id='PMSIT.BE_DMEL.005356.55' length='8' chromosome='3R' location='21067389' strand='revcomp'>
   <sequence>TTAATTCC</sequence>
  </segment>
  <segment type='site' id='PMSIT.BE_DMEL.006198.56' length='8' chromosome='4' location='80108' strand='revcomp'>
   <sequence>GTAATTGA</sequence>
  </segment>
  <segment type='site' id='PMSIT.BE_DMEL.006199.57' length='8' chromosome='4' location='80674' strand='direct'>
   <sequence>TTAATTAG</sequence>
  </segment>
 </group>
</smallbismark>