<?xml version='1.0' encoding='UTF-8'?>
<smallbismark>
 <comment name='WARNING'>This is a draft version of small-BiSMark. Specification is the subject to change!</comment>
 <group name='best hits of motifs/EVE_imm.xml on footprints/EVE_footprints.xml (flank_length=9)' size='20'>
  <segment type='site' id='PMSIT.BE_DMEL.001787.0' length='9' chromosome='2R' location='5485763' strand='revcomp'>
   <sequence>CCATAATAT</sequence>
  </segment>
  <segment type='site' id='PMSIT.BE_DMEL.001789.1' length='9' chromosome='2R' location='5485799' strand='revcomp'>
   <sequence>AAATTCGCG</sequence>
  </segment>
  <segment type='site' id='PMSIT.BE_DMEL.002761.2' length='9' chromosome='2R' location='5490942' strand='direct'>
   <sequence>TCGTTATCG</sequence>
  </segment>
  <segment type='site' id='PMSIT.BE_DMEL.002764.3' length='9' chromosome='2R' location='5490998' strand='direct'>
   <sequence>CGATTAGCA</sequence>
  </segment>
  <segment type='site' id='PMSIT.BE_DMEL.006375.4' length='9' chromosome='2R' location='7044530' strand='revcomp'>
   <sequence>AAATTAAAA</sequence>
  </segment>
  <segment type='site' id='PMSIT.BE_DMEL.006378.5' length='9' chromosome='2R' location='7044645' strand='direct'>
   <sequence>CAATTAACC</sequence>
  </segment>
  <segment type='site' id='PMSIT.BE_DMEL.006384.6' length='9' chromosome='2R' location='7044696' strand='revcomp'>
   <sequence>CAATTAAAT</sequence>
  </segment>
  <segment type='site' id='PMSIT.BE_DMEL.006351.7' length='9' chromosome='2R' location='15777851' strand='direct'>
   <sequence>ACATTAAAA</sequence>
  </segment>
  <segment type='site' id='PMSIT.BE_DMEL.006354.8' length='9' chromosome='2R' location='15777957' strand='revcomp'>
   <sequence>TGATTAAAG</sequence>
  </segment>
  <segment type='site' id='PMSIT.BE_DMEL.006355.9' length='9' chromosome='2R' location='15778007' strand='revcomp'>
   <sequence>ACATTAAAG</sequence>
  </segment>
  <segment type='site' id='PMSIT.BE_DMEL.003454.10' length='9' chromosome='2R' location='20564536' strand='revcomp'>
   <sequence>CAATTATGA</sequence>
  </segment>
  <segment type='site' id='PMSIT.BE_DMEL.003457.11' length='9' chromosome='2R' location='20564636' strand='direct'>
   <sequence>CCATTAACA</sequence>
  </segment>
  <segment type='site' id='PMSIT.BE_DMEL.003460.12' length='9' chromosome='2R' location='20564762' strand='direct'>
   <sequence>CCATTACAA</sequence>
  </segment>
  <segment type='site' id='PMSIT.BE_DMEL.006147.13' length='9' chromosome='3R' location='12559901' strand='revcomp'>
   <sequence>TCGTTAAAA</sequence>
  </segment>
  <segment type='site' id='PMSIT.BE_DMEL.006150.14' length='9' chromosome='3R' location='12560084' strand='revcomp'>
   <sequence>ACATTATCA</sequence>
  </segment>
  <segment type='site' id='PMSIT.BE_DMEL.000264.15' length='9' chromosome='3R' location='12636898' strand='revcomp'>
   <sequence>CAGTTACCG</sequence>
  </segment>
  <segment type='site' id='PMSIT.BE_DMEL.000266.16' length='9' chromosome='3R' location='12636919' strand='direct'>
   <sequence>AAATAAAAA</sequence>
  </segment>
  <segment type='site' id='PMSIT.BE_DMEL.000268.17' length='9' chromosome='3R' location='12636946' strand='revcomp'>
   <sequence>TCATAATAT</sequence>
  </segment>
  <segment type='site' id='PMSIT.BE_DMEL.000269.18' length='9' chromosome='3R' location='12636990' strand='revcomp'>
   <sequence>TGATTTACA</sequence>
  </segment>
  <segment type='site' id='PMSIT.BE_DMEL.002343.19' length='9' chromosome='3R' location='17205864' strand='revcomp'>
   <sequence>CAATTAAGG</sequence>
  </segment>
 </group>
</smallbismark>