<?xml version='1.0' encoding='UTF-8'?>
<smallbismark>
 <comment name='WARNING'>This is a draft version of small-BiSMark. Specification is the subject to change!</comment>
 <group name='best hits of motifs/FTZ_imm.xml on footprints/FTZ_footprints.xml (flank_length=7)' size='66'>
  <segment type='site' id='PMSIT.BE_DMEL.002358.0' length='9' chromosome='2L' location='21840983' strand='direct'>
   <sequence>GTGCATTAG</sequence>
  </segment>
  <segment type='site' id='PMSIT.BE_DMEL.002359.1' length='9' chromosome='2L' location='21841085' strand='direct'>
   <sequence>TTTCATAAT</sequence>
  </segment>
  <segment type='site' id='PMSIT.BE_DMEL.002360.2' length='9' chromosome='2L' location='21841134' strand='revcomp'>
   <sequence>GACACTTTA</sequence>
  </segment>
  <segment type='site' id='PMSIT.BE_DMEL.002361.3' length='9' chromosome='2L' location='21841175' strand='revcomp'>
   <sequence>GCTAATTTG</sequence>
  </segment>
  <segment type='site' id='PMSIT.BE_DMEL.006389.4' length='9' chromosome='2R' location='7041394' strand='revcomp'>
   <sequence>GCTAATTAG</sequence>
  </segment>
  <segment type='site' id='PMSIT.BE_DMEL.006391.5' length='9' chromosome='2R' location='7041423' strand='revcomp'>
   <sequence>GCCAATTAG</sequence>
  </segment>
  <segment type='site' id='PMSIT.BE_DMEL.006393.6' length='9' chromosome='2R' location='7041492' strand='revcomp'>
   <sequence>GTCAATTAA</sequence>
  </segment>
  <segment type='site' id='PMSIT.BE_DMEL.006394.7' length='9' chromosome='2R' location='7041525' strand='revcomp'>
   <sequence>AGGAATTAA</sequence>
  </segment>
  <segment type='site' id='PMSIT.BE_DMEL.006395.8' length='9' chromosome='2R' location='7041613' strand='direct'>
   <sequence>GACCATAAA</sequence>
  </segment>
  <segment type='site' id='PMSIT.BE_DMEL.006396.9' length='9' chromosome='2R' location='7041624' strand='direct'>
   <sequence>AGCACTTAA</sequence>
  </segment>
  <segment type='site' id='PMSIT.BE_DMEL.006397.10' length='9' chromosome='2R' location='7041636' strand='direct'>
   <sequence>GTCAATTAA</sequence>
  </segment>
  <segment type='site' id='PMSIT.BE_DMEL.006399.11' length='9' chromosome='2R' location='7041879' strand='direct'>
   <sequence>TCACATAAA</sequence>
  </segment>
  <segment type='site' id='PMSIT.BE_DMEL.006400.12' length='9' chromosome='2R' location='7042028' strand='revcomp'>
   <sequence>CACAATTAG</sequence>
  </segment>
  <segment type='site' id='PMSIT.BE_DMEL.006402.13' length='9' chromosome='2R' location='7042052' strand='revcomp'>
   <sequence>TGTCATAAA</sequence>
  </segment>
  <segment type='site' id='PMSIT.BE_DMEL.006377.14' length='9' chromosome='2R' location='7044643' strand='direct'>
   <sequence>TTCAATTAA</sequence>
  </segment>
  <segment type='site' id='PMSIT.BE_DMEL.006386.15' length='9' chromosome='2R' location='7044698' strand='revcomp'>
   <sequence>GTCAATTAA</sequence>
  </segment>
  <segment type='site' id='PMSIT.BE_DMEL.003455.16' length='9' chromosome='2R' location='20564538' strand='revcomp'>
   <sequence>CGCAATTAT</sequence>
  </segment>
  <segment type='site' id='PMSIT.BE_DMEL.003458.17' length='9' chromosome='2R' location='20564634' strand='direct'>
   <sequence>AACCATTAA</sequence>
  </segment>
  <segment type='site' id='PMSIT.BE_DMEL.003461.18' length='9' chromosome='2R' location='20564760' strand='direct'>
   <sequence>GGCCATTAC</sequence>
  </segment>
  <segment type='site' id='PMSIT.BE_DMEL.004895.19' length='9' chromosome='3R' location='2684553' strand='direct'>
   <sequence>TGTCTTTTA</sequence>
  </segment>
  <segment type='site' id='PMSIT.BE_DMEL.004897.20' length='9' chromosome='3R' location='2684603' strand='direct'>
   <sequence>TGCCATTAC</sequence>
  </segment>
  <segment type='site' id='PMSIT.BE_DMEL.004899.21' length='9' chromosome='3R' location='2684776' strand='direct'>
   <sequence>TCGCATTAG</sequence>
  </segment>
  <segment type='site' id='PMSIT.BE_DMEL.004902.22' length='9' chromosome='3R' location='2684881' strand='revcomp'>
   <sequence>ATCCATAAA</sequence>
  </segment>
  <segment type='site' id='PMSIT.BE_DMEL.004904.23' length='9' chromosome='3R' location='2684924' strand='revcomp'>
   <sequence>GGCAATTAA</sequence>
  </segment>
  <segment type='site' id='PMSIT.BE_DMEL.004905.24' length='9' chromosome='3R' location='2684992' strand='direct'>
   <sequence>CATCATAAA</sequence>
  </segment>
  <segment type='site' id='PMSIT.BE_DMEL.004908.25' length='9' chromosome='3R' location='2685244' strand='revcomp'>
   <sequence>GTCCATTAA</sequence>
  </segment>
  <segment type='site' id='PMSIT.BE_DMEL.004912.26' length='9' chromosome='3R' location='2685339' strand='direct'>
   <sequence>AGGTATTAA</sequence>
  </segment>
  <segment type='site' id='PMSIT.BE_DMEL.004913.27' length='9' chromosome='3R' location='2685371' strand='direct'>
   <sequence>CTTCATTAT</sequence>
  </segment>
  <segment type='site' id='PMSIT.BE_DMEL.004915.28' length='9' chromosome='3R' location='2685474' strand='revcomp'>
   <sequence>AACAATTTT</sequence>
  </segment>
  <segment type='site' id='PMSIT.BE_DMEL.004917.29' length='9' chromosome='3R' location='2685546' strand='direct'>
   <sequence>AGGTATTAG</sequence>
  </segment>
  <segment type='site' id='PMSIT.BE_DMEL.004919.30' length='9' chromosome='3R' location='2685576' strand='direct'>
   <sequence>TGACATTAT</sequence>
  </segment>
  <segment type='site' id='PMSIT.BE_DMEL.004920.31' length='9' chromosome='3R' location='2685629' strand='direct'>
   <sequence>AGCCATCAA</sequence>
  </segment>
  <segment type='site' id='PMSIT.BE_DMEL.004922.32' length='9' chromosome='3R' location='2685724' strand='direct'>
   <sequence>GGCCATAAG</sequence>
  </segment>
  <segment type='site' id='PMSIT.BE_DMEL.004923.33' length='9' chromosome='3R' location='2685781' strand='direct'>
   <sequence>GGTCATCAT</sequence>
  </segment>
  <segment type='site' id='PMSIT.BE_DMEL.004925.34' length='9' chromosome='3R' location='2685805' strand='direct'>
   <sequence>GACAATTCG</sequence>
  </segment>
  <segment type='site' id='PMSIT.BE_DMEL.004928.35' length='9' chromosome='3R' location='2685829' strand='direct'>
   <sequence>AGCAATTAC</sequence>
  </segment>
  <segment type='site' id='PMSIT.BE_DMEL.004932.36' length='9' chromosome='3R' location='2685890' strand='direct'>
   <sequence>GGCAATTCA</sequence>
  </segment>
  <segment type='site' id='PMSIT.BE_DMEL.004938.37' length='9' chromosome='3R' location='2686030' strand='revcomp'>
   <sequence>ACCAATCAA</sequence>
  </segment>
  <segment type='site' id='PMSIT.BE_DMEL.004942.38' length='9' chromosome='3R' location='2686067' strand='direct'>
   <sequence>ACCCATTGA</sequence>
  </segment>
  <segment type='site' id='PMSIT.BE_DMEL.004944.39' length='9' chromosome='3R' location='2686185' strand='direct'>
   <sequence>CTTCATTTA</sequence>
  </segment>
  <segment type='site' id='PMSIT.BE_DMEL.006091.40' length='9' chromosome='3R' location='2759100' strand='revcomp'>
   <sequence>AGCAATTAA</sequence>
  </segment>
  <segment type='site' id='PMSIT.BE_DMEL.006330.41' length='9' chromosome='3R' location='2823457' strand='revcomp'>
   <sequence>GTCCATTAA</sequence>
  </segment>
  <segment type='site' id='PMSIT.BE_DMEL.006331.42' length='9' chromosome='3R' location='2823468' strand='revcomp'>
   <sequence>TACTATTAG</sequence>
  </segment>
  <segment type='site' id='PMSIT.BE_DMEL.006332.43' length='9' chromosome='3R' location='2823487' strand='revcomp'>
   <sequence>TGACATAAG</sequence>
  </segment>
  <segment type='site' id='PMSIT.BE_DMEL.006441.44' length='9' chromosome='3R' location='2824556' strand='revcomp'>
   <sequence>CGTCATAAA</sequence>
  </segment>
  <segment type='site' id='PMSIT.BE_DMEL.006442.45' length='9' chromosome='3R' location='2824594' strand='revcomp'>
   <sequence>CGCAATCAG</sequence>
  </segment>
  <segment type='site' id='PMSIT.BE_DMEL.006444.46' length='9' chromosome='3R' location='2824637' strand='revcomp'>
   <sequence>GGCCGTAAA</sequence>
  </segment>
  <segment type='site' id='PMSIT.BE_DMEL.006445.47' length='9' chromosome='3R' location='2824646' strand='revcomp'>
   <sequence>GATCATAAA</sequence>
  </segment>
  <segment type='site' id='PMSIT.BE_DMEL.006326.48' length='9' chromosome='3R' location='2825825' strand='direct'>
   <sequence>ATCAATTAA</sequence>
  </segment>
  <segment type='site' id='PMSIT.BE_DMEL.006327.49' length='9' chromosome='3R' location='2825835' strand='revcomp'>
   <sequence>TACAATTAT</sequence>
  </segment>
  <segment type='site' id='PMSIT.BE_DMEL.006328.50' length='9' chromosome='3R' location='2826058' strand='revcomp'>
   <sequence>AGTACTTAA</sequence>
  </segment>
  <segment type='site' id='PMSIT.BE_DMEL.006329.51' length='9' chromosome='3R' location='2826129' strand='revcomp'>
   <sequence>GTTAATTAA</sequence>
  </segment>
  <segment type='site' id='PMSIT.BE_DMEL.006322.52' length='9' chromosome='3R' location='2827215' strand='direct'>
   <sequence>GCAAATTAA</sequence>
  </segment>
  <segment type='site' id='PMSIT.BE_DMEL.006323.53' length='9' chromosome='3R' location='2827243' strand='revcomp'>
   <sequence>TATTATTAA</sequence>
  </segment>
  <segment type='site' id='PMSIT.BE_DMEL.006324.54' length='9' chromosome='3R' location='2827249' strand='revcomp'>
   <sequence>TGTGATTAT</sequence>
  </segment>
  <segment type='site' id='PMSIT.BE_DMEL.006325.55' length='9' chromosome='3R' location='2827334' strand='direct'>
   <sequence>TGAAATTAA</sequence>
  </segment>
  <segment type='site' id='PMSIT.BE_DMEL.002447.56' length='9' chromosome='3R' location='12526877' strand='revcomp'>
   <sequence>GGTCATAAA</sequence>
  </segment>
  <segment type='site' id='PMSIT.BE_DMEL.002451.57' length='9' chromosome='3R' location='12526980' strand='revcomp'>
   <sequence>GATCATTAA</sequence>
  </segment>
  <segment type='site' id='PMSIT.BE_DMEL.002456.58' length='9' chromosome='3R' location='12527012' strand='revcomp'>
   <sequence>AAACATTAA</sequence>
  </segment>
  <segment type='site' id='PMSIT.BE_DMEL.002458.59' length='9' chromosome='3R' location='12527041' strand='direct'>
   <sequence>ACACATAAA</sequence>
  </segment>
  <segment type='site' id='PMSIT.BE_DMEL.005376.60' length='9' chromosome='3R' location='12599166' strand='direct'>
   <sequence>GGCCATTAA</sequence>
  </segment>
  <segment type='site' id='PMSIT.BE_DMEL.005379.61' length='9' chromosome='3R' location='12599242' strand='direct'>
   <sequence>GCTCATTAG</sequence>
  </segment>
  <segment type='site' id='PMSIT.BE_DMEL.005383.62' length='9' chromosome='3R' location='12599312' strand='revcomp'>
   <sequence>GCTAATAAA</sequence>
  </segment>
  <segment type='site' id='PMSIT.BE_DMEL.005385.63' length='9' chromosome='3R' location='12599332' strand='revcomp'>
   <sequence>AATCATAAT</sequence>
  </segment>
  <segment type='site' id='PMSIT.BE_DMEL.005388.64' length='9' chromosome='3R' location='12599407' strand='revcomp'>
   <sequence>GGTAATATA</sequence>
  </segment>
  <segment type='site' id='PMSIT.BE_DMEL.005389.65' length='9' chromosome='3R' location='12599435' strand='direct'>
   <sequence>TTTCATTTA</sequence>
  </segment>
 </group>
</smallbismark>