<?xml version='1.0' encoding='UTF-8'?>
<smallbismark>
 <comment name='WARNING'>This is a draft version of small-BiSMark. Specification is the subject to change!</comment>
 <group name='best hits of motifs/GT_imm.xml on footprints/GT_footprints.xml (flank_length=11)' size='8'>
  <segment type='site' id='PMSIT.BE_DMEL.004119.0' length='12' chromosome='2R' location='5489687' strand='revcomp'>
   <sequence>ATTGACTAATAA</sequence>
  </segment>
  <segment type='site' id='PMSIT.BE_DMEL.004121.1' length='12' chromosome='2R' location='5489749' strand='revcomp'>
   <sequence>ATGCTGCAATAA</sequence>
  </segment>
  <segment type='site' id='PMSIT.BE_DMEL.004130.2' length='12' chromosome='2R' location='5490026' strand='direct'>
   <sequence>AACACATAATAA</sequence>
  </segment>
  <segment type='site' id='PMSIT.BE_DMEL.003700.3' length='12' chromosome='2R' location='20730907' strand='revcomp'>
   <sequence>ATGACGCAAGAA</sequence>
  </segment>
  <segment type='site' id='PMSIT.BE_DMEL.001066.4' length='12' chromosome='2R' location='20732896' strand='revcomp'>
   <sequence>GTTACGTAAAAT</sequence>
  </segment>
  <segment type='site' id='PMSIT.BE_DMEL.006044.5' length='12' chromosome='3L' location='20630777' strand='direct'>
   <sequence>AAAACGCACAAA</sequence>
  </segment>
  <segment type='site' id='PMSIT.BE_DMEL.006046.6' length='12' chromosome='3L' location='20630806' strand='direct'>
   <sequence>AAAAAGCAACAA</sequence>
  </segment>
  <segment type='site' id='PMSIT.BE_DMEL.000267.7' length='12' chromosome='3R' location='12636936' strand='revcomp'>
   <sequence>ATTACGTAAAAA</sequence>
  </segment>
 </group>
</smallbismark>