<?xml version='1.0' encoding='UTF-8'?>
<smallbismark>
 <comment name='WARNING'>This is a draft version of small-BiSMark. Specification is the subject to change!</comment>
 <group name='best hits of motifs/HB_imm.xml on footprints/HB_footprints.xml (flank_length=7)' size='103'>
  <segment type='site' id='PMSIT.BE_DMEL.006017.0' length='10' chromosome='2L' location='11456127' strand='revcomp'>
   <sequence>CCTGAAAAAC</sequence>
  </segment>
  <segment type='site' id='PMSIT.BE_DMEL.002267.1' length='10' chromosome='2R' location='5487362' strand='revcomp'>
   <sequence>AACAAAAAAC</sequence>
  </segment>
  <segment type='site' id='PMSIT.BE_DMEL.002268.2' length='10' chromosome='2R' location='5487382' strand='revcomp'>
   <sequence>CACAAAAATC</sequence>
  </segment>
  <segment type='site' id='PMSIT.BE_DMEL.002270.3' length='10' chromosome='2R' location='5487400' strand='revcomp'>
   <sequence>CGTAAAGAGA</sequence>
  </segment>
  <segment type='site' id='PMSIT.BE_DMEL.002272.4' length='10' chromosome='2R' location='5487437' strand='revcomp'>
   <sequence>AACAAAGAAG</sequence>
  </segment>
  <segment type='site' id='PMSIT.BE_DMEL.002273.5' length='10' chromosome='2R' location='5487485' strand='revcomp'>
   <sequence>CATAAAAATC</sequence>
  </segment>
  <segment type='site' id='PMSIT.BE_DMEL.002275.6' length='10' chromosome='2R' location='5487588' strand='revcomp'>
   <sequence>AACAAAAAAC</sequence>
  </segment>
  <segment type='site' id='PMSIT.BE_DMEL.002276.7' length='10' chromosome='2R' location='5487610' strand='revcomp'>
   <sequence>AGCGAAAAAA</sequence>
  </segment>
  <segment type='site' id='PMSIT.BE_DMEL.002278.8' length='10' chromosome='2R' location='5487627' strand='revcomp'>
   <sequence>GGGAAAAAAA</sequence>
  </segment>
  <segment type='site' id='PMSIT.BE_DMEL.002279.9' length='10' chromosome='2R' location='5487658' strand='revcomp'>
   <sequence>ATTAAAAAAT</sequence>
  </segment>
  <segment type='site' id='PMSIT.BE_DMEL.002280.10' length='10' chromosome='2R' location='5487761' strand='revcomp'>
   <sequence>CTTAAAAACG</sequence>
  </segment>
  <segment type='site' id='PMSIT.BE_DMEL.002281.11' length='10' chromosome='2R' location='5487810' strand='revcomp'>
   <sequence>CGTAAAAACG</sequence>
  </segment>
  <segment type='site' id='PMSIT.BE_DMEL.004131.12' length='10' chromosome='2R' location='5490020' strand='direct'>
   <sequence>CATAAAAACA</sequence>
  </segment>
  <segment type='site' id='PMSIT.BE_DMEL.004135.13' length='10' chromosome='2R' location='5490105' strand='revcomp'>
   <sequence>CGCAAAAAAA</sequence>
  </segment>
  <segment type='site' id='PMSIT.BE_DMEL.004137.14' length='10' chromosome='2R' location='5490188' strand='revcomp'>
   <sequence>GCCAAAAAAA</sequence>
  </segment>
  <segment type='site' id='PMSIT.BE_DMEL.006382.15' length='10' chromosome='2R' location='7044666' strand='direct'>
   <sequence>CTTGAAAAAC</sequence>
  </segment>
  <segment type='site' id='PMSIT.BE_DMEL.006387.16' length='10' chromosome='2R' location='7044717' strand='revcomp'>
   <sequence>GGCAAATAAA</sequence>
  </segment>
  <segment type='site' id='PMSIT.BE_DMEL.003683.17' length='10' chromosome='2R' location='20730384' strand='revcomp'>
   <sequence>AGCAAAAAAA</sequence>
  </segment>
  <segment type='site' id='PMSIT.BE_DMEL.003684.18' length='10' chromosome='2R' location='20730425' strand='direct'>
   <sequence>CAGAAAAGAA</sequence>
  </segment>
  <segment type='site' id='PMSIT.BE_DMEL.003687.19' length='10' chromosome='2R' location='20730468' strand='revcomp'>
   <sequence>CTGAAAAAAT</sequence>
  </segment>
  <segment type='site' id='PMSIT.BE_DMEL.003693.20' length='10' chromosome='2R' location='20730592' strand='revcomp'>
   <sequence>CGCGAAAAAA</sequence>
  </segment>
  <segment type='site' id='PMSIT.BE_DMEL.003694.21' length='10' chromosome='2R' location='20730620' strand='revcomp'>
   <sequence>CTGAAAAAAA</sequence>
  </segment>
  <segment type='site' id='PMSIT.BE_DMEL.003696.22' length='10' chromosome='2R' location='20730841' strand='direct'>
   <sequence>AACAAAAAAT</sequence>
  </segment>
  <segment type='site' id='PMSIT.BE_DMEL.005952.23' length='10' chromosome='3L' location='8638366' strand='direct'>
   <sequence>AAGAAAAAAA</sequence>
  </segment>
  <segment type='site' id='PMSIT.BE_DMEL.005953.24' length='10' chromosome='3L' location='8638434' strand='revcomp'>
   <sequence>CGCAAAAATC</sequence>
  </segment>
  <segment type='site' id='PMSIT.BE_DMEL.005954.25' length='10' chromosome='3L' location='8638469' strand='direct'>
   <sequence>AACATAAAAA</sequence>
  </segment>
  <segment type='site' id='PMSIT.BE_DMEL.005956.26' length='10' chromosome='3L' location='8638510' strand='revcomp'>
   <sequence>CATAAAAACA</sequence>
  </segment>
  <segment type='site' id='PMSIT.BE_DMEL.005957.27' length='10' chromosome='3L' location='8638534' strand='revcomp'>
   <sequence>GGGAAAAAAA</sequence>
  </segment>
  <segment type='site' id='PMSIT.BE_DMEL.005959.28' length='10' chromosome='3L' location='8638597' strand='revcomp'>
   <sequence>GCTAAAAATG</sequence>
  </segment>
  <segment type='site' id='PMSIT.BE_DMEL.005960.29' length='10' chromosome='3L' location='8638746' strand='direct'>
   <sequence>AACAAAAAAG</sequence>
  </segment>
  <segment type='site' id='PMSIT.BE_DMEL.005962.30' length='10' chromosome='3L' location='8638773' strand='revcomp'>
   <sequence>ACTAAAAATC</sequence>
  </segment>
  <segment type='site' id='PMSIT.BE_DMEL.005964.31' length='10' chromosome='3L' location='8638880' strand='revcomp'>
   <sequence>AACAAAAAAT</sequence>
  </segment>
  <segment type='site' id='PMSIT.BE_DMEL.005965.32' length='10' chromosome='3L' location='8638935' strand='revcomp'>
   <sequence>CACAAAGAAG</sequence>
  </segment>
  <segment type='site' id='PMSIT.BE_DMEL.005966.33' length='10' chromosome='3L' location='8639011' strand='revcomp'>
   <sequence>AATAAAAAAT</sequence>
  </segment>
  <segment type='site' id='PMSIT.BE_DMEL.005911.34' length='10' chromosome='3L' location='8639039' strand='revcomp'>
   <sequence>GCCAAAAAGA</sequence>
  </segment>
  <segment type='site' id='PMSIT.BE_DMEL.005913.35' length='10' chromosome='3L' location='8639057' strand='revcomp'>
   <sequence>CACAAAAAAG</sequence>
  </segment>
  <segment type='site' id='PMSIT.BE_DMEL.005915.36' length='10' chromosome='3L' location='8639082' strand='revcomp'>
   <sequence>GCTAAAAATT</sequence>
  </segment>
  <segment type='site' id='PMSIT.BE_DMEL.005917.37' length='10' chromosome='3L' location='8639105' strand='revcomp'>
   <sequence>CACAAAAATT</sequence>
  </segment>
  <segment type='site' id='PMSIT.BE_DMEL.005922.38' length='10' chromosome='3L' location='8639229' strand='revcomp'>
   <sequence>AATAAAAAAG</sequence>
  </segment>
  <segment type='site' id='PMSIT.BE_DMEL.005923.39' length='10' chromosome='3L' location='8639250' strand='revcomp'>
   <sequence>ATCAAAAAAA</sequence>
  </segment>
  <segment type='site' id='PMSIT.BE_DMEL.005942.40' length='10' chromosome='3L' location='8639709' strand='direct'>
   <sequence>CCCAAAAAGT</sequence>
  </segment>
  <segment type='site' id='PMSIT.BE_DMEL.005944.41' length='10' chromosome='3L' location='8639755' strand='direct'>
   <sequence>CAGAAAAAAC</sequence>
  </segment>
  <segment type='site' id='PMSIT.BE_DMEL.005949.42' length='10' chromosome='3L' location='8639879' strand='direct'>
   <sequence>CACAAAAAAC</sequence>
  </segment>
  <segment type='site' id='PMSIT.BE_DMEL.005950.43' length='10' chromosome='3L' location='8639903' strand='direct'>
   <sequence>AATAAAAAAG</sequence>
  </segment>
  <segment type='site' id='PMSIT.BE_DMEL.003611.44' length='10' chromosome='3L' location='8640813' strand='revcomp'>
   <sequence>CGTAAAAAAC</sequence>
  </segment>
  <segment type='site' id='PMSIT.BE_DMEL.003614.45' length='10' chromosome='3L' location='8640852' strand='revcomp'>
   <sequence>CTTAAAAAAC</sequence>
  </segment>
  <segment type='site' id='PMSIT.BE_DMEL.003621.46' length='10' chromosome='3L' location='8640956' strand='direct'>
   <sequence>AACAATAAAG</sequence>
  </segment>
  <segment type='site' id='PMSIT.BE_DMEL.003622.47' length='10' chromosome='3L' location='8641016' strand='revcomp'>
   <sequence>AACAAAAAAA</sequence>
  </segment>
  <segment type='site' id='PMSIT.BE_DMEL.003626.48' length='10' chromosome='3L' location='8641125' strand='direct'>
   <sequence>CTTAAAAAAC</sequence>
  </segment>
  <segment type='site' id='PMSIT.BE_DMEL.003628.49' length='10' chromosome='3L' location='8641168' strand='direct'>
   <sequence>GATAAAGAAG</sequence>
  </segment>
  <segment type='site' id='PMSIT.BE_DMEL.003631.50' length='10' chromosome='3L' location='8641230' strand='revcomp'>
   <sequence>CATAAAAAAT</sequence>
  </segment>
  <segment type='site' id='PMSIT.BE_DMEL.003632.51' length='10' chromosome='3L' location='8641247' strand='direct'>
   <sequence>GACAAAAAAG</sequence>
  </segment>
  <segment type='site' id='PMSIT.BE_DMEL.006029.52' length='10' chromosome='3L' location='20630381' strand='direct'>
   <sequence>TTTAAAAGTC</sequence>
  </segment>
  <segment type='site' id='PMSIT.BE_DMEL.006032.53' length='10' chromosome='3L' location='20630448' strand='revcomp'>
   <sequence>CATAAAAAGA</sequence>
  </segment>
  <segment type='site' id='PMSIT.BE_DMEL.006035.54' length='10' chromosome='3L' location='20630482' strand='direct'>
   <sequence>GCCAAAAAGA</sequence>
  </segment>
  <segment type='site' id='PMSIT.BE_DMEL.006043.55' length='10' chromosome='3L' location='20630772' strand='direct'>
   <sequence>GGGAAAAAAC</sequence>
  </segment>
  <segment type='site' id='PMSIT.BE_DMEL.006045.56' length='10' chromosome='3L' location='20630794' strand='direct'>
   <sequence>TGTAAAAAAG</sequence>
  </segment>
  <segment type='site' id='PMSIT.BE_DMEL.006047.57' length='10' chromosome='3L' location='20630930' strand='direct'>
   <sequence>CATAAAAAAG</sequence>
  </segment>
  <segment type='site' id='PMSIT.BE_DMEL.006048.58' length='10' chromosome='3L' location='20630960' strand='direct'>
   <sequence>TACAAAAAAC</sequence>
  </segment>
  <segment type='site' id='PMSIT.BE_DMEL.006049.59' length='10' chromosome='3L' location='20631100' strand='revcomp'>
   <sequence>GGCAAAAAAC</sequence>
  </segment>
  <segment type='site' id='PMSIT.BE_DMEL.006050.60' length='10' chromosome='3L' location='20631141' strand='direct'>
   <sequence>AATAAAAAAA</sequence>
  </segment>
  <segment type='site' id='PMSIT.BE_DMEL.006059.61' length='10' chromosome='3L' location='20631270' strand='direct'>
   <sequence>CCTAAAAAAC</sequence>
  </segment>
  <segment type='site' id='PMSIT.BE_DMEL.006065.62' length='10' chromosome='3L' location='20631437' strand='revcomp'>
   <sequence>CTTAAAAAAT</sequence>
  </segment>
  <segment type='site' id='PMSIT.BE_DMEL.006416.63' length='10' chromosome='3R' location='4520500' strand='direct'>
   <sequence>AACAAAAAAT</sequence>
  </segment>
  <segment type='site' id='PMSIT.BE_DMEL.006423.64' length='10' chromosome='3R' location='4520991' strand='direct'>
   <sequence>CGGGAAAAAG</sequence>
  </segment>
  <segment type='site' id='PMSIT.BE_DMEL.006427.65' length='10' chromosome='3R' location='4522758' strand='direct'>
   <sequence>ATTAAACAAC</sequence>
  </segment>
  <segment type='site' id='PMSIT.BE_DMEL.006428.66' length='10' chromosome='3R' location='4523970' strand='revcomp'>
   <sequence>GCCAAAAAAC</sequence>
  </segment>
  <segment type='site' id='PMSIT.BE_DMEL.006429.67' length='10' chromosome='3R' location='4524064' strand='revcomp'>
   <sequence>CCCAAAAAAC</sequence>
  </segment>
  <segment type='site' id='PMSIT.BE_DMEL.006430.68' length='10' chromosome='3R' location='4524275' strand='revcomp'>
   <sequence>CTTAAAAAGG</sequence>
  </segment>
  <segment type='site' id='PMSIT.BE_DMEL.006431.69' length='10' chromosome='3R' location='4524377' strand='revcomp'>
   <sequence>GGGAAAAAAA</sequence>
  </segment>
  <segment type='site' id='PMSIT.BE_DMEL.006432.70' length='10' chromosome='3R' location='4524459' strand='direct'>
   <sequence>ACTAAAAAAA</sequence>
  </segment>
  <segment type='site' id='PMSIT.BE_DMEL.002444.71' length='10' chromosome='3R' location='12526650' strand='direct'>
   <sequence>CATAAAAAAC</sequence>
  </segment>
  <segment type='site' id='PMSIT.BE_DMEL.002448.72' length='10' chromosome='3R' location='12526887' strand='direct'>
   <sequence>CGTAAAAAAA</sequence>
  </segment>
  <segment type='site' id='PMSIT.BE_DMEL.002455.73' length='10' chromosome='3R' location='12527007' strand='revcomp'>
   <sequence>ATTAAAAAAT</sequence>
  </segment>
  <segment type='site' id='PMSIT.BE_DMEL.002459.74' length='10' chromosome='3R' location='12527044' strand='direct'>
   <sequence>CATAAAAAAC</sequence>
  </segment>
  <segment type='site' id='PMSIT.BE_DMEL.006202.75' length='10' chromosome='3R' location='12589550' strand='revcomp'>
   <sequence>CGTAAAAAGA</sequence>
  </segment>
  <segment type='site' id='PMSIT.BE_DMEL.006204.76' length='10' chromosome='3R' location='12589578' strand='direct'>
   <sequence>AACAAAAATA</sequence>
  </segment>
  <segment type='site' id='PMSIT.BE_DMEL.006208.77' length='10' chromosome='3R' location='12589644' strand='revcomp'>
   <sequence>AGTGAAAATT</sequence>
  </segment>
  <segment type='site' id='PMSIT.BE_DMEL.006221.78' length='10' chromosome='3R' location='12589997' strand='revcomp'>
   <sequence>CTCAAAAAGA</sequence>
  </segment>
  <segment type='site' id='PMSIT.BE_DMEL.006226.79' length='10' chromosome='3R' location='12590087' strand='revcomp'>
   <sequence>GCCATAAAAC</sequence>
  </segment>
  <segment type='site' id='PMSIT.BE_DMEL.006230.80' length='10' chromosome='3R' location='12590259' strand='direct'>
   <sequence>CGTAAAAAAT</sequence>
  </segment>
  <segment type='site' id='PMSIT.BE_DMEL.006231.81' length='10' chromosome='3R' location='12590289' strand='revcomp'>
   <sequence>ACTAAAAATC</sequence>
  </segment>
  <segment type='site' id='PMSIT.BE_DMEL.006235.82' length='10' chromosome='3R' location='12590387' strand='direct'>
   <sequence>CATAAAAAAA</sequence>
  </segment>
  <segment type='site' id='PMSIT.BE_DMEL.006237.83' length='10' chromosome='3R' location='12590439' strand='revcomp'>
   <sequence>CCTAAATTAA</sequence>
  </segment>
  <segment type='site' id='PMSIT.BE_DMEL.006238.84' length='10' chromosome='3R' location='12590455' strand='direct'>
   <sequence>AATAAAACAA</sequence>
  </segment>
  <segment type='site' id='PMSIT.BE_DMEL.006239.85' length='10' chromosome='3R' location='12590482' strand='revcomp'>
   <sequence>GATAAAAATA</sequence>
  </segment>
  <segment type='site' id='PMSIT.BE_DMEL.006240.86' length='10' chromosome='3R' location='12590523' strand='revcomp'>
   <sequence>TTTAAAAATA</sequence>
  </segment>
  <segment type='site' id='PMSIT.BE_DMEL.006242.87' length='10' chromosome='3R' location='12590598' strand='revcomp'>
   <sequence>GATAAAAAAA</sequence>
  </segment>
  <segment type='site' id='PMSIT.BE_DMEL.006243.88' length='10' chromosome='3R' location='12590705' strand='revcomp'>
   <sequence>CTTAAAAAAC</sequence>
  </segment>
  <segment type='site' id='PMSIT.BE_DMEL.006247.89' length='10' chromosome='3R' location='12590790' strand='direct'>
   <sequence>ATTGAAAAAC</sequence>
  </segment>
  <segment type='site' id='PMSIT.BE_DMEL.006248.90' length='10' chromosome='3R' location='12590858' strand='direct'>
   <sequence>CATACAAAAA</sequence>
  </segment>
  <segment type='site' id='PMSIT.BE_DMEL.006249.91' length='10' chromosome='3R' location='12590905' strand='revcomp'>
   <sequence>TTCAAAAAGA</sequence>
  </segment>
  <segment type='site' id='PMSIT.BE_DMEL.005370.92' length='10' chromosome='3R' location='12599057' strand='direct'>
   <sequence>GGTAAAAAAC</sequence>
  </segment>
  <segment type='site' id='PMSIT.BE_DMEL.005371.93' length='10' chromosome='3R' location='12599104' strand='direct'>
   <sequence>CATAAAAAAT</sequence>
  </segment>
  <segment type='site' id='PMSIT.BE_DMEL.005373.94' length='10' chromosome='3R' location='12599132' strand='direct'>
   <sequence>CTTAAAAATT</sequence>
  </segment>
  <segment type='site' id='PMSIT.BE_DMEL.005377.95' length='10' chromosome='3R' location='12599170' strand='direct'>
   <sequence>ATTAAAAAAG</sequence>
  </segment>
  <segment type='site' id='PMSIT.BE_DMEL.005382.96' length='10' chromosome='3R' location='12599308' strand='revcomp'>
   <sequence>AATAAAAAAC</sequence>
  </segment>
  <segment type='site' id='PMSIT.BE_DMEL.005387.97' length='10' chromosome='3R' location='12599396' strand='direct'>
   <sequence>GGGAAAAATC</sequence>
  </segment>
  <segment type='site' id='PMSIT.BE_DMEL.000261.98' length='10' chromosome='3R' location='12636596' strand='revcomp'>
   <sequence>AACAAAAAAC</sequence>
  </segment>
  <segment type='site' id='PMSIT.BE_DMEL.000262.99' length='10' chromosome='3R' location='12636642' strand='revcomp'>
   <sequence>CGCAAAAAAT</sequence>
  </segment>
  <segment type='site' id='PMSIT.BE_DMEL.000263.100' length='10' chromosome='3R' location='12636865' strand='revcomp'>
   <sequence>CATAAAAAAT</sequence>
  </segment>
  <segment type='site' id='PMSIT.BE_DMEL.000265.101' length='10' chromosome='3R' location='12636920' strand='direct'>
   <sequence>AATAAAAAAG</sequence>
  </segment>
  <segment type='site' id='PMSIT.BE_DMEL.000270.102' length='10' chromosome='3R' location='12637025' strand='revcomp'>
   <sequence>CATAAAAAAT</sequence>
  </segment>
 </group>
</smallbismark>