<?xml version='1.0' encoding='UTF-8'?>
<smallbismark>
 <comment name='WARNING'>This is a draft version of small-BiSMark. Specification is the subject to change!</comment>
 <group name='best hits of motifs/HKB_imm.xml on footprints/HKB_footprints.xml (flank_length=14)' size='2'>
  <segment type='site' id='PMSIT.BE_DMEL.006012.0' length='10' chromosome='2L' location='11455836' strand='direct'>
   <sequence>GTGGGCGTTG</sequence>
  </segment>
  <segment type='site' id='PMSIT.BE_DMEL.006019.1' length='10' chromosome='2L' location='11456134' strand='direct'>
   <sequence>AGGGGCGTTA</sequence>
  </segment>
 </group>
</smallbismark>