<?xml version='1.0' encoding='UTF-8'?>
<smallbismark>
 <comment name='WARNING'>This is a draft version of small-BiSMark. Specification is the subject to change!</comment>
 <group name='best hits of motifs/KR_imm.xml on footprints/KR_footprints.xml (flank_length=7)' size='45'>
  <segment type='site' id='PMSIT.BE_DMEL.006002.0' length='11' chromosome='2L' location='11455643' strand='revcomp'>
   <sequence>TAATCCCTTCG</sequence>
  </segment>
  <segment type='site' id='PMSIT.BE_DMEL.006010.1' length='11' chromosome='2L' location='11455806' strand='direct'>
   <sequence>TTACCCTTTTG</sequence>
  </segment>
  <segment type='site' id='PMSIT.BE_DMEL.006015.2' length='11' chromosome='2L' location='11455996' strand='direct'>
   <sequence>CCATCCTTTTG</sequence>
  </segment>
  <segment type='site' id='PMSIT.BE_DMEL.006016.3' length='11' chromosome='2L' location='11456038' strand='revcomp'>
   <sequence>TCACCCATTTC</sequence>
  </segment>
  <segment type='site' id='PMSIT.BE_DMEL.004114.4' length='11' chromosome='2R' location='5489529' strand='direct'>
   <sequence>TAACCCAATAA</sequence>
  </segment>
  <segment type='site' id='PMSIT.BE_DMEL.004115.5' length='11' chromosome='2R' location='5489577' strand='direct'>
   <sequence>TTACCCGGTAC</sequence>
  </segment>
  <segment type='site' id='PMSIT.BE_DMEL.004116.6' length='11' chromosome='2R' location='5489612' strand='revcomp'>
   <sequence>TGTCCCAGTTA</sequence>
  </segment>
  <segment type='site' id='PMSIT.BE_DMEL.004118.7' length='11' chromosome='2R' location='5489664' strand='direct'>
   <sequence>TAATCCGTTTG</sequence>
  </segment>
  <segment type='site' id='PMSIT.BE_DMEL.004122.8' length='11' chromosome='2R' location='5489784' strand='direct'>
   <sequence>TAACACGCTGT</sequence>
  </segment>
  <segment type='site' id='PMSIT.BE_DMEL.004123.9' length='11' chromosome='2R' location='5489809' strand='revcomp'>
   <sequence>GATTCCGTCTA</sequence>
  </segment>
  <segment type='site' id='PMSIT.BE_DMEL.004124.10' length='11' chromosome='2R' location='5489815' strand='revcomp'>
   <sequence>TCCCTCGATTC</sequence>
  </segment>
  <segment type='site' id='PMSIT.BE_DMEL.004126.11' length='11' chromosome='2R' location='5489849' strand='revcomp'>
   <sequence>CAACCCGGTCT</sequence>
  </segment>
  <segment type='site' id='PMSIT.BE_DMEL.004127.12' length='11' chromosome='2R' location='5489935' strand='revcomp'>
   <sequence>CAAGCCCTTGG</sequence>
  </segment>
  <segment type='site' id='PMSIT.BE_DMEL.004129.13' length='11' chromosome='2R' location='5489992' strand='direct'>
   <sequence>CAATCCCTTGT</sequence>
  </segment>
  <segment type='site' id='PMSIT.BE_DMEL.004132.14' length='11' chromosome='2R' location='5490044' strand='revcomp'>
   <sequence>TAATCCCTTCG</sequence>
  </segment>
  <segment type='site' id='PMSIT.BE_DMEL.004134.15' length='11' chromosome='2R' location='5490094' strand='revcomp'>
   <sequence>TAACCCAGTTC</sequence>
  </segment>
  <segment type='site' id='PMSIT.BE_DMEL.004136.16' length='11' chromosome='2R' location='5490140' strand='direct'>
   <sequence>TAACCCGTTTT</sequence>
  </segment>
  <segment type='site' id='PMSIT.BE_DMEL.006381.17' length='11' chromosome='2R' location='7044649' strand='direct'>
   <sequence>TAACCAGTTAA</sequence>
  </segment>
  <segment type='site' id='PMSIT.BE_DMEL.005927.18' length='11' chromosome='3L' location='8639316' strand='direct'>
   <sequence>TCACTCCTTCT</sequence>
  </segment>
  <segment type='site' id='PMSIT.BE_DMEL.005933.19' length='11' chromosome='3L' location='8639466' strand='direct'>
   <sequence>TAACTCAGCTT</sequence>
  </segment>
  <segment type='site' id='PMSIT.BE_DMEL.005935.20' length='11' chromosome='3L' location='8639515' strand='direct'>
   <sequence>CAACACTTTCC</sequence>
  </segment>
  <segment type='site' id='PMSIT.BE_DMEL.005937.21' length='11' chromosome='3L' location='8639588' strand='direct'>
   <sequence>AAACCCTTTGC</sequence>
  </segment>
  <segment type='site' id='PMSIT.BE_DMEL.005946.22' length='11' chromosome='3L' location='8639821' strand='revcomp'>
   <sequence>GAACCCTTTGG</sequence>
  </segment>
  <segment type='site' id='PMSIT.BE_DMEL.003612.23' length='11' chromosome='3L' location='8640827' strand='revcomp'>
   <sequence>AAACCCGTTGA</sequence>
  </segment>
  <segment type='site' id='PMSIT.BE_DMEL.003616.24' length='11' chromosome='3L' location='8640858' strand='direct'>
   <sequence>TAAGCCTTTCT</sequence>
  </segment>
  <segment type='site' id='PMSIT.BE_DMEL.003618.25' length='11' chromosome='3L' location='8640883' strand='direct'>
   <sequence>TGACCCGTTCA</sequence>
  </segment>
  <segment type='site' id='PMSIT.BE_DMEL.003620.26' length='11' chromosome='3L' location='8640913' strand='direct'>
   <sequence>CAACTCTTTCG</sequence>
  </segment>
  <segment type='site' id='PMSIT.BE_DMEL.003623.27' length='11' chromosome='3L' location='8641003' strand='revcomp'>
   <sequence>AAAACATTTTA</sequence>
  </segment>
  <segment type='site' id='PMSIT.BE_DMEL.003624.28' length='11' chromosome='3L' location='8641118' strand='revcomp'>
   <sequence>TAAGCCTTTTG</sequence>
  </segment>
  <segment type='site' id='PMSIT.BE_DMEL.003627.29' length='11' chromosome='3L' location='8641141' strand='revcomp'>
   <sequence>CACCAAGGTTG</sequence>
  </segment>
  <segment type='site' id='PMSIT.BE_DMEL.003633.30' length='11' chromosome='3L' location='8641251' strand='revcomp'>
   <sequence>AAACCCTTTTT</sequence>
  </segment>
  <segment type='site' id='PMSIT.BE_DMEL.004428.31' length='11' chromosome='3L' location='8644091' strand='direct'>
   <sequence>AAACTCTTTGC</sequence>
  </segment>
  <segment type='site' id='PMSIT.BE_DMEL.004429.32' length='11' chromosome='3L' location='8644244' strand='direct'>
   <sequence>AACCTCTTTCG</sequence>
  </segment>
  <segment type='site' id='PMSIT.BE_DMEL.006028.33' length='11' chromosome='3L' location='20630374' strand='direct'>
   <sequence>TAACCCTTTTA</sequence>
  </segment>
  <segment type='site' id='PMSIT.BE_DMEL.006033.34' length='11' chromosome='3L' location='20630444' strand='direct'>
   <sequence>TAACTCTTTTT</sequence>
  </segment>
  <segment type='site' id='PMSIT.BE_DMEL.006036.35' length='11' chromosome='3L' location='20630510' strand='direct'>
   <sequence>TAACCCTTTTA</sequence>
  </segment>
  <segment type='site' id='PMSIT.BE_DMEL.006038.36' length='11' chromosome='3L' location='20630540' strand='direct'>
   <sequence>TAACCCTTTTA</sequence>
  </segment>
  <segment type='site' id='PMSIT.BE_DMEL.006039.37' length='11' chromosome='3L' location='20630567' strand='revcomp'>
   <sequence>CAACCCTTTTG</sequence>
  </segment>
  <segment type='site' id='PMSIT.BE_DMEL.006319.38' length='11' chromosome='3L' location='21021992' strand='revcomp'>
   <sequence>GTCCCCTTTTA</sequence>
  </segment>
  <segment type='site' id='PMSIT.BE_DMEL.006320.39' length='11' chromosome='3L' location='21022079' strand='direct'>
   <sequence>CTACCCTTTTG</sequence>
  </segment>
  <segment type='site' id='PMSIT.BE_DMEL.006321.40' length='11' chromosome='3L' location='21022228' strand='revcomp'>
   <sequence>TTACCCTTTTT</sequence>
  </segment>
  <segment type='site' id='PMSIT.BE_DMEL.006422.41' length='11' chromosome='3R' location='4520689' strand='revcomp'>
   <sequence>AATTTAGTTAA</sequence>
  </segment>
  <segment type='site' id='PMSIT.BE_DMEL.006424.42' length='11' chromosome='3R' location='4520995' strand='revcomp'>
   <sequence>TGCCCCTTTTT</sequence>
  </segment>
  <segment type='site' id='PMSIT.BE_DMEL.005369.43' length='11' chromosome='3R' location='12598978' strand='revcomp'>
   <sequence>TGACCCTTTTG</sequence>
  </segment>
  <segment type='site' id='PMSIT.BE_DMEL.000260.44' length='11' chromosome='3R' location='12636475' strand='revcomp'>
   <sequence>TCACCCTTTCA</sequence>
  </segment>
 </group>
</smallbismark>