<?xml version='1.0' encoding='UTF-8'?>
<smallbismark>
 <comment name='WARNING'>This is a draft version of small-BiSMark. Specification is the subject to change!</comment>
 <group name='best hits of motifs/MAD_imm.xml on footprints/MAD_footprints.xml (flank_length=7)' size='19'>
  <segment type='site' id='PMSIT.BE_DMEL.006302.0' length='14' chromosome='2R' location='8412623' strand='revcomp'>
   <sequence>TTGGCCGGCACGTT</sequence>
  </segment>
  <segment type='site' id='PMSIT.BE_DMEL.006303.1' length='14' chromosome='2R' location='8412646' strand='revcomp'>
   <sequence>GCTGCCGTCGCGAT</sequence>
  </segment>
  <segment type='site' id='PMSIT.BE_DMEL.006258.2' length='14' chromosome='3R' location='2579951' strand='revcomp'>
   <sequence>TCTACCTACAAGCC</sequence>
  </segment>
  <segment type='site' id='PMSIT.BE_DMEL.006259.3' length='14' chromosome='3R' location='2579982' strand='direct'>
   <sequence>TCCGCCGACGCATC</sequence>
  </segment>
  <segment type='site' id='PMSIT.BE_DMEL.006260.4' length='14' chromosome='3R' location='2580052' strand='direct'>
   <sequence>CCGACTGGCACCTC</sequence>
  </segment>
  <segment type='site' id='PMSIT.BE_DMEL.006263.5' length='14' chromosome='3R' location='2580147' strand='direct'>
   <sequence>TCTGGCGTTGCGTG</sequence>
  </segment>
  <segment type='site' id='PMSIT.BE_DMEL.006265.6' length='14' chromosome='3R' location='2580193' strand='direct'>
   <sequence>GCCGGAGTCTCGCC</sequence>
  </segment>
  <segment type='site' id='PMSIT.BE_DMEL.006267.7' length='14' chromosome='3R' location='2580280' strand='direct'>
   <sequence>TCCGGTGGCGGCGC</sequence>
  </segment>
  <segment type='site' id='PMSIT.BE_DMEL.006268.8' length='14' chromosome='3R' location='2580310' strand='direct'>
   <sequence>GCTGTTGTCGCGGC</sequence>
  </segment>
  <segment type='site' id='PMSIT.BE_DMEL.006269.9' length='14' chromosome='3R' location='2580331' strand='revcomp'>
   <sequence>GCGGACGGCGAGCG</sequence>
  </segment>
  <segment type='site' id='PMSIT.BE_DMEL.006270.10' length='14' chromosome='3R' location='2580468' strand='revcomp'>
   <sequence>TTCGCATTCGCCGC</sequence>
  </segment>
  <segment type='site' id='PMSIT.BE_DMEL.006281.11' length='14' chromosome='3R' location='2581266' strand='direct'>
   <sequence>CCTGGCGGCGCCCC</sequence>
  </segment>
  <segment type='site' id='PMSIT.BE_DMEL.000747.12' length='14' chromosome='3R' location='17209396' strand='revcomp'>
   <sequence>TCCGCCTTCGCGAC</sequence>
  </segment>
  <segment type='site' id='PMSIT.BE_DMEL.000749.13' length='14' chromosome='3R' location='17209434' strand='direct'>
   <sequence>ATTACTGTCTCGTC</sequence>
  </segment>
  <segment type='site' id='PMSIT.BE_DMEL.000750.14' length='14' chromosome='3R' location='17209470' strand='revcomp'>
   <sequence>GCAAACGTCGCCGC</sequence>
  </segment>
  <segment type='site' id='PMSIT.BE_DMEL.000751.15' length='14' chromosome='3R' location='17209511' strand='direct'>
   <sequence>TCTGGAGTCTAGAC</sequence>
  </segment>
  <segment type='site' id='PMSIT.BE_DMEL.000754.16' length='14' chromosome='3R' location='17209615' strand='revcomp'>
   <sequence>TTAAACGGCGCTCC</sequence>
  </segment>
  <segment type='site' id='PMSIT.BE_DMEL.000755.17' length='14' chromosome='3R' location='17209662' strand='direct'>
   <sequence>GCCGCTGTCGCAGC</sequence>
  </segment>
  <segment type='site' id='PMSIT.BE_DMEL.000756.18' length='14' chromosome='3R' location='17209676' strand='revcomp'>
   <sequence>GTGGGAGGCTCGCA</sequence>
  </segment>
 </group>
</smallbismark>