<?xml version='1.0' encoding='UTF-8'?>
<smallbismark>
 <comment name='WARNING'>This is a draft version of small-BiSMark. Specification is the subject to change!</comment>
 <group name='best hits of motifs/MED_imm.xml on footprints/MED_footprints.xml (flank_length=11)' size='8'>
  <segment type='site' id='PMSIT.BE_DMEL.002462.0' length='11' chromosome='2R' location='5497217' strand='direct'>
   <sequence>AACAGGGAAAT</sequence>
  </segment>
  <segment type='site' id='PMSIT.BE_DMEL.002463.1' length='11' chromosome='2R' location='5497253' strand='direct'>
   <sequence>CGCAGATGCAG</sequence>
  </segment>
  <segment type='site' id='PMSIT.BE_DMEL.002464.2' length='11' chromosome='2R' location='5497297' strand='direct'>
   <sequence>AGCAGATCAAA</sequence>
  </segment>
  <segment type='site' id='PMSIT.BE_DMEL.002470.3' length='11' chromosome='2R' location='5497421' strand='revcomp'>
   <sequence>AACAGGGAAGA</sequence>
  </segment>
  <segment type='site' id='PMSIT.BE_DMEL.002472.4' length='11' chromosome='2R' location='5497475' strand='revcomp'>
   <sequence>AGCAGGCGCCA</sequence>
  </segment>
  <segment type='site' id='PMSIT.BE_DMEL.000746.5' length='11' chromosome='3R' location='17209400' strand='direct'>
   <sequence>CGAAGGCGGAA</sequence>
  </segment>
  <segment type='site' id='PMSIT.BE_DMEL.000748.6' length='11' chromosome='3R' location='17209441' strand='revcomp'>
   <sequence>GAAAGACGAGA</sequence>
  </segment>
  <segment type='site' id='PMSIT.BE_DMEL.000752.7' length='11' chromosome='3R' location='17209522' strand='direct'>
   <sequence>GACCGGCGCAG</sequence>
  </segment>
 </group>
</smallbismark>