<?xml version='1.0' encoding='UTF-8'?>
<smallbismark>
 <comment name='WARNING'>This is a draft version of small-BiSMark. Specification is the subject to change!</comment>
 <group name='best hits of motifs/NUB_imm.xml on footprints/NUB_footprints.xml (flank_length=13)' size='4'>
  <segment type='site' id='PMSIT.BE_DMEL.000938.0' length='11' chromosome='2R' location='8405040' strand='revcomp'>
   <sequence>CCTTGTATAAT</sequence>
  </segment>
  <segment type='site' id='PMSIT.BE_DMEL.000939.1' length='11' chromosome='2R' location='8405077' strand='revcomp'>
   <sequence>ACTTACATAAA</sequence>
  </segment>
  <segment type='site' id='PMSIT.BE_DMEL.000940.2' length='11' chromosome='2R' location='8405118' strand='direct'>
   <sequence>TTTTGCATGCC</sequence>
  </segment>
  <segment type='site' id='PMSIT.BE_DMEL.000941.3' length='11' chromosome='2R' location='8405154' strand='direct'>
   <sequence>GCCTGGATATT</sequence>
  </segment>
 </group>
</smallbismark>