<?xml version='1.0' encoding='UTF-8'?>
<smallbismark>
 <comment name='WARNING'>This is a draft version of small-BiSMark. Specification is the subject to change!</comment>
 <group name='best hits of motifs/OVO_imm.xml on footprints/OVO_footprints.xml (flank_length=18)' size='12'>
  <segment type='site' id='PMSIT.BE_DMEL.001594.0' length='13' chromosome='X' location='4908882' strand='revcomp'>
   <sequence>ACTGTTACTGTAA</sequence>
  </segment>
  <segment type='site' id='PMSIT.BE_DMEL.001595.1' length='13' chromosome='X' location='4909176' strand='revcomp'>
   <sequence>TCTGTTAAATTCA</sequence>
  </segment>
  <segment type='site' id='PMSIT.BE_DMEL.001596.2' length='13' chromosome='X' location='4909228' strand='revcomp'>
   <sequence>ACAGTTACATTTA</sequence>
  </segment>
  <segment type='site' id='PMSIT.BE_DMEL.001597.3' length='13' chromosome='X' location='4909385' strand='direct'>
   <sequence>ACAGTTAGAATTA</sequence>
  </segment>
  <segment type='site' id='PMSIT.BE_DMEL.001598.4' length='13' chromosome='X' location='4909470' strand='direct'>
   <sequence>ACAGTTACATAGC</sequence>
  </segment>
  <segment type='site' id='PMSIT.BE_DMEL.001599.5' length='13' chromosome='X' location='4909555' strand='direct'>
   <sequence>TCCGTTGCTTTTT</sequence>
  </segment>
  <segment type='site' id='PMSIT.BE_DMEL.006349.6' length='13' chromosome='X' location='6937193' strand='direct'>
   <sequence>CCTGTTACTTCTC</sequence>
  </segment>
  <segment type='site' id='PMSIT.BE_DMEL.006350.7' length='13' chromosome='X' location='6937593' strand='direct'>
   <sequence>TCCGTTAATCGTA</sequence>
  </segment>
  <segment type='site' id='PMSIT.BE_DMEL.006363.8' length='13' chromosome='X' location='8334710' strand='direct'>
   <sequence>ACCGTTACACGAA</sequence>
  </segment>
  <segment type='site' id='PMSIT.BE_DMEL.006364.9' length='13' chromosome='X' location='8334972' strand='direct'>
   <sequence>GCGGTTAAAAAAC</sequence>
  </segment>
  <segment type='site' id='PMSIT.BE_DMEL.006365.10' length='13' chromosome='X' location='8335027' strand='direct'>
   <sequence>TCTGTTCCGTGTC</sequence>
  </segment>
  <segment type='site' id='PMSIT.BE_DMEL.006366.11' length='13' chromosome='3R' location='19106291' strand='direct'>
   <sequence>ACCGTTACTTCTG</sequence>
  </segment>
 </group>
</smallbismark>