<?xml version='1.0' encoding='UTF-8'?>
<smallbismark>
 <comment name='WARNING'>This is a draft version of small-BiSMark. Specification is the subject to change!</comment>
 <group name='best hits of motifs/PRD_imm.xml on footprints/PRD_footprints.xml (flank_length=12)' size='11'>
  <segment type='site' id='PMSIT.BE_DMEL.002760.0' length='14' chromosome='2R' location='5490927' strand='direct'>
   <sequence>CCGCTTTGTCCCGC</sequence>
  </segment>
  <segment type='site' id='PMSIT.BE_DMEL.002765.1' length='14' chromosome='2R' location='5491016' strand='direct'>
   <sequence>TCAGGCTGTCCCGC</sequence>
  </segment>
  <segment type='site' id='PMSIT.BE_DMEL.003447.2' length='14' chromosome='2R' location='20564217' strand='direct'>
   <sequence>AATTTATTTAATGG</sequence>
  </segment>
  <segment type='site' id='PMSIT.BE_DMEL.003448.3' length='14' chromosome='2R' location='20564262' strand='revcomp'>
   <sequence>AAATTACTCAACAG</sequence>
  </segment>
  <segment type='site' id='PMSIT.BE_DMEL.003451.4' length='14' chromosome='2R' location='20564483' strand='revcomp'>
   <sequence>CCAGGACTTCATGC</sequence>
  </segment>
  <segment type='site' id='PMSIT.BE_DMEL.003452.5' length='14' chromosome='2R' location='20564502' strand='direct'>
   <sequence>AACTAAATTACCGC</sequence>
  </segment>
  <segment type='site' id='PMSIT.BE_DMEL.003453.6' length='14' chromosome='2R' location='20564547' strand='revcomp'>
   <sequence>CCCGTCAGACACAC</sequence>
  </segment>
  <segment type='site' id='PMSIT.BE_DMEL.003456.7' length='14' chromosome='2R' location='20564632' strand='direct'>
   <sequence>CAAACCATTAACAC</sequence>
  </segment>
  <segment type='site' id='PMSIT.BE_DMEL.003459.8' length='14' chromosome='2R' location='20564762' strand='revcomp'>
   <sequence>ACAATTTGTAATGG</sequence>
  </segment>
  <segment type='site' id='PMSIT.BE_DMEL.003462.9' length='14' chromosome='2R' location='20564848' strand='direct'>
   <sequence>TCGCTGCGACACGG</sequence>
  </segment>
  <segment type='site' id='PMSIT.BE_DMEL.003463.10' length='14' chromosome='2R' location='20564933' strand='direct'>
   <sequence>TCGATTTGACACGC</sequence>
  </segment>
 </group>
</smallbismark>