<?xml version='1.0' encoding='UTF-8'?>
<smallbismark>
 <comment name='WARNING'>This is a draft version of small-BiSMark. Specification is the subject to change!</comment>
 <group name='best hits of motifs/SHN_imm.xml on footprints/SHN_footprints.xml (flank_length=14)' size='2'>
  <segment type='site' id='PMSIT.BE_DMEL.006463.0' length='14' chromosome='3R' location='12562820' strand='direct'>
   <sequence>ACCCAATCTAATCA</sequence>
  </segment>
  <segment type='site' id='PMSIT.BE_DMEL.006464.1' length='14' chromosome='3R' location='12562867' strand='direct'>
   <sequence>AAGCAGGAAAATCA</sequence>
  </segment>
 </group>
</smallbismark>