<?xml version='1.0' encoding='UTF-8'?>
<smallbismark>
 <comment name='WARNING'>This is a draft version of small-BiSMark. Specification is the subject to change!</comment>
 <group name='best hits of motifs/SNA_imm.xml on footprints/SNA_footprints.xml (flank_length=9)' size='11'>
  <segment type='site' id='PMSIT.BE_DMEL.000902.0' length='9' chromosome='3L' location='1445405' strand='direct'>
   <sequence>CAACTTGCG</sequence>
  </segment>
  <segment type='site' id='PMSIT.BE_DMEL.000903.1' length='9' chromosome='3L' location='1445475' strand='direct'>
   <sequence>CACCTTGCT</sequence>
  </segment>
  <segment type='site' id='PMSIT.BE_DMEL.000904.2' length='9' chromosome='3L' location='1445497' strand='revcomp'>
   <sequence>CCACTTGCG</sequence>
  </segment>
  <segment type='site' id='PMSIT.BE_DMEL.000908.3' length='9' chromosome='3L' location='1445556' strand='direct'>
   <sequence>GCACATGTT</sequence>
  </segment>
  <segment type='site' id='PMSIT.BE_DMEL.004503.4' length='9' chromosome='3R' location='8895907' strand='direct'>
   <sequence>CCACCTGAT</sequence>
  </segment>
  <segment type='site' id='PMSIT.BE_DMEL.004505.5' length='9' chromosome='3R' location='8896055' strand='revcomp'>
   <sequence>CAATCGGCC</sequence>
  </segment>
  <segment type='site' id='PMSIT.BE_DMEL.004506.6' length='9' chromosome='3R' location='8896318' strand='direct'>
   <sequence>CTACCTGTT</sequence>
  </segment>
  <segment type='site' id='PMSIT.BE_DMEL.004507.7' length='9' chromosome='3R' location='8897891' strand='direct'>
   <sequence>CAACCTGTT</sequence>
  </segment>
  <segment type='site' id='PMSIT.BE_DMEL.004508.8' length='9' chromosome='3R' location='8898035' strand='revcomp'>
   <sequence>CAACCTGCC</sequence>
  </segment>
  <segment type='site' id='PMSIT.BE_DMEL.004509.9' length='9' chromosome='3R' location='8898133' strand='revcomp'>
   <sequence>TCACCTGTT</sequence>
  </segment>
  <segment type='site' id='PMSIT.BE_DMEL.004510.10' length='9' chromosome='3R' location='8898155' strand='revcomp'>
   <sequence>GCACTTGCT</sequence>
  </segment>
 </group>
</smallbismark>