<?xml version='1.0' encoding='UTF-8'?>
<smallbismark>
 <comment name='WARNING'>This is a draft version of small-BiSMark. Specification is the subject to change!</comment>
 <group name='best hits of motifs/SRP_imm.xml on footprints/SRP_footprints.xml (flank_length=11)' size='4'>
  <segment type='site' id='PMSIT.BE_DMEL.005548.0' length='9' chromosome='X' location='9898919' strand='direct'>
   <sequence>TCGATAGCA</sequence>
  </segment>
  <segment type='site' id='PMSIT.BE_DMEL.005060.1' length='9' chromosome='2L' location='14616186' strand='direct'>
   <sequence>TAGATAATG</sequence>
  </segment>
  <segment type='site' id='PMSIT.BE_DMEL.005977.2' length='9' chromosome='3L' location='14063391' strand='revcomp'>
   <sequence>GCGATAGGC</sequence>
  </segment>
  <segment type='site' id='PMSIT.BE_DMEL.005978.3' length='9' chromosome='3L' location='14063435' strand='direct'>
   <sequence>GCGAAAATA</sequence>
  </segment>
 </group>
</smallbismark>