<?xml version='1.0' encoding='UTF-8'?>
<smallbismark>
 <comment name='WARNING'>This is a draft version of small-BiSMark. Specification is the subject to change!</comment>
 <group name='best hits of motifs/TLL_imm.xml on footprints/TLL_footprints.xml (flank_length=5)' size='37'>
  <segment type='site' id='PMSIT.BE_DMEL.003682.0' length='10' chromosome='2R' location='20730332' strand='revcomp'>
   <sequence>TTAAGTTAAA</sequence>
  </segment>
  <segment type='site' id='PMSIT.BE_DMEL.003686.1' length='10' chromosome='2R' location='20730463' strand='revcomp'>
   <sequence>AAAATTTAAT</sequence>
  </segment>
  <segment type='site' id='PMSIT.BE_DMEL.003688.2' length='10' chromosome='2R' location='20730482' strand='direct'>
   <sequence>ATAATCCAGC</sequence>
  </segment>
  <segment type='site' id='PMSIT.BE_DMEL.003690.3' length='10' chromosome='2R' location='20730537' strand='revcomp'>
   <sequence>ATCCGTCAAT</sequence>
  </segment>
  <segment type='site' id='PMSIT.BE_DMEL.003692.4' length='10' chromosome='2R' location='20730571' strand='revcomp'>
   <sequence>CTAAGCCGGA</sequence>
  </segment>
  <segment type='site' id='PMSIT.BE_DMEL.003695.5' length='10' chromosome='2R' location='20730817' strand='direct'>
   <sequence>AGAAGTCAAA</sequence>
  </segment>
  <segment type='site' id='PMSIT.BE_DMEL.003699.6' length='10' chromosome='2R' location='20730901' strand='revcomp'>
   <sequence>AGAATCCTAA</sequence>
  </segment>
  <segment type='site' id='PMSIT.BE_DMEL.005918.7' length='10' chromosome='3L' location='8639158' strand='direct'>
   <sequence>ACCAGTCAAT</sequence>
  </segment>
  <segment type='site' id='PMSIT.BE_DMEL.005924.8' length='10' chromosome='3L' location='8639265' strand='direct'>
   <sequence>CAAGATTAAA</sequence>
  </segment>
  <segment type='site' id='PMSIT.BE_DMEL.005928.9' length='10' chromosome='3L' location='8639329' strand='revcomp'>
   <sequence>GAGAGTTAAA</sequence>
  </segment>
  <segment type='site' id='PMSIT.BE_DMEL.005938.10' length='10' chromosome='3L' location='8639599' strand='direct'>
   <sequence>CACAATTAAA</sequence>
  </segment>
  <segment type='site' id='PMSIT.BE_DMEL.005945.11' length='10' chromosome='3L' location='8639774' strand='direct'>
   <sequence>CTGAGTCAGT</sequence>
  </segment>
  <segment type='site' id='PMSIT.BE_DMEL.003619.12' length='10' chromosome='3L' location='8640911' strand='revcomp'>
   <sequence>AAGAGTTGAC</sequence>
  </segment>
  <segment type='site' id='PMSIT.BE_DMEL.003629.13' length='10' chromosome='3L' location='8641216' strand='direct'>
   <sequence>AAAAGTCAAA</sequence>
  </segment>
  <segment type='site' id='PMSIT.BE_DMEL.006030.14' length='10' chromosome='3L' location='20630384' strand='direct'>
   <sequence>AAAAGTCAAC</sequence>
  </segment>
  <segment type='site' id='PMSIT.BE_DMEL.006031.15' length='10' chromosome='3L' location='20630442' strand='revcomp'>
   <sequence>AAGAGTTAAG</sequence>
  </segment>
  <segment type='site' id='PMSIT.BE_DMEL.006034.16' length='10' chromosome='3L' location='20630478' strand='direct'>
   <sequence>CAAAGCCAAA</sequence>
  </segment>
  <segment type='site' id='PMSIT.BE_DMEL.006037.17' length='10' chromosome='3L' location='20630525' strand='revcomp'>
   <sequence>ATCGGTTAGC</sequence>
  </segment>
  <segment type='site' id='PMSIT.BE_DMEL.006040.18' length='10' chromosome='3L' location='20630599' strand='revcomp'>
   <sequence>AAAAGTCAAG</sequence>
  </segment>
  <segment type='site' id='PMSIT.BE_DMEL.006041.19' length='10' chromosome='3L' location='20630701' strand='revcomp'>
   <sequence>GGAAGTCAGC</sequence>
  </segment>
  <segment type='site' id='PMSIT.BE_DMEL.006042.20' length='10' chromosome='3L' location='20630725' strand='revcomp'>
   <sequence>GAAAGTCAAA</sequence>
  </segment>
  <segment type='site' id='PMSIT.BE_DMEL.005987.21' length='10' chromosome='3R' location='4526675' strand='direct'>
   <sequence>TGAAGGCAAC</sequence>
  </segment>
  <segment type='site' id='PMSIT.BE_DMEL.005988.22' length='10' chromosome='3R' location='4526817' strand='direct'>
   <sequence>ATGAGTCTAA</sequence>
  </segment>
  <segment type='site' id='PMSIT.BE_DMEL.005989.23' length='10' chromosome='3R' location='4527007' strand='direct'>
   <sequence>CGACCTCAAC</sequence>
  </segment>
  <segment type='site' id='PMSIT.BE_DMEL.005990.24' length='10' chromosome='3R' location='4527141' strand='revcomp'>
   <sequence>AGAAGACAAT</sequence>
  </segment>
  <segment type='site' id='PMSIT.BE_DMEL.005991.25' length='10' chromosome='3R' location='4527236' strand='revcomp'>
   <sequence>GTCCGCCAAA</sequence>
  </segment>
  <segment type='site' id='PMSIT.BE_DMEL.005992.26' length='10' chromosome='3R' location='4527306' strand='revcomp'>
   <sequence>AGAAGATCGC</sequence>
  </segment>
  <segment type='site' id='PMSIT.BE_DMEL.005993.27' length='10' chromosome='3R' location='4527320' strand='revcomp'>
   <sequence>CAAAACTAAT</sequence>
  </segment>
  <segment type='site' id='PMSIT.BE_DMEL.005994.28' length='10' chromosome='3R' location='4527483' strand='direct'>
   <sequence>AAAAGCCATA</sequence>
  </segment>
  <segment type='site' id='PMSIT.BE_DMEL.005995.29' length='10' chromosome='3R' location='4527523' strand='direct'>
   <sequence>AAAAACCTGA</sequence>
  </segment>
  <segment type='site' id='PMSIT.BE_DMEL.003680.30' length='10' chromosome='3R' location='9720618' strand='revcomp'>
   <sequence>AAAAGTTAAG</sequence>
  </segment>
  <segment type='site' id='PMSIT.BE_DMEL.003681.31' length='10' chromosome='3R' location='9720724' strand='revcomp'>
   <sequence>AAAAGTCAGA</sequence>
  </segment>
  <segment type='site' id='PMSIT.BE_DMEL.002449.32' length='10' chromosome='3R' location='12526879' strand='revcomp'>
   <sequence>CGAGGTCATA</sequence>
  </segment>
  <segment type='site' id='PMSIT.BE_DMEL.002452.33' length='10' chromosome='3R' location='12526975' strand='direct'>
   <sequence>AAAAGTTAAT</sequence>
  </segment>
  <segment type='site' id='PMSIT.BE_DMEL.002460.34' length='10' chromosome='3R' location='12527092' strand='direct'>
   <sequence>ATAAGTCAAG</sequence>
  </segment>
  <segment type='site' id='PMSIT.BE_DMEL.005374.35' length='10' chromosome='3R' location='12599147' strand='direct'>
   <sequence>CAAGGTCAAA</sequence>
  </segment>
  <segment type='site' id='PMSIT.BE_DMEL.005381.36' length='10' chromosome='3R' location='12599292' strand='revcomp'>
   <sequence>CAAGGTCAGG</sequence>
  </segment>
 </group>
</smallbismark>