<?xml version='1.0' encoding='UTF-8'?>
<smallbismark>
 <comment name='WARNING'>This is a draft version of small-BiSMark. Specification is the subject to change!</comment>
 <group name='best hits of motifs/TTK_imm.xml on footprints/TTK_footprints.xml (flank_length=8)' size='8'>
  <segment type='site' id='PMSIT.BE_DMEL.001791.0' length='10' chromosome='2R' location='5485832' strand='revcomp'>
   <sequence>AAGGTCCTGC</sequence>
  </segment>
  <segment type='site' id='PMSIT.BE_DMEL.002756.1' length='10' chromosome='2R' location='5490871' strand='direct'>
   <sequence>ATGGTCCTGC</sequence>
  </segment>
  <segment type='site' id='PMSIT.BE_DMEL.002758.2' length='10' chromosome='2R' location='5490913' strand='direct'>
   <sequence>CGGGTCCTGC</sequence>
  </segment>
  <segment type='site' id='PMSIT.BE_DMEL.004909.3' length='10' chromosome='3R' location='2685253' strand='direct'>
   <sequence>GTTATCCTTA</sequence>
  </segment>
  <segment type='site' id='PMSIT.BE_DMEL.004977.4' length='10' chromosome='3R' location='2689867' strand='revcomp'>
   <sequence>GAGGTCCTGG</sequence>
  </segment>
  <segment type='site' id='PMSIT.BE_DMEL.004980.5' length='10' chromosome='3R' location='2689902' strand='revcomp'>
   <sequence>AATGTCCTTG</sequence>
  </segment>
  <segment type='site' id='PMSIT.BE_DMEL.004981.6' length='10' chromosome='3R' location='2689958' strand='revcomp'>
   <sequence>AATATCCCTG</sequence>
  </segment>
  <segment type='site' id='PMSIT.BE_DMEL.005156.7' length='10' chromosome='3R' location='26677883' strand='revcomp'>
   <sequence>TCGATCCTGC</sequence>
  </segment>
 </group>
</smallbismark>