<?xml version='1.0' encoding='UTF-8'?>
<smallbismark>
 <comment name='WARNING'>This is a draft version of small-BiSMark. Specification is the subject to change!</comment>
 <group name='best hits of motifs/TWI_imm.xml on footprints/TWI_footprints.xml (flank_length=5)' size='15'>
  <segment type='site' id='PMSIT.BE_DMEL.006283.0' length='12' chromosome='2L' location='15474247' strand='direct'>
   <sequence>TCGCCATTTGGT</sequence>
  </segment>
  <segment type='site' id='PMSIT.BE_DMEL.006284.1' length='12' chromosome='2L' location='15474287' strand='direct'>
   <sequence>CTCGCACGTGTG</sequence>
  </segment>
  <segment type='site' id='PMSIT.BE_DMEL.000906.2' length='12' chromosome='3L' location='1445542' strand='direct'>
   <sequence>CTCGCATATGTT</sequence>
  </segment>
  <segment type='site' id='PMSIT.BE_DMEL.000907.3' length='12' chromosome='3L' location='1445553' strand='direct'>
   <sequence>TGAGCACATGTT</sequence>
  </segment>
  <segment type='site' id='PMSIT.BE_DMEL.004502.4' length='12' chromosome='3R' location='8895838' strand='direct'>
   <sequence>CCGGCATATGTT</sequence>
  </segment>
  <segment type='site' id='PMSIT.BE_DMEL.004504.5' length='12' chromosome='3R' location='8895904' strand='direct'>
   <sequence>TTCCCACCTGAT</sequence>
  </segment>
  <segment type='site' id='PMSIT.BE_DMEL.002445.6' length='12' chromosome='3R' location='12526733' strand='direct'>
   <sequence>ACAGCGTGTGTT</sequence>
  </segment>
  <segment type='site' id='PMSIT.BE_DMEL.002450.7' length='12' chromosome='3R' location='12526898' strand='direct'>
   <sequence>TGCACACATTTC</sequence>
  </segment>
  <segment type='site' id='PMSIT.BE_DMEL.002453.8' length='12' chromosome='3R' location='12526989' strand='revcomp'>
   <sequence>AGAGCCGATGGT</sequence>
  </segment>
  <segment type='site' id='PMSIT.BE_DMEL.002457.9' length='12' chromosome='3R' location='12527019' strand='direct'>
   <sequence>TTCTCATGTGTT</sequence>
  </segment>
  <segment type='site' id='PMSIT.BE_DMEL.005372.10' length='12' chromosome='3R' location='12599111' strand='revcomp'>
   <sequence>GCAACACACATT</sequence>
  </segment>
  <segment type='site' id='PMSIT.BE_DMEL.005375.11' length='12' chromosome='3R' location='12599156' strand='revcomp'>
   <sequence>CCGACGGCTGTT</sequence>
  </segment>
  <segment type='site' id='PMSIT.BE_DMEL.000300.12' length='12' chromosome='3R' location='17203862' strand='revcomp'>
   <sequence>TTCACATATGTA</sequence>
  </segment>
  <segment type='site' id='PMSIT.BE_DMEL.002342.13' length='12' chromosome='3R' location='17205822' strand='revcomp'>
   <sequence>ATCACACATGTT</sequence>
  </segment>
  <segment type='site' id='PMSIT.BE_DMEL.002344.14' length='12' chromosome='3R' location='17205976' strand='revcomp'>
   <sequence>CCGCCATATGTT</sequence>
  </segment>
 </group>
</smallbismark>