<?xml version='1.0' encoding='UTF-8'?>
<smallbismark>
 <comment name='WARNING'>This is a draft version of small-BiSMark. Specification is the subject to change!</comment>
 <group name='best hits of motifs/UBX_imm.xml on footprints/UBX_footprints.xml (flank_length=4)' size='60'>
  <segment type='site' id='PMSIT.BE_DMEL.003638.0' length='7' chromosome='2L' location='2445883' strand='revcomp'>
   <sequence>ACATCAA</sequence>
  </segment>
  <segment type='site' id='PMSIT.BE_DMEL.003639.1' length='7' chromosome='2L' location='2445923' strand='direct'>
   <sequence>CCATTAC</sequence>
  </segment>
  <segment type='site' id='PMSIT.BE_DMEL.003641.2' length='7' chromosome='2L' location='2445996' strand='revcomp'>
   <sequence>TCATTAG</sequence>
  </segment>
  <segment type='site' id='PMSIT.BE_DMEL.003642.3' length='7' chromosome='2L' location='2446072' strand='direct'>
   <sequence>CCATTTG</sequence>
  </segment>
  <segment type='site' id='PMSIT.BE_DMEL.003644.4' length='7' chromosome='2L' location='2446084' strand='direct'>
   <sequence>CCATTTC</sequence>
  </segment>
  <segment type='site' id='PMSIT.BE_DMEL.003646.5' length='7' chromosome='2L' location='2446104' strand='direct'>
   <sequence>CCATTTG</sequence>
  </segment>
  <segment type='site' id='PMSIT.BE_DMEL.003648.6' length='7' chromosome='2L' location='2446127' strand='revcomp'>
   <sequence>GCATAAA</sequence>
  </segment>
  <segment type='site' id='PMSIT.BE_DMEL.003649.7' length='7' chromosome='2L' location='2446135' strand='direct'>
   <sequence>CGATCCG</sequence>
  </segment>
  <segment type='site' id='PMSIT.BE_DMEL.003653.8' length='7' chromosome='2L' location='2446192' strand='direct'>
   <sequence>CAATTAG</sequence>
  </segment>
  <segment type='site' id='PMSIT.BE_DMEL.003655.9' length='7' chromosome='2L' location='2446261' strand='direct'>
   <sequence>CAATTAG</sequence>
  </segment>
  <segment type='site' id='PMSIT.BE_DMEL.003659.10' length='7' chromosome='2L' location='2446277' strand='revcomp'>
   <sequence>GCATTCA</sequence>
  </segment>
  <segment type='site' id='PMSIT.BE_DMEL.003660.11' length='7' chromosome='2L' location='2446290' strand='direct'>
   <sequence>CAATTTG</sequence>
  </segment>
  <segment type='site' id='PMSIT.BE_DMEL.003662.12' length='7' chromosome='2L' location='2446325' strand='direct'>
   <sequence>CCATTAA</sequence>
  </segment>
  <segment type='site' id='PMSIT.BE_DMEL.000448.13' length='7' chromosome='2L' location='2452240' strand='direct'>
   <sequence>CCATTAT</sequence>
  </segment>
  <segment type='site' id='PMSIT.BE_DMEL.006341.14' length='7' chromosome='2L' location='11454567' strand='revcomp'>
   <sequence>TTATTAA</sequence>
  </segment>
  <segment type='site' id='PMSIT.BE_DMEL.006343.15' length='7' chromosome='2L' location='11454618' strand='revcomp'>
   <sequence>ACATTAT</sequence>
  </segment>
  <segment type='site' id='PMSIT.BE_DMEL.006346.16' length='7' chromosome='2L' location='11454865' strand='revcomp'>
   <sequence>TAATTAA</sequence>
  </segment>
  <segment type='site' id='PMSIT.BE_DMEL.006347.17' length='7' chromosome='2L' location='11455024' strand='revcomp'>
   <sequence>TAATTAA</sequence>
  </segment>
  <segment type='site' id='PMSIT.BE_DMEL.006348.18' length='7' chromosome='2L' location='11455182' strand='revcomp'>
   <sequence>CAATTAA</sequence>
  </segment>
  <segment type='site' id='PMSIT.BE_DMEL.002346.19' length='7' chromosome='2L' location='21840624' strand='revcomp'>
   <sequence>TCATTAG</sequence>
  </segment>
  <segment type='site' id='PMSIT.BE_DMEL.002350.20' length='7' chromosome='2L' location='21840737' strand='revcomp'>
   <sequence>CAATTAT</sequence>
  </segment>
  <segment type='site' id='PMSIT.BE_DMEL.002352.21' length='7' chromosome='2L' location='21840813' strand='direct'>
   <sequence>ACATAAA</sequence>
  </segment>
  <segment type='site' id='PMSIT.BE_DMEL.002356.22' length='7' chromosome='2L' location='21840886' strand='direct'>
   <sequence>TCATAAA</sequence>
  </segment>
  <segment type='site' id='PMSIT.BE_DMEL.004395.23' length='7' chromosome='2R' location='19816631' strand='revcomp'>
   <sequence>CAATTAT</sequence>
  </segment>
  <segment type='site' id='PMSIT.BE_DMEL.004396.24' length='7' chromosome='2R' location='19816652' strand='direct'>
   <sequence>CAATTAA</sequence>
  </segment>
  <segment type='site' id='PMSIT.BE_DMEL.006295.25' length='7' chromosome='2R' location='20311070' strand='direct'>
   <sequence>AAATTAA</sequence>
  </segment>
  <segment type='site' id='PMSIT.BE_DMEL.006296.26' length='7' chromosome='2R' location='20311248' strand='direct'>
   <sequence>CAATTAT</sequence>
  </segment>
  <segment type='site' id='PMSIT.BE_DMEL.006078.27' length='7' chromosome='3R' location='2758688' strand='revcomp'>
   <sequence>CCATTTA</sequence>
  </segment>
  <segment type='site' id='PMSIT.BE_DMEL.006082.28' length='7' chromosome='3R' location='2758860' strand='revcomp'>
   <sequence>TAATAAA</sequence>
  </segment>
  <segment type='site' id='PMSIT.BE_DMEL.006084.29' length='7' chromosome='3R' location='2758931' strand='revcomp'>
   <sequence>ACATTAA</sequence>
  </segment>
  <segment type='site' id='PMSIT.BE_DMEL.006086.30' length='7' chromosome='3R' location='2758962' strand='revcomp'>
   <sequence>AAATTTA</sequence>
  </segment>
  <segment type='site' id='PMSIT.BE_DMEL.006087.31' length='7' chromosome='3R' location='2758984' strand='revcomp'>
   <sequence>CCATTTA</sequence>
  </segment>
  <segment type='site' id='PMSIT.BE_DMEL.006090.32' length='7' chromosome='3R' location='2759005' strand='revcomp'>
   <sequence>CCATAAT</sequence>
  </segment>
  <segment type='site' id='PMSIT.BE_DMEL.006092.33' length='7' chromosome='3R' location='2759100' strand='revcomp'>
   <sequence>CAATTAA</sequence>
  </segment>
  <segment type='site' id='PMSIT.BE_DMEL.006095.34' length='7' chromosome='3R' location='2759182' strand='direct'>
   <sequence>TCATTAA</sequence>
  </segment>
  <segment type='site' id='PMSIT.BE_DMEL.006096.35' length='7' chromosome='3R' location='2759243' strand='revcomp'>
   <sequence>TAATTCA</sequence>
  </segment>
  <segment type='site' id='PMSIT.BE_DMEL.006099.36' length='7' chromosome='3R' location='2759277' strand='revcomp'>
   <sequence>AAATTAT</sequence>
  </segment>
  <segment type='site' id='PMSIT.BE_DMEL.006100.37' length='7' chromosome='3R' location='2759294' strand='revcomp'>
   <sequence>CAATTTA</sequence>
  </segment>
  <segment type='site' id='PMSIT.BE_DMEL.006103.38' length='7' chromosome='3R' location='2759410' strand='revcomp'>
   <sequence>TAATTAT</sequence>
  </segment>
  <segment type='site' id='PMSIT.BE_DMEL.006105.39' length='7' chromosome='3R' location='2759469' strand='direct'>
   <sequence>AAATTAA</sequence>
  </segment>
  <segment type='site' id='PMSIT.BE_DMEL.006107.40' length='7' chromosome='3R' location='2759490' strand='direct'>
   <sequence>CAATAAA</sequence>
  </segment>
  <segment type='site' id='PMSIT.BE_DMEL.006108.41' length='7' chromosome='3R' location='2759510' strand='direct'>
   <sequence>AAATAAA</sequence>
  </segment>
  <segment type='site' id='PMSIT.BE_DMEL.006111.42' length='7' chromosome='3R' location='2759530' strand='direct'>
   <sequence>ATATAAA</sequence>
  </segment>
  <segment type='site' id='PMSIT.BE_DMEL.006113.43' length='7' chromosome='3R' location='2759541' strand='direct'>
   <sequence>TAATTAA</sequence>
  </segment>
  <segment type='site' id='PMSIT.BE_DMEL.006114.44' length='7' chromosome='3R' location='2759634' strand='revcomp'>
   <sequence>CAATTAT</sequence>
  </segment>
  <segment type='site' id='PMSIT.BE_DMEL.006117.45' length='7' chromosome='3R' location='2759800' strand='direct'>
   <sequence>AAATTAC</sequence>
  </segment>
  <segment type='site' id='PMSIT.BE_DMEL.006118.46' length='7' chromosome='3R' location='2759820' strand='direct'>
   <sequence>AAATACA</sequence>
  </segment>
  <segment type='site' id='PMSIT.BE_DMEL.006121.47' length='7' chromosome='3R' location='2760083' strand='direct'>
   <sequence>TCATTAC</sequence>
  </segment>
  <segment type='site' id='PMSIT.BE_DMEL.006122.48' length='7' chromosome='3R' location='2760179' strand='direct'>
   <sequence>CCATAAA</sequence>
  </segment>
  <segment type='site' id='PMSIT.BE_DMEL.006125.49' length='7' chromosome='3R' location='2760275' strand='revcomp'>
   <sequence>GCATTAA</sequence>
  </segment>
  <segment type='site' id='PMSIT.BE_DMEL.006126.50' length='7' chromosome='3R' location='2760340' strand='direct'>
   <sequence>TGATTAA</sequence>
  </segment>
  <segment type='site' id='PMSIT.BE_DMEL.006129.51' length='7' chromosome='3R' location='2760478' strand='revcomp'>
   <sequence>TTATTAA</sequence>
  </segment>
  <segment type='site' id='PMSIT.BE_DMEL.006130.52' length='7' chromosome='3R' location='2760512' strand='revcomp'>
   <sequence>AAATTAA</sequence>
  </segment>
  <segment type='site' id='PMSIT.BE_DMEL.006130.53' length='7' chromosome='3R' location='2760517' strand='revcomp'>
   <sequence>AAATTAA</sequence>
  </segment>
  <segment type='site' id='PMSIT.BE_DMEL.006133.54' length='7' chromosome='3R' location='2760556' strand='direct'>
   <sequence>CCATTAA</sequence>
  </segment>
  <segment type='site' id='PMSIT.BE_DMEL.006135.55' length='7' chromosome='3R' location='2760612' strand='revcomp'>
   <sequence>GCATTAG</sequence>
  </segment>
  <segment type='site' id='PMSIT.BE_DMEL.006440.56' length='7' chromosome='3R' location='2824556' strand='revcomp'>
   <sequence>TCATAAA</sequence>
  </segment>
  <segment type='site' id='PMSIT.BE_DMEL.006443.57' length='7' chromosome='3R' location='2824646' strand='revcomp'>
   <sequence>TCATAAA</sequence>
  </segment>
  <segment type='site' id='PMSIT.BE_DMEL.004111.58' length='7' chromosome='3R' location='2830995' strand='direct'>
   <sequence>TAATAAA</sequence>
  </segment>
  <segment type='site' id='PMSIT.BE_DMEL.006146.59' length='7' chromosome='3R' location='12559864' strand='revcomp'>
   <sequence>CAATAAA</sequence>
  </segment>
  <segment type='site' id='PMSIT.BE_DMEL.006153.60' length='7' chromosome='3R' location='12560096' strand='direct'>
   <sequence>TAATAAA</sequence>
  </segment>
 </group>
</smallbismark>