<?xml version='1.0' encoding='UTF-8'?>
<smallbismark>
 <comment name='WARNING'>This is a draft version of small-BiSMark. Specification is the subject to change!</comment>
 <group name='best hits of motifs/VND_imm.xml on footprints/VND_footprints.xml (flank_length=6)' size='3'>
  <segment type='site' id='PMSIT.BE_DMEL.004722.0' length='8' chromosome='3L' location='15005771' strand='direct'>
   <sequence>GCACTTGA</sequence>
  </segment>
  <segment type='site' id='PMSIT.BE_DMEL.004723.1' length='8' chromosome='3L' location='15005803' strand='revcomp'>
   <sequence>CCACTTGA</sequence>
  </segment>
  <segment type='site' id='PMSIT.BE_DMEL.004724.2' length='8' chromosome='3L' location='15005820' strand='direct'>
   <sequence>ACACTTGA</sequence>
  </segment>
 </group>
</smallbismark>