<?xml version='1.0' encoding='UTF-8'?>
<smallbismark>
 <comment name='WARNING'>This is a draft version of small-BiSMark. Specification is the subject to change!</comment>
 <group name='best hits of motifs/Z_imm.xml on footprints/Z_footprints.xml (flank_length=5)' size='41'>
  <segment type='site' id='PMSIT.BE_DMEL.002916.0' length='10' chromosome='X' location='2304146' strand='revcomp'>
   <sequence>TTTCACTCGA</sequence>
  </segment>
  <segment type='site' id='PMSIT.BE_DMEL.002917.1' length='10' chromosome='X' location='2304182' strand='revcomp'>
   <sequence>CGCCGCTCAA</sequence>
  </segment>
  <segment type='site' id='PMSIT.BE_DMEL.006461.2' length='10' chromosome='X' location='2651306' strand='direct'>
   <sequence>AGCGACTCAA</sequence>
  </segment>
  <segment type='site' id='PMSIT.BE_DMEL.006462.3' length='10' chromosome='X' location='2651360' strand='direct'>
   <sequence>GTGCACTCAA</sequence>
  </segment>
  <segment type='site' id='PMSIT.BE_DMEL.006452.4' length='10' chromosome='X' location='2652759' strand='revcomp'>
   <sequence>TTCCACTCAA</sequence>
  </segment>
  <segment type='site' id='PMSIT.BE_DMEL.006453.5' length='10' chromosome='X' location='2652776' strand='revcomp'>
   <sequence>TCTCACTCAA</sequence>
  </segment>
  <segment type='site' id='PMSIT.BE_DMEL.006454.6' length='10' chromosome='X' location='2653049' strand='revcomp'>
   <sequence>AGCCACTCAG</sequence>
  </segment>
  <segment type='site' id='PMSIT.BE_DMEL.006455.7' length='10' chromosome='X' location='2653079' strand='revcomp'>
   <sequence>TCCCACTCAA</sequence>
  </segment>
  <segment type='site' id='PMSIT.BE_DMEL.006456.8' length='10' chromosome='X' location='2653813' strand='direct'>
   <sequence>TTTCACTCAT</sequence>
  </segment>
  <segment type='site' id='PMSIT.BE_DMEL.006457.9' length='10' chromosome='X' location='2653843' strand='direct'>
   <sequence>TTTCGCTCAG</sequence>
  </segment>
  <segment type='site' id='PMSIT.BE_DMEL.006458.10' length='10' chromosome='X' location='2653882' strand='revcomp'>
   <sequence>CTCCACTCAA</sequence>
  </segment>
  <segment type='site' id='PMSIT.BE_DMEL.006459.11' length='10' chromosome='X' location='2653949' strand='direct'>
   <sequence>ACTCACTCAA</sequence>
  </segment>
  <segment type='site' id='PMSIT.BE_DMEL.006460.12' length='10' chromosome='X' location='2653991' strand='direct'>
   <sequence>TGTCACTCGC</sequence>
  </segment>
  <segment type='site' id='PMSIT.BE_DMEL.002910.13' length='10' chromosome='2L' location='2450871' strand='direct'>
   <sequence>AACCACTCAA</sequence>
  </segment>
  <segment type='site' id='PMSIT.BE_DMEL.002911.14' length='10' chromosome='2L' location='2450911' strand='revcomp'>
   <sequence>ACACACTCAA</sequence>
  </segment>
  <segment type='site' id='PMSIT.BE_DMEL.002912.15' length='10' chromosome='2L' location='2450931' strand='direct'>
   <sequence>GGCCACTCAA</sequence>
  </segment>
  <segment type='site' id='PMSIT.BE_DMEL.005968.16' length='10' chromosome='3L' location='17584616' strand='direct'>
   <sequence>ACCCGCTCAC</sequence>
  </segment>
  <segment type='site' id='PMSIT.BE_DMEL.005970.17' length='10' chromosome='3L' location='17584667' strand='direct'>
   <sequence>AAACGCTCAA</sequence>
  </segment>
  <segment type='site' id='PMSIT.BE_DMEL.002906.18' length='10' chromosome='3R' location='12481457' strand='revcomp'>
   <sequence>AAGCACTCCA</sequence>
  </segment>
  <segment type='site' id='PMSIT.BE_DMEL.002907.19' length='10' chromosome='3R' location='12481490' strand='revcomp'>
   <sequence>ACTCACTCGA</sequence>
  </segment>
  <segment type='site' id='PMSIT.BE_DMEL.002908.20' length='10' chromosome='3R' location='12481508' strand='direct'>
   <sequence>TATATCTCAT</sequence>
  </segment>
  <segment type='site' id='PMSIT.BE_DMEL.006156.21' length='10' chromosome='3R' location='12560197' strand='direct'>
   <sequence>ACTCACTCGA</sequence>
  </segment>
  <segment type='site' id='PMSIT.BE_DMEL.006157.22' length='10' chromosome='3R' location='12560219' strand='revcomp'>
   <sequence>TTCCACTCGT</sequence>
  </segment>
  <segment type='site' id='PMSIT.BE_DMEL.006159.23' length='10' chromosome='3R' location='12560250' strand='direct'>
   <sequence>AAACGCTCAA</sequence>
  </segment>
  <segment type='site' id='PMSIT.BE_DMEL.006162.24' length='10' chromosome='3R' location='12560273' strand='revcomp'>
   <sequence>GAGCGCTCAA</sequence>
  </segment>
  <segment type='site' id='PMSIT.BE_DMEL.006164.25' length='10' chromosome='3R' location='12560295' strand='revcomp'>
   <sequence>GAACACTCAA</sequence>
  </segment>
  <segment type='site' id='PMSIT.BE_DMEL.006200.26' length='10' chromosome='3R' location='12589463' strand='direct'>
   <sequence>TTCCACTTAC</sequence>
  </segment>
  <segment type='site' id='PMSIT.BE_DMEL.006206.27' length='10' chromosome='3R' location='12589608' strand='revcomp'>
   <sequence>AAGCTCTCGC</sequence>
  </segment>
  <segment type='site' id='PMSIT.BE_DMEL.006210.28' length='10' chromosome='3R' location='12589729' strand='revcomp'>
   <sequence>GTGCTCTCTT</sequence>
  </segment>
  <segment type='site' id='PMSIT.BE_DMEL.006212.29' length='10' chromosome='3R' location='12589746' strand='revcomp'>
   <sequence>TTTGTCTCAA</sequence>
  </segment>
  <segment type='site' id='PMSIT.BE_DMEL.006215.30' length='10' chromosome='3R' location='12589876' strand='revcomp'>
   <sequence>TATCTCTCCC</sequence>
  </segment>
  <segment type='site' id='PMSIT.BE_DMEL.006219.31' length='10' chromosome='3R' location='12589958' strand='direct'>
   <sequence>TCTCGCTCTT</sequence>
  </segment>
  <segment type='site' id='PMSIT.BE_DMEL.006222.32' length='10' chromosome='3R' location='12590002' strand='revcomp'>
   <sequence>GATAACTCAA</sequence>
  </segment>
  <segment type='site' id='PMSIT.BE_DMEL.006228.33' length='10' chromosome='3R' location='12590091' strand='direct'>
   <sequence>TATGGCTCAT</sequence>
  </segment>
  <segment type='site' id='PMSIT.BE_DMEL.006229.34' length='10' chromosome='3R' location='12590110' strand='revcomp'>
   <sequence>ACGCACTCAA</sequence>
  </segment>
  <segment type='site' id='PMSIT.BE_DMEL.006232.35' length='10' chromosome='3R' location='12590314' strand='direct'>
   <sequence>AATTGCTCCG</sequence>
  </segment>
  <segment type='site' id='PMSIT.BE_DMEL.006234.36' length='10' chromosome='3R' location='12590380' strand='direct'>
   <sequence>ATGCACTCAT</sequence>
  </segment>
  <segment type='site' id='PMSIT.BE_DMEL.006236.37' length='10' chromosome='3R' location='12590410' strand='direct'>
   <sequence>AAAGGCTCAT</sequence>
  </segment>
  <segment type='site' id='PMSIT.BE_DMEL.006241.38' length='10' chromosome='3R' location='12590586' strand='revcomp'>
   <sequence>ACTGACTCAT</sequence>
  </segment>
  <segment type='site' id='PMSIT.BE_DMEL.006244.39' length='10' chromosome='3R' location='12590721' strand='revcomp'>
   <sequence>AGTAACTCGA</sequence>
  </segment>
  <segment type='site' id='PMSIT.BE_DMEL.006246.40' length='10' chromosome='3R' location='12590734' strand='revcomp'>
   <sequence>ATTATCTCAT</sequence>
  </segment>
 </group>
</smallbismark>