<?xml version='1.0' encoding='UTF-8'?>
<smallbismark>
 <comment name='WARNING'>This is a draft version of small-BiSMark. Specification is the subject to change!</comment>
 <motif name='dl' id='DL.MTF'>
  <comment name='discrete information content by position'>[-0.869286776290292, -0.336689924060795, 0.0, -0.113373246055405, -0.941926978686699, -0.705531613434379, -0.202511534367666, -0.202511534367666, -0.225616440388287, -0.765256929073359, -0.764066326321865, -1.09921027439653, -0.712895408040546, -0.996132321538337]</comment>
  <comment name='discrete information content'>-7.93500930702183</comment>
  <PPM words-count='30.0' length='14'>
   <pm-column position='1'>
    <a>0.0666666666666667</a>
    <c>0.0333333333333333</c>
    <g>0.5</g>
    <t>0.4</t>
   </pm-column>
   <pm-column position='2'>
    <a>0.0333333333333333</a>
    <c>0.0333333333333333</c>
    <g>0.9</g>
    <t>0.0333333333333333</t>
   </pm-column>
   <pm-column position='3'>
    <a>0.0</a>
    <c>0.0</c>
    <g>1.0</g>
    <t>0.0</t>
   </pm-column>
   <pm-column position='4'>
    <a>0.0333333333333333</a>
    <c>0.0</c>
    <g>0.966666666666667</g>
    <t>0.0</t>
   </pm-column>
   <pm-column position='5'>
    <a>0.466666666666667</a>
    <c>0.0</c>
    <g>0.266666666666667</g>
    <t>0.266666666666667</t>
   </pm-column>
   <pm-column position='6'>
    <a>0.566666666666667</a>
    <c>0.0333333333333333</c>
    <g>0.0</g>
    <t>0.4</t>
   </pm-column>
   <pm-column position='7'>
    <a>0.0666666666666667</a>
    <c>0.0</c>
    <g>0.0</g>
    <t>0.933333333333333</t>
   </pm-column>
   <pm-column position='8'>
    <a>0.0666666666666667</a>
    <c>0.0</c>
    <g>0.0</g>
    <t>0.933333333333333</t>
   </pm-column>
   <pm-column position='9'>
    <a>0.0333333333333333</a>
    <c>0.933333333333333</c>
    <g>0.0</g>
    <t>0.0333333333333333</t>
   </pm-column>
   <pm-column position='10'>
    <a>0.0</a>
    <c>0.566666666666667</c>
    <g>0.0666666666666667</g>
    <t>0.366666666666667</t>
   </pm-column>
   <pm-column position='11'>
    <a>0.1</a>
    <c>0.633333333333333</c>
    <g>0.266666666666667</g>
    <t>0.0</t>
   </pm-column>
   <pm-column position='12'>
    <a>0.133333333333333</a>
    <c>0.466666666666667</c>
    <g>0.166666666666667</g>
    <t>0.233333333333333</t>
   </pm-column>
   <pm-column position='13'>
    <a>0.708333333333333</a>
    <c>0.141666666666667</c>
    <g>0.00833333333333333</g>
    <t>0.141666666666667</t>
   </pm-column>
   <pm-column position='14'>
    <a>0.0833333333333333</a>
    <c>0.15</c>
    <g>0.55</g>
    <t>0.216666666666667</t>
   </pm-column>
  </PPM>
  <PWM words-count='30.0' length='14'>
   <pm-column position='1'>
    <a>-1.17129914342999</a>
    <c>-1.41533963639876</c>
    <g>0.796175826439146</g>
    <t>0.300579234852689</t>
   </pm-column>
   <pm-column position='2'>
    <a>-1.58038263912665</a>
    <c>-1.41533963639876</c>
    <g>1.36333799415974</g>
    <t>-1.58038263912665</t>
   </pm-column>
   <pm-column position='3'>
    <a>-2.28446420838889</a>
    <c>-2.28446420838889</c>
    <g>1.46609027985771</g>
    <t>-2.28446420838889</t>
   </pm-column>
   <pm-column position='4'>
    <a>-1.58038263912665</a>
    <c>-2.28446420838889</c>
    <g>1.43299890711074</g>
    <t>-2.28446420838889</t>
   </pm-column>
   <pm-column position='5'>
    <a>0.443901093457886</a>
    <c>-2.28446420838889</c>
    <g>0.206969228358785</g>
    <t>-0.0678826148087544</t>
   </pm-column>
   <pm-column position='6'>
    <a>0.626462028019755</a>
    <c>-1.41533963639876</c>
    <g>-2.28446420838889</g>
    <t>0.300579234852689</t>
   </pm-column>
   <pm-column position='7'>
    <a>-1.17129914342999</a>
    <c>-2.28446420838889</c>
    <g>-2.28446420838889</g>
    <t>1.10383993509635</t>
   </pm-column>
   <pm-column position='8'>
    <a>-1.17129914342999</a>
    <c>-2.28446420838889</c>
    <g>-2.28446420838889</g>
    <t>1.10383993509635</t>
   </pm-column>
   <pm-column position='9'>
    <a>-1.58038263912665</a>
    <c>1.39877490837747</c>
    <g>-2.28446420838889</g>
    <t>-1.58038263912665</t>
   </pm-column>
   <pm-column position='10'>
    <a>-2.28446420838889</a>
    <c>0.915920805790872</c>
    <g>-0.957483535371045</g>
    <t>0.220398368016783</t>
   </pm-column>
   <pm-column position='11'>
    <a>-0.881812775142984</a>
    <c>1.02284810966824</c>
    <g>0.206969228358785</g>
    <t>-2.28446420838889</t>
   </pm-column>
   <pm-column position='12'>
    <a>-0.657588206894965</a>
    <c>0.730458288794996</c>
    <g>-0.214554072032913</g>
    <t>-0.185965240215858</t>
   </pm-column>
   <pm-column position='13'>
    <a>0.838660844468254</a>
    <c>-0.355047278218085</c>
    <g>-1.98717427722219</g>
    <t>-0.608592267166301</t>
   </pm-column>
   <pm-column position='14'>
    <a>-1.01611703881485</a>
    <c>-0.305990082740919</c>
    <g>0.887301823790543</g>
    <t>-0.250683558295258</t>
   </pm-column>
  </PWM>
 </motif>
</smallbismark>