<?xml version='1.0' encoding='UTF-8'?>
<smallbismark>
 <comment name='WARNING'>This is a draft version of small-BiSMark. Specification is the subject to change!</comment>
 <motif name='dl' id='DL.MTF'>
  <comment name='discrete information content by position'>[-0.657714640517996, -1.10434863039078, -0.816004480256795, -0.765256929073359, -0.225616440388287, -0.202511534367666, -0.202511534367666, -0.692016109830774, -0.941926978686699, -0.113373246055405, 0.0, -0.336689924060795, -0.859697373875232]</comment>
  <comment name='discrete information content'>-6.91766782187145</comment>
  <PPM words-count='30.0' length='13'>
   <pm-column position='1'>
    <a>0.108333333333333</a>
    <c>0.00833333333333333</c>
    <g>0.141666666666667</g>
    <t>0.741666666666667</t>
   </pm-column>
   <pm-column position='2'>
    <a>0.2</a>
    <c>0.2</c>
    <g>0.466666666666667</g>
    <t>0.133333333333333</t>
   </pm-column>
   <pm-column position='3'>
    <a>0.0</a>
    <c>0.266666666666667</c>
    <g>0.6</g>
    <t>0.133333333333333</t>
   </pm-column>
   <pm-column position='4'>
    <a>0.366666666666667</a>
    <c>0.0666666666666667</c>
    <g>0.566666666666667</g>
    <t>0.0</t>
   </pm-column>
   <pm-column position='5'>
    <a>0.0333333333333333</a>
    <c>0.0</c>
    <g>0.933333333333333</g>
    <t>0.0333333333333333</t>
   </pm-column>
   <pm-column position='6'>
    <a>0.933333333333333</a>
    <c>0.0</c>
    <g>0.0</g>
    <t>0.0666666666666667</t>
   </pm-column>
   <pm-column position='7'>
    <a>0.933333333333333</a>
    <c>0.0</c>
    <g>0.0</g>
    <t>0.0666666666666667</t>
   </pm-column>
   <pm-column position='8'>
    <a>0.366666666666667</a>
    <c>0.0</c>
    <g>0.0333333333333333</g>
    <t>0.6</t>
   </pm-column>
   <pm-column position='9'>
    <a>0.266666666666667</a>
    <c>0.266666666666667</c>
    <g>0.0</g>
    <t>0.466666666666667</t>
   </pm-column>
   <pm-column position='10'>
    <a>0.0</a>
    <c>0.966666666666667</c>
    <g>0.0</g>
    <t>0.0333333333333333</t>
   </pm-column>
   <pm-column position='11'>
    <a>0.0</a>
    <c>1.0</c>
    <g>0.0</g>
    <t>0.0</t>
   </pm-column>
   <pm-column position='12'>
    <a>0.0333333333333333</a>
    <c>0.9</c>
    <g>0.0333333333333333</g>
    <t>0.0333333333333333</t>
   </pm-column>
   <pm-column position='13'>
    <a>0.366666666666667</a>
    <c>0.533333333333333</c>
    <g>0.0333333333333333</g>
    <t>0.0666666666666667</t>
   </pm-column>
  </PPM>
  <PWM words-count='30.0' threshold='3.71412316593789' length='13'>
   <pm-column position='1'>
    <a>-0.82087008584384</a>
    <c>-1.98717427722219</c>
    <g>-0.355047278218085</g>
    <t>0.882665598527305</t>
   </pm-column>
   <pm-column position='2'>
    <a>-0.319881951593247</a>
    <c>-0.053489710600415</c>
    <g>0.730458288794996</g>
    <t>-0.657588206894965</t>
   </pm-column>
   <pm-column position='3'>
    <a>-2.28446420838889</a>
    <c>0.206969228358785</c>
    <g>0.970812958434567</g>
    <t>-0.657588206894965</t>
   </pm-column>
   <pm-column position='4'>
    <a>0.220398368016783</a>
    <c>-0.957483535371045</c>
    <g>0.915920805790872</g>
    <t>-2.28446420838889</t>
   </pm-column>
   <pm-column position='5'>
    <a>-1.58038263912665</a>
    <c>-2.28446420838889</c>
    <g>1.39877490837747</g>
    <t>-1.58038263912665</t>
   </pm-column>
   <pm-column position='6'>
    <a>1.10383993509635</a>
    <c>-2.28446420838889</c>
    <g>-2.28446420838889</g>
    <t>-1.17129914342999</t>
   </pm-column>
   <pm-column position='7'>
    <a>1.10383993509635</a>
    <c>-2.28446420838889</c>
    <g>-2.28446420838889</g>
    <t>-1.17129914342999</t>
   </pm-column>
   <pm-column position='8'>
    <a>0.220398368016783</a>
    <c>-2.28446420838889</c>
    <g>-1.41533963639876</g>
    <t>0.680592233916811</t>
   </pm-column>
   <pm-column position='9'>
    <a>-0.0678826148087544</a>
    <c>0.206969228358785</c>
    <g>-2.28446420838889</g>
    <t>0.443901093457886</t>
   </pm-column>
   <pm-column position='10'>
    <a>-2.28446420838889</a>
    <c>1.43299890711074</c>
    <g>-2.28446420838889</g>
    <t>-1.58038263912665</t>
   </pm-column>
   <pm-column position='11'>
    <a>-2.28446420838889</a>
    <c>1.46609027985771</c>
    <g>-2.28446420838889</g>
    <t>-2.28446420838889</t>
   </pm-column>
   <pm-column position='12'>
    <a>-1.58038263912665</a>
    <c>1.36333799415974</c>
    <g>-1.41533963639876</g>
    <t>-1.58038263912665</t>
   </pm-column>
   <pm-column position='13'>
    <a>0.220398368016783</a>
    <c>0.857839603799058</c>
    <g>-1.41533963639876</g>
    <t>-1.17129914342999</t>
   </pm-column>
  </PWM>
 </motif>
</smallbismark>