<?xml version='1.0' encoding='UTF-8'?>
<smallbismark>
 <comment name='WARNING'>This is a draft version of small-BiSMark. Specification is the subject to change!</comment>
 <motif name='nub' id='NUB.MTF'>
  <comment name='discrete information content by position'>[-1.12782046525205, -0.995714995467206, -0.546228302732195, -0.0813199735452428, -0.0813199735452428, -0.431948968711272, -0.658543999517581, -0.484648936010343, -0.108304246962491, -0.215616347102652, -0.534943870773907, -1.18148873855274, -0.847301959243124, -1.09767077115124]</comment>
  <comment name='discrete information content'>-8.39287154856729</comment>
  <PPM words-count='32.0' length='14'>
   <pm-column position='1'>
    <a>0.390625</a>
    <c>0.328125</c>
    <g>0.140625</g>
    <t>0.140625</t>
   </pm-column>
   <pm-column position='2'>
    <a>0.5078125</a>
    <c>0.0390625</c>
    <g>0.1953125</g>
    <t>0.2578125</t>
   </pm-column>
   <pm-column position='3'>
    <a>0.0703125</a>
    <c>0.0703125</c>
    <g>0.0390625</g>
    <t>0.8203125</t>
   </pm-column>
   <pm-column position='4'>
    <a>0.9765625</a>
    <c>0.0078125</c>
    <g>0.0078125</g>
    <t>0.0078125</t>
   </pm-column>
   <pm-column position='5'>
    <a>0.0078125</a>
    <c>0.0078125</c>
    <g>0.0078125</g>
    <t>0.9765625</t>
   </pm-column>
   <pm-column position='6'>
    <a>0.0</a>
    <c>0.03125</c>
    <g>0.84375</g>
    <t>0.125</t>
   </pm-column>
   <pm-column position='7'>
    <a>0.0</a>
    <c>0.65625</c>
    <g>0.03125</g>
    <t>0.3125</t>
   </pm-column>
   <pm-column position='8'>
    <a>0.8125</a>
    <c>0.0</c>
    <g>0.03125</g>
    <t>0.15625</t>
   </pm-column>
   <pm-column position='9'>
    <a>0.96875</a>
    <c>0.0</c>
    <g>0.03125</g>
    <t>0.0</t>
   </pm-column>
   <pm-column position='10'>
    <a>0.9375</a>
    <c>0.0</c>
    <g>0.03125</g>
    <t>0.03125</t>
   </pm-column>
   <pm-column position='11'>
    <a>0.125</a>
    <c>0.03125</c>
    <g>0.03125</g>
    <t>0.8125</t>
   </pm-column>
   <pm-column position='12'>
    <a>0.1875</a>
    <c>0.1875</c>
    <g>0.25</g>
    <t>0.375</t>
   </pm-column>
   <pm-column position='13'>
    <a>0.65625</a>
    <c>0.1875</c>
    <g>0.0625</g>
    <t>0.09375</t>
   </pm-column>
   <pm-column position='14'>
    <a>0.171875</a>
    <c>0.140625</c>
    <g>0.484375</g>
    <t>0.203125</t>
   </pm-column>
  </PPM>
  <PWM words-count='32.0' length='14'>
   <pm-column position='1'>
    <a>0.279782243986154</a>
    <c>0.400238842847787</c>
    <g>-0.36334491764046</g>
    <t>-0.618477174336004</t>
   </pm-column>
   <pm-column position='2'>
    <a>0.524952194380035</a>
    <c>-1.33283750688504</c>
    <g>-0.0749858473299769</g>
    <t>-0.0983842731022406</t>
   </pm-column>
   <pm-column position='3'>
    <a>-1.14494170352094</a>
    <c>-0.924994453460277</c>
    <g>-1.33283750688504</g>
    <t>0.982256310755492</t>
   </pm-column>
   <pm-column position='4'>
    <a>1.15073761118723</a>
    <c>-2.0331526405626</c>
    <g>-2.0331526405626</g>
    <t>-2.10190719184458</t>
   </pm-column>
   <pm-column position='5'>
    <a>-2.10190719184458</a>
    <c>-2.0331526405626</c>
    <g>-2.0331526405626</g>
    <t>1.15073761118723</t>
   </pm-column>
   <pm-column position='6'>
    <a>-2.32564205270052</a>
    <c>-1.46738975249025</c>
    <g>1.30385684949171</g>
    <t>-0.713840997091304</t>
   </pm-column>
   <pm-column position='7'>
    <a>-2.32564205270052</a>
    <c>1.06009368847518</c>
    <g>-1.46738975249025</g>
    <t>0.074938177823808</t>
   </pm-column>
   <pm-column position='8'>
    <a>0.973038653604345</a>
    <c>-2.32564205270052</c>
    <g>-1.46738975249025</g>
    <t>-0.531421097085265</t>
   </pm-column>
   <pm-column position='9'>
    <a>1.14295475636239</a>
    <c>-2.32564205270052</c>
    <g>-1.46738975249025</g>
    <t>-2.32564205270052</t>
   </pm-column>
   <pm-column position='10'>
    <a>1.11120308528817</a>
    <c>-2.32564205270052</c>
    <g>-1.46738975249025</g>
    <t>-1.6310172533579</t>
   </pm-column>
   <pm-column position='11'>
    <a>-0.713840997091304</a>
    <c>-1.46738975249025</c>
    <g>-1.46738975249025</g>
    <t>0.973038653604345</t>
   </pm-column>
   <pm-column position='12'>
    <a>-0.377200178027305</a>
    <c>-0.111428690855736</c>
    <g>0.14856368281209</g>
    <t>0.242033513273853</t>
   </pm-column>
   <pm-column position='13'>
    <a>0.768219417220005</a>
    <c>-0.111428690855736</c>
    <g>-1.0124377637641</g>
    <t>-0.937132081359868</t>
   </pm-column>
   <pm-column position='14'>
    <a>-0.451340567674461</a>
    <c>-0.36334491764046</c>
    <g>0.768351957852492</g>
    <t>-0.308179212229408</t>
   </pm-column>
  </PWM>
 </motif>
</smallbismark>