<?xml version='1.0' encoding='UTF-8'?>
<smallbismark>
 <comment name='WARNING'>This is a draft version of small-BiSMark. Specification is the subject to change!</comment>
 <motif name='z' id='Z.MTF'>
  <comment name='discrete information content by position'>[-0.643097676648349, -0.868778254858743, -0.0905749284562025, 0.0, -0.0905749284562025, -0.750884769519785, -0.962063157181043, -1.1519334324833, -1.10112584051818]</comment>
  <comment name='discrete information content'>-5.65903298812181</comment>
  <PPM words-count='41.0' length='9'>
   <pm-column position='1'>
    <a>0.121951219512195</a>
    <c>0.75609756097561</c>
    <g>0.121951219512195</g>
    <t>0.0</t>
   </pm-column>
   <pm-column position='2'>
    <a>0.585365853658537</a>
    <c>0.0</c>
    <g>0.24390243902439</g>
    <t>0.170731707317073</t>
   </pm-column>
   <pm-column position='3'>
    <a>0.0</a>
    <c>0.975609756097561</c>
    <g>0.024390243902439</g>
    <t>0.0</t>
   </pm-column>
   <pm-column position='4'>
    <a>0.0</a>
    <c>0.0</c>
    <g>0.0</g>
    <t>1.0</t>
   </pm-column>
   <pm-column position='5'>
    <a>0.0</a>
    <c>0.975609756097561</c>
    <g>0.024390243902439</g>
    <t>0.0</t>
   </pm-column>
   <pm-column position='6'>
    <a>0.707317073170732</a>
    <c>0.0487804878048781</c>
    <g>0.195121951219512</g>
    <t>0.0487804878048781</t>
   </pm-column>
   <pm-column position='7'>
    <a>0.560975609756098</a>
    <c>0.121951219512195</c>
    <g>0.0487804878048781</g>
    <t>0.268292682926829</t>
   </pm-column>
   <pm-column position='8'>
    <a>0.414634146341463</a>
    <c>0.170731707317073</c>
    <g>0.121951219512195</g>
    <t>0.292682926829268</t>
   </pm-column>
   <pm-column position='9'>
    <a>0.365853658536585</a>
    <c>0.170731707317073</c>
    <g>0.0731707317073171</g>
    <t>0.390243902439024</t>
   </pm-column>
  </PPM>
  <PWM words-count='41.0' threshold='4.30636211030189' length='9'>
   <pm-column position='1'>
    <a>-0.751312154580382</a>
    <c>1.20852476551673</c>
    <g>-0.494715789644405</g>
    <t>-2.48828284656952</t>
   </pm-column>
   <pm-column position='2'>
    <a>0.667207095756915</a>
    <c>-2.48828284656952</c>
    <g>0.127896960212805</g>
    <t>-0.466449927799865</t>
   </pm-column>
   <pm-column position='3'>
    <a>-2.48828284656952</a>
    <c>1.45782080510447</c>
    <g>-1.66923673933079</g>
    <t>-2.48828284656952</t>
   </pm-column>
   <pm-column position='4'>
    <a>-2.48828284656952</a>
    <c>-2.48828284656952</c>
    <g>-2.48828284656952</g>
    <t>1.18489666446791</t>
   </pm-column>
   <pm-column position='5'>
    <a>-2.48828284656952</a>
    <c>1.45782080510447</c>
    <g>-1.66923673933079</g>
    <t>-2.48828284656952</t>
   </pm-column>
   <pm-column position='6'>
    <a>0.849074119448297</a>
    <c>-1.2250972079724</c>
    <g>-0.0771411100687346</g>
    <t>-1.43325880140037</t>
   </pm-column>
   <pm-column position='7'>
    <a>0.626498702238334</a>
    <c>-0.494715789644405</c>
    <g>-1.2250972079724</g>
    <t>-0.0638126393833808</t>
   </pm-column>
   <pm-column position='8'>
    <a>0.339762803267592</a>
    <c>-0.197937818697766</c>
    <g>-0.494715789644405</g>
    <t>0.0157943084767519</t>
   </pm-column>
   <pm-column position='9'>
    <a>0.222452518846759</a>
    <c>-0.197937818697766</c>
    <g>-0.918624728088695</g>
    <t>0.282826888437621</t>
   </pm-column>
  </PWM>
 </motif>
</smallbismark>