<?xml version='1.0' encoding='UTF-8'?>
<smallbismark>
 <comment name='WARNING'>This is a draft version of small-BiSMark. Specification is the subject to change!</comment>
 <motif name='z' id='Z.MTF'>
  <comment name='discrete information content by position'>[-0.955642502157266, -1.25152390119509, -1.1255096868767, -0.489024600382136, -0.654292625145025, -0.0247490324740718, 8.86918592154452e-015, -0.0770735989784291, -0.667222764044705, -0.844123587583356]</comment>
  <comment name='discrete information content'>-6.08916229883677</comment>
  <PPM words-count='141.0' length='10'>
   <pm-column position='1'>
    <a>0.511707317073171</a>
    <c>0.0243902439024391</c>
    <g>0.0781707317073172</g>
    <t>0.385731707317073</t>
   </pm-column>
   <pm-column position='2'>
    <a>0.293536585365854</a>
    <c>0.251951219512195</c>
    <g>0.0981707317073172</g>
    <t>0.356341463414634</t>
   </pm-column>
   <pm-column position='3'>
    <a>0.0859756097560977</a>
    <c>0.274146341463415</c>
    <g>0.130365853658537</g>
    <t>0.509512195121951</t>
   </pm-column>
   <pm-column position='4'>
    <a>0.0537804878048781</a>
    <c>0.863048780487805</c>
    <g>0.0709756097560976</g>
    <t>0.0121951219512195</t>
   </pm-column>
   <pm-column position='5'>
    <a>0.774878048780488</a>
    <c>0.0</c>
    <g>0.131951219512195</g>
    <t>0.0931707317073172</t>
   </pm-column>
   <pm-column position='6'>
    <a>0.0</a>
    <c>0.995000000000001</c>
    <g>0.0</g>
    <t>0.005</t>
   </pm-column>
   <pm-column position='7'>
    <a>0.0</a>
    <c>0.0</c>
    <g>0.0</g>
    <t>1.0</t>
   </pm-column>
   <pm-column position='8'>
    <a>0.0</a>
    <c>0.982804878048782</c>
    <g>0.0</g>
    <t>0.0171951219512195</t>
   </pm-column>
   <pm-column position='9'>
    <a>0.783658536585366</a>
    <c>0.0365853658536586</c>
    <g>0.145365853658537</g>
    <t>0.0343902439024391</t>
   </pm-column>
   <pm-column position='10'>
    <a>0.715487804878049</a>
    <c>0.0709756097560976</c>
    <g>0.0665853658536586</g>
    <t>0.146951219512195</t>
   </pm-column>
  </PPM>
  <PWM words-count='141.0' threshold='3.44400374306543' length='10'>
   <pm-column position='1'>
    <a>0.56092001606463</a>
    <c>-1.93176940740607</c>
    <g>-0.942605182017523</g>
    <t>0.284609028944871</t>
   </pm-column>
   <pm-column position='2'>
    <a>0.0194492556718823</a>
    <c>0.165830572808373</c>
    <g>-0.732681563611147</g>
    <t>0.20745810515883</t>
   </pm-column>
   <pm-column position='3'>
    <a>-1.1312670002305</a>
    <c>0.247928735919909</c>
    <g>-0.466621448578957</g>
    <t>0.556704352459173</t>
   </pm-column>
   <pm-column position='4'>
    <a>-1.53940341372623</a>
    <c>1.37651654048336</c>
    <g>-1.03038035059258</g>
    <t>-2.59213234907412</t>
   </pm-column>
   <pm-column position='5'>
    <a>0.969279198409933</a>
    <c>-3.38411858245555</c>
    <g>-0.455183736977102</g>
    <t>-1.0590464218903</t>
   </pm-column>
   <pm-column position='6'>
    <a>-3.38411858245555</a>
    <c>1.51765221801193</c>
    <g>-3.38411858245555</g>
    <t>-2.98186618534661</t>
   </pm-column>
   <pm-column position='7'>
    <a>-3.38411858245555</a>
    <c>-3.38411858245555</c>
    <g>-3.38411858245555</g>
    <t>1.22142886506402</t>
   </pm-column>
   <pm-column position='8'>
    <a>-3.38411858245555</a>
    <c>1.50541231800763</c>
    <g>-3.38411858245555</g>
    <t>-2.38976893035139</t>
   </pm-column>
   <pm-column position='9'>
    <a>0.980402789256255</a>
    <c>-1.60752154497767</c>
    <g>-0.363307385777705</g>
    <t>-1.90116681247203</t>
   </pm-column>
   <pm-column position='10'>
    <a>0.890605240102597</a>
    <c>-1.03038035059258</c>
    <g>-1.08798674948304</g>
    <t>-0.63981902177624</t>
   </pm-column>
  </PWM>
 </motif>
</smallbismark>