<?xml version='1.0' encoding='UTF-8'?>
<smallbismark>
 <comment name='WARNING'>This is a draft version of small-BiSMark. Specification is the subject to change!</comment>
 <motif name='z' id='Z.MTF'>
  <comment name='discrete information content by position'>[-0.830430027432543, -1.10100951521222, -0.829486397730316, -0.0460517018598807, -0.0850714285550407, -0.119934980455637, 0.0, -0.0850714285550407, -0.399815950261056, -0.610367063154542]</comment>
  <comment name='discrete information content'>-4.10723849321628</comment>
  <PPM words-count='100.0' length='10'>
   <pm-column position='1'>
    <a>0.46</a>
    <c>0.04</c>
    <g>0.01</g>
    <t>0.49</t>
   </pm-column>
   <pm-column position='2'>
    <a>0.18</a>
    <c>0.28</c>
    <g>0.05</g>
    <t>0.49</t>
   </pm-column>
   <pm-column position='3'>
    <a>0.0</a>
    <c>0.32</c>
    <g>0.08</g>
    <t>0.6</t>
   </pm-column>
   <pm-column position='4'>
    <a>0.0</a>
    <c>0.99</c>
    <g>0.01</g>
    <t>0.0</t>
   </pm-column>
   <pm-column position='5'>
    <a>0.98</a>
    <c>0.0</c>
    <g>0.02</g>
    <t>0.0</t>
   </pm-column>
   <pm-column position='6'>
    <a>0.0</a>
    <c>0.97</c>
    <g>0.0</g>
    <t>0.03</t>
   </pm-column>
   <pm-column position='7'>
    <a>0.0</a>
    <c>0.0</c>
    <g>0.0</g>
    <t>1.0</t>
   </pm-column>
   <pm-column position='8'>
    <a>0.0</a>
    <c>0.98</c>
    <g>0.0</g>
    <t>0.02</t>
   </pm-column>
   <pm-column position='9'>
    <a>0.88</a>
    <c>0.0</c>
    <g>0.09</g>
    <t>0.03</t>
   </pm-column>
   <pm-column position='10'>
    <a>0.82</a>
    <c>0.07</c>
    <g>0.07</g>
    <t>0.04</t>
   </pm-column>
  </PPM>
  <PWM words-count='100.0' threshold='2.51108527684953' length='10'>
   <pm-column position='1'>
    <a>0.452720663483373</a>
    <c>-1.49551931589061</c>
    <g>-2.41854294644353</g>
    <t>0.514184122970442</t>
   </pm-column>
   <pm-column position='2'>
    <a>-0.442922937005987</a>
    <c>0.266033990672773</c>
    <g>-1.31245244985303</g>
    <t>0.514184122970442</t>
   </pm-column>
   <pm-column position='3'>
    <a>-3.12301335276571</a>
    <c>0.395338863508522</c>
    <g>-0.90574639275786</g>
    <t>0.711870265224446</t>
   </pm-column>
   <pm-column position='4'>
    <a>-3.12301335276571</a>
    <c>1.50445379878821</c>
    <g>-2.41854294644353</g>
    <t>-3.12301335276571</t>
   </pm-column>
   <pm-column position='5'>
    <a>1.19408089330643</a>
    <c>-3.12301335276571</c>
    <g>-2.00933174394124</g>
    <t>-3.12301335276571</t>
   </pm-column>
   <pm-column position='6'>
    <a>-3.12301335276571</a>
    <c>1.48424654595933</c>
    <g>-3.12301335276571</g>
    <t>-1.93993675751129</t>
   </pm-column>
   <pm-column position='7'>
    <a>-3.12301335276571</a>
    <c>-3.12301335276571</c>
    <g>-3.12301335276571</g>
    <t>1.21401679331537</t>
   </pm-column>
   <pm-column position='8'>
    <a>-3.12301335276571</a>
    <c>1.49440121313874</c>
    <g>-3.12301335276571</g>
    <t>-2.20288944013424</t>
   </pm-column>
   <pm-column position='9'>
    <a>1.08796482992852</a>
    <c>-3.12301335276571</c>
    <g>-0.800137871990201</g>
    <t>-1.93993675751129</t>
   </pm-column>
   <pm-column position='10'>
    <a>1.01843193178331</a>
    <c>-1.02383952132013</c>
    <g>-1.02383952132013</g>
    <t>-1.73192980713126</t>
   </pm-column>
  </PWM>
 </motif>
</smallbismark>