<?xml version='1.0' encoding='UTF-8'?>
<smallbismark>
 <comment name='WARNING'>This is a draft version of small-BiSMark. Specification is the subject to change!</comment>
 <motif name='usp' id='USP.MTF'>
  <comment name='discrete information content by position'>[-1.18840147220342, -1.13428697467426, -1.16129004800662, -1.15884143024081, -1.18232297809979, -0.987206153773261, -0.90346893715165, -0.0957259515717476, -0.0957259515717476, -0.190750107167648, 0.0, 0.0, 0.0, -0.0718595284581617]</comment>
  <comment name='discrete information content'>-8.16987953291913</comment>
  <PPM words-count='38.0' length='14'>
   <pm-column position='1'>
    <a>0.144736842105263</a>
    <c>0.302631578947368</c>
    <g>0.355263157894737</g>
    <t>0.197368421052632</t>
   </pm-column>
   <pm-column position='2'>
    <a>0.118421052631579</a>
    <c>0.276315789473684</c>
    <g>0.434210526315789</g>
    <t>0.171052631578947</t>
   </pm-column>
   <pm-column position='3'>
    <a>0.171052631578947</a>
    <c>0.223684210526316</c>
    <g>0.434210526315789</g>
    <t>0.171052631578947</t>
   </pm-column>
   <pm-column position='4'>
    <a>0.203947368421053</a>
    <c>0.256578947368421</c>
    <g>0.414473684210526</g>
    <t>0.125</t>
   </pm-column>
   <pm-column position='5'>
    <a>0.190789473684211</a>
    <c>0.401315789473684</c>
    <g>0.243421052631579</g>
    <t>0.164473684210526</t>
   </pm-column>
   <pm-column position='6'>
    <a>0.105263157894737</a>
    <c>0.552631578947368</c>
    <g>0.263157894736842</g>
    <t>0.0789473684210526</t>
   </pm-column>
   <pm-column position='7'>
    <a>0.157894736842105</a>
    <c>0.0526315789473684</c>
    <g>0.631578947368421</g>
    <t>0.157894736842105</t>
   </pm-column>
   <pm-column position='8'>
    <a>0.0</a>
    <c>0.0263157894736842</c>
    <g>0.0</g>
    <t>0.973684210526316</t>
   </pm-column>
   <pm-column position='9'>
    <a>0.0263157894736842</a>
    <c>0.0</c>
    <g>0.973684210526316</g>
    <t>0.0</t>
   </pm-column>
   <pm-column position='10'>
    <a>0.947368421052632</a>
    <c>0.0</c>
    <g>0.0263157894736842</g>
    <t>0.0263157894736842</t>
   </pm-column>
   <pm-column position='11'>
    <a>0.0</a>
    <c>1.0</c>
    <g>0.0</g>
    <t>0.0</t>
   </pm-column>
   <pm-column position='12'>
    <a>0.0</a>
    <c>1.0</c>
    <g>0.0</g>
    <t>0.0</t>
   </pm-column>
   <pm-column position='13'>
    <a>0.0</a>
    <c>1.0</c>
    <g>0.0</g>
    <t>0.0</t>
   </pm-column>
   <pm-column position='14'>
    <a>0.00657894736842105</a>
    <c>0.980263157894737</c>
    <g>0.00657894736842105</g>
    <t>0.00657894736842105</t>
   </pm-column>
  </PPM>
  <PWM words-count='38.0' threshold='3.27034808722287' length='14'>
   <pm-column position='1'>
    <a>-0.604196105486899</a>
    <c>0.328040916558168</c>
    <g>0.479016793686262</g>
    <t>-0.337604482327024</t>
   </pm-column>
   <pm-column position='2'>
    <a>-0.769959822176523</a>
    <c>0.243044633211567</c>
    <g>0.669800229784062</g>
    <t>-0.462042591048974</t>
   </pm-column>
   <pm-column position='3'>
    <a>-0.462042591048974</a>
    <c>0.0477277530162125</c>
    <g>0.669800229784062</g>
    <t>-0.462042591048974</t>
   </pm-column>
   <pm-column position='4'>
    <a>-0.308772378347033</a>
    <c>0.174193074695059</c>
    <g>0.625407157701306</g>
    <t>-0.725872560060255</t>
   </pm-column>
   <pm-column position='5'>
    <a>-0.367292618803889</a>
    <c>0.59467768069533</c>
    <g>0.125508882150112</g>
    <t>-0.495731732271729</t>
   </pm-column>
   <pm-column position='6'>
    <a>-0.864432154798451</a>
    <c>0.901334657399487</c>
    <g>0.197674279150991</g>
    <t>-1.08527523942863</t>
   </pm-column>
   <pm-column position='7'>
    <a>-0.530595519511116</a>
    <c>-1.15962577739804</c>
    <g>1.03042221734819</g>
    <t>-0.530595519511116</t>
   </pm-column>
   <pm-column position='8'>
    <a>-2.43768295405978</a>
    <c>-1.60702443281931</c>
    <g>-2.43768295405978</g>
    <t>1.15568362495659</t>
   </pm-column>
   <pm-column position='9'>
    <a>-1.76699880545373</a>
    <c>-2.43768295405978</c>
    <g>1.45227211904442</g>
    <t>-2.43768295405978</t>
   </pm-column>
   <pm-column position='10'>
    <a>1.12904840277691</a>
    <c>-2.43768295405978</c>
    <g>-1.60702443281931</g>
    <t>-1.76699880545373</t>
   </pm-column>
   <pm-column position='11'>
    <a>-2.43768295405978</a>
    <c>1.47840216172572</c>
    <g>-2.43768295405978</g>
    <t>-2.43768295405978</t>
   </pm-column>
   <pm-column position='12'>
    <a>-2.43768295405978</a>
    <c>1.47840216172572</c>
    <g>-2.43768295405978</g>
    <t>-2.43768295405978</t>
   </pm-column>
   <pm-column position='13'>
    <a>-2.43768295405978</a>
    <c>1.47840216172572</c>
    <g>-2.43768295405978</g>
    <t>-2.43768295405978</t>
   </pm-column>
   <pm-column position='14'>
    <a>-2.2234641567831</a>
    <c>1.45886891855742</c>
    <g>-2.15724654878411</g>
    <t>-2.2234641567831</t>
   </pm-column>
  </PWM>
 </motif>
</smallbismark>