<?xml version='1.0' encoding='UTF-8'?>
<smallbismark>
 <comment name='WARNING'>This is a draft version of small-BiSMark. Specification is the subject to change!</comment>
 <motif name='bcd' id='BCD.MTF'>
  <comment name='discrete information content by position'>[-0.775333233960932, -0.247382623202869, -0.670672673092324, 0.0, -0.140501929698105, -0.633096374308541, -0.976419637747047]</comment>
  <comment name='discrete information content'>-3.44340647200982</comment>
  <PPM words-count='22.0' length='7'>
   <pm-column position='1'>
    <a>0.488636363636364</a>
    <c>0.0340909090909091</c>
    <g>0.443181818181818</g>
    <t>0.0340909090909091</t>
   </pm-column>
   <pm-column position='2'>
    <a>0.0909090909090909</a>
    <c>0.0</c>
    <g>0.909090909090909</g>
    <t>0.0</t>
   </pm-column>
   <pm-column position='3'>
    <a>0.636363636363636</a>
    <c>0.318181818181818</c>
    <g>0.0</g>
    <t>0.0454545454545455</t>
   </pm-column>
   <pm-column position='4'>
    <a>0.0</a>
    <c>0.0</c>
    <g>0.0</g>
    <t>1.0</t>
   </pm-column>
   <pm-column position='5'>
    <a>0.0454545454545455</a>
    <c>0.0</c>
    <g>0.0</g>
    <t>0.954545454545455</t>
   </pm-column>
   <pm-column position='6'>
    <a>0.727272727272727</a>
    <c>0.0</c>
    <g>0.0909090909090909</g>
    <t>0.181818181818182</t>
   </pm-column>
   <pm-column position='7'>
    <a>0.409090909090909</a>
    <c>0.0909090909090909</c>
    <g>0.409090909090909</g>
    <t>0.0909090909090909</t>
   </pm-column>
  </PPM>
  <PWM words-count='22.0' length='7'>
   <pm-column position='1'>
    <a>0.477750699788896</a>
    <c>-1.33187449387713</c>
    <g>0.669596398358079</g>
    <t>-1.48239012389966</t>
   </pm-column>
   <pm-column position='2'>
    <a>-0.915633684848648</a>
    <c>-2.09400251051298</c>
    <g>1.35520704204777</g>
    <t>-2.09400251051298</t>
   </pm-column>
   <pm-column position='3'>
    <a>0.724007048256626</a>
    <c>0.362712630086417</c>
    <g>-2.09400251051298</g>
    <t>-1.34044953716893</t>
   </pm-column>
   <pm-column position='4'>
    <a>-2.09400251051298</a>
    <c>-2.09400251051298</c>
    <g>-2.09400251051298</g>
    <t>1.154034789595</t>
   </pm-column>
   <pm-column position='5'>
    <a>-1.34044953716893</a>
    <c>-2.09400251051298</c>
    <g>-2.09400251051298</g>
    <t>1.1093630831028</t>
   </pm-column>
   <pm-column position='6'>
    <a>0.850044846027005</a>
    <c>-2.09400251051298</c>
    <g>-0.695890682956725</g>
    <t>-0.389592628783744</t>
   </pm-column>
   <pm-column position='7'>
    <a>0.314816098700096</a>
    <c>-0.695890682956725</c>
    <g>0.594795295809555</g>
    <t>-0.915633684848648</t>
   </pm-column>
  </PWM>
 </motif>
</smallbismark>