<?xml version='1.0' encoding='UTF-8'?>
<smallbismark>
 <comment name='WARNING'>This is a draft version of small-BiSMark. Specification is the subject to change!</comment>
 <motif name='Abd-B' id='ABD_B.MTF'>
  <comment name='discrete information content by position'>[-0.705948917515217, -0.533952802611909, 0.0, -0.434931776809249, 0.0, -0.277987164150759, -0.277987164150759, -0.434931776809249, -0.66485147858554, -0.277987164150759, -0.50790686592685]</comment>
  <comment name='discrete information content'>-4.11648511071029</comment>
  <PPM words-count='7' length='11'>
   <pm-column position='1'>
    <a>0.0</a>
    <c>0.0</c>
    <g>0.428571428571429</g>
    <t>0.571428571428571</t>
   </pm-column>
   <pm-column position='2'>
    <a>0.142857142857143</a>
    <c>0.0</c>
    <g>0.0</g>
    <t>0.857142857142857</t>
   </pm-column>
   <pm-column position='3'>
    <a>0.142857142857143</a>
    <c>0.0</c>
    <g>0.285714285714286</g>
    <t>0.571428571428571</t>
   </pm-column>
   <pm-column position='4'>
    <a>0.285714285714286</a>
    <c>0.0</c>
    <g>0.0</g>
    <t>0.714285714285714</t>
   </pm-column>
   <pm-column position='5'>
    <a>0.0</a>
    <c>0.142857142857143</c>
    <g>0.0</g>
    <t>0.857142857142857</t>
   </pm-column>
   <pm-column position='6'>
    <a>0.857142857142857</a>
    <c>0.0</c>
    <g>0.0</g>
    <t>0.142857142857143</t>
   </pm-column>
   <pm-column position='7'>
    <a>0.0</a>
    <c>0.0</c>
    <g>0.0</g>
    <t>1.0</t>
   </pm-column>
   <pm-column position='8'>
    <a>0.0</a>
    <c>0.0</c>
    <g>0.714285714285714</g>
    <t>0.285714285714286</t>
   </pm-column>
   <pm-column position='9'>
    <a>1.0</a>
    <c>0.0</c>
    <g>0.0</g>
    <t>0.0</t>
   </pm-column>
   <pm-column position='10'>
    <a>0.0</a>
    <c>0.142857142857143</c>
    <g>0.142857142857143</g>
    <t>0.714285714285714</t>
   </pm-column>
   <pm-column position='11'>
    <a>0.142857142857143</a>
    <c>0.428571428571429</c>
    <g>0.0</g>
    <t>0.428571428571429</t>
   </pm-column>
  </PPM>
  <PWM words-count='7' threshold='3.75357930362944' length='11'>
   <pm-column position='1'>
    <a>-1.52546665068144</a>
    <c>-1.52546665068144</c>
    <g>0.586135435804943</g>
    <t>0.571963722594475</t>
   </pm-column>
   <pm-column position='2'>
    <a>-0.500750947650714</a>
    <c>-1.52546665068144</c>
    <g>-1.52546665068144</g>
    <t>0.935644046391074</t>
   </pm-column>
   <pm-column position='3'>
    <a>-0.500750947650714</a>
    <c>-1.52546665068144</c>
    <g>0.239431514741161</g>
    <t>0.571963722594475</t>
   </pm-column>
   <pm-column position='4'>
    <a>-0.00538327557608313</a>
    <c>-1.52546665068144</c>
    <g>-1.52546665068144</g>
    <t>0.770246489637488</t>
   </pm-column>
   <pm-column position='5'>
    <a>-1.52546665068144</a>
    <c>-0.295683198367224</c>
    <g>-1.52546665068144</g>
    <t>0.935644046391074</t>
   </pm-column>
   <pm-column position='6'>
    <a>0.935644046391074</a>
    <c>-1.52546665068144</c>
    <g>-1.52546665068144</g>
    <t>-0.500750947650714</t>
   </pm-column>
   <pm-column position='7'>
    <a>-1.52546665068144</a>
    <c>-1.52546665068144</c>
    <g>-1.52546665068144</g>
    <t>1.07752835650091</t>
   </pm-column>
   <pm-column position='8'>
    <a>-1.52546665068144</a>
    <c>-1.52546665068144</c>
    <g>1.04733211066237</g>
    <t>-0.00538327557608313</t>
   </pm-column>
   <pm-column position='9'>
    <a>1.07752835650091</a>
    <c>-1.52546665068144</c>
    <g>-1.52546665068144</g>
    <t>-1.52546665068144</t>
   </pm-column>
   <pm-column position='10'>
    <a>-1.52546665068144</a>
    <c>-0.295683198367224</c>
    <g>-0.295683198367224</g>
    <t>0.770246489637488</t>
   </pm-column>
   <pm-column position='11'>
    <a>-0.500750947650714</a>
    <c>0.586135435804943</c>
    <g>-1.52546665068144</g>
    <t>0.324390270335607</t>
   </pm-column>
  </PWM>
 </motif>
</smallbismark>