<?xml version='1.0' encoding='UTF-8'?>
<smallbismark>
 <comment name='WARNING'>This is a draft version of small-BiSMark. Specification is the subject to change!</comment>
 <motif name='Abd-B' id='ABD_B.MTF'>
  <comment name='discrete information content by position'>[-0.862893530173906, -0.277987164150759, -0.7638725043882, -0.66485147858554, -0.533952802611909, -0.277987164150759, -0.277987164150759, 0.0, -0.277987164150759, -0.277987164150759, -0.533952802611909, -0.50790686592685, -0.533952802611909, -0.434931776809249]</comment>
  <comment name='discrete information content'>-6.22625038447327</comment>
  <PPM words-count='7.0' length='14'>
   <pm-column position='1'>
    <a>0.142857142857143</a>
    <c>0.428571428571429</c>
    <g>0.142857142857143</g>
    <t>0.285714285714286</t>
   </pm-column>
   <pm-column position='2'>
    <a>0.857142857142857</a>
    <c>0.142857142857143</c>
    <g>0.0</g>
    <t>0.0</t>
   </pm-column>
   <pm-column position='3'>
    <a>0.571428571428571</a>
    <c>0.142857142857143</c>
    <g>0.142857142857143</g>
    <t>0.142857142857143</t>
   </pm-column>
   <pm-column position='4'>
    <a>0.571428571428571</a>
    <c>0.0</c>
    <g>0.285714285714286</g>
    <t>0.142857142857143</t>
   </pm-column>
   <pm-column position='5'>
    <a>0.714285714285714</a>
    <c>0.142857142857143</c>
    <g>0.142857142857143</g>
    <t>0.0</t>
   </pm-column>
   <pm-column position='6'>
    <a>0.0</a>
    <c>0.142857142857143</c>
    <g>0.0</g>
    <t>0.857142857142857</t>
   </pm-column>
   <pm-column position='7'>
    <a>0.0</a>
    <c>0.857142857142857</c>
    <g>0.142857142857143</g>
    <t>0.0</t>
   </pm-column>
   <pm-column position='8'>
    <a>1.0</a>
    <c>0.0</c>
    <g>0.0</g>
    <t>0.0</t>
   </pm-column>
   <pm-column position='9'>
    <a>0.142857142857143</a>
    <c>0.0</c>
    <g>0.0</g>
    <t>0.857142857142857</t>
   </pm-column>
   <pm-column position='10'>
    <a>0.857142857142857</a>
    <c>0.142857142857143</c>
    <g>0.0</g>
    <t>0.0</t>
   </pm-column>
   <pm-column position='11'>
    <a>0.714285714285714</a>
    <c>0.0</c>
    <g>0.142857142857143</g>
    <t>0.142857142857143</t>
   </pm-column>
   <pm-column position='12'>
    <a>0.571428571428571</a>
    <c>0.0</c>
    <g>0.0</g>
    <t>0.428571428571429</t>
   </pm-column>
   <pm-column position='13'>
    <a>0.714285714285714</a>
    <c>0.0</c>
    <g>0.142857142857143</g>
    <t>0.142857142857143</t>
   </pm-column>
   <pm-column position='14'>
    <a>0.714285714285714</a>
    <c>0.285714285714286</c>
    <g>0.0</g>
    <t>0.0</t>
   </pm-column>
  </PPM>
  <PWM words-count='7.0' length='14'>
   <pm-column position='1'>
    <a>-0.500750947650714</a>
    <c>0.586135435804943</c>
    <g>-0.295683198367224</g>
    <t>-0.00538327557608313</t>
   </pm-column>
   <pm-column position='2'>
    <a>0.935644046391074</a>
    <c>-0.295683198367224</c>
    <g>-1.52546665068144</g>
    <t>-1.52546665068144</t>
   </pm-column>
   <pm-column position='3'>
    <a>0.571963722594475</a>
    <c>-0.295683198367224</c>
    <g>-0.295683198367224</g>
    <t>-0.500750947650714</t>
   </pm-column>
   <pm-column position='4'>
    <a>0.571963722594475</a>
    <c>-1.52546665068144</c>
    <g>0.239431514741161</g>
    <t>-0.500750947650714</t>
   </pm-column>
   <pm-column position='5'>
    <a>0.770246489637488</a>
    <c>-0.295683198367224</c>
    <g>-0.295683198367224</g>
    <t>-1.52546665068144</t>
   </pm-column>
   <pm-column position='6'>
    <a>-1.52546665068144</a>
    <c>-0.295683198367224</c>
    <g>-1.52546665068144</g>
    <t>0.935644046391074</t>
   </pm-column>
   <pm-column position='7'>
    <a>-1.52546665068144</a>
    <c>1.21685179873503</c>
    <g>-0.295683198367224</g>
    <t>-1.52546665068144</t>
   </pm-column>
   <pm-column position='8'>
    <a>1.07752835650091</a>
    <c>-1.52546665068144</c>
    <g>-1.52546665068144</g>
    <t>-1.52546665068144</t>
   </pm-column>
   <pm-column position='9'>
    <a>-0.500750947650714</a>
    <c>-1.52546665068144</c>
    <g>-1.52546665068144</g>
    <t>0.935644046391074</t>
   </pm-column>
   <pm-column position='10'>
    <a>0.935644046391074</a>
    <c>-0.295683198367224</c>
    <g>-1.52546665068144</g>
    <t>-1.52546665068144</t>
   </pm-column>
   <pm-column position='11'>
    <a>0.770246489637488</a>
    <c>-1.52546665068144</c>
    <g>-0.295683198367224</g>
    <t>-0.500750947650714</t>
   </pm-column>
   <pm-column position='12'>
    <a>0.571963722594475</a>
    <c>-1.52546665068144</c>
    <g>-1.52546665068144</g>
    <t>0.324390270335607</t>
   </pm-column>
   <pm-column position='13'>
    <a>0.770246489637488</a>
    <c>-1.52546665068144</c>
    <g>-0.295683198367224</g>
    <t>-0.500750947650714</t>
   </pm-column>
   <pm-column position='14'>
    <a>0.770246489637488</a>
    <c>0.239431514741161</c>
    <g>-1.52546665068144</g>
    <t>-1.52546665068144</t>
   </pm-column>
  </PWM>
 </motif>
</smallbismark>