<?xml version='1.0' encoding='UTF-8'?>
<smallbismark>
 <comment name='WARNING'>This is a draft version of small-BiSMark. Specification is the subject to change!</comment>
 <motif name='Abd-B' id='ABD_B.MTF'>
  <comment name='discrete information content by position'>[-1.05370758073695, -0.895889199562072, -0.862882190961252, -0.14497725893921, 0.0, -0.472418430934008, 0.0, -0.342520677200686, -0.836233820109912, -0.773748753968666]</comment>
  <comment name='discrete information content'>-5.38237791241275</comment>
  <PPM words-count='21.0' length='10'>
   <pm-column position='1'>
    <a>0.142857142857143</a>
    <c>0.19047619047619</c>
    <g>0.19047619047619</g>
    <t>0.476190476190476</t>
   </pm-column>
   <pm-column position='2'>
    <a>0.0476190476190476</a>
    <c>0.238095238095238</c>
    <g>0.571428571428571</g>
    <t>0.142857142857143</t>
   </pm-column>
   <pm-column position='3'>
    <a>0.285714285714286</a>
    <c>0.0476190476190476</c>
    <g>0.0952380952380952</g>
    <t>0.571428571428571</t>
   </pm-column>
   <pm-column position='4'>
    <a>0.0476190476190476</a>
    <c>0.0</c>
    <g>0.0</g>
    <t>0.952380952380952</t>
   </pm-column>
   <pm-column position='5'>
    <a>0.0</a>
    <c>0.0</c>
    <g>0.0</g>
    <t>1.0</t>
   </pm-column>
   <pm-column position='6'>
    <a>0.238095238095238</a>
    <c>0.0</c>
    <g>0.0</g>
    <t>0.761904761904762</t>
   </pm-column>
   <pm-column position='7'>
    <a>1.0</a>
    <c>0.0</c>
    <g>0.0</g>
    <t>0.0</t>
   </pm-column>
   <pm-column position='8'>
    <a>0.0</a>
    <c>0.142857142857143</c>
    <g>0.0</g>
    <t>0.857142857142857</t>
   </pm-column>
   <pm-column position='9'>
    <a>0.142857142857143</a>
    <c>0.0</c>
    <g>0.523809523809524</g>
    <t>0.333333333333333</t>
   </pm-column>
   <pm-column position='10'>
    <a>0.619047619047619</a>
    <c>0.0</c>
    <g>0.238095238095238</g>
    <t>0.142857142857143</t>
   </pm-column>
  </PPM>
  <PWM words-count='21.0' threshold='3.72323702295846' length='10'>
   <pm-column position='1'>
    <a>-0.579258195540852</a>
    <c>-0.0941177605636169</c>
    <g>-0.0941177605636169</g>
    <t>0.45251770008102</t>
   </pm-column>
   <pm-column position='2'>
    <a>-1.30495492876505</a>
    <c>0.100808142245284</c>
    <g>0.907163728395556</g>
    <t>-0.579258195540852</t>
   </pm-column>
   <pm-column position='3'>
    <a>-0.00601052377266457</a>
    <c>-1.13162408281859</c>
    <g>-0.657012202851277</g>
    <t>0.621326098285764</t>
   </pm-column>
   <pm-column position='4'>
    <a>-1.30495492876505</a>
    <c>-2.06656315938394</c>
    <g>-2.06656315938394</g>
    <t>1.10456493372841</t>
   </pm-column>
   <pm-column position='5'>
    <a>-2.06656315938394</a>
    <c>-2.06656315938394</c>
    <g>-2.06656315938394</g>
    <t>1.15135518317944</t>
   </pm-column>
   <pm-column position='6'>
    <a>-0.163174492435344</a>
    <c>-2.06656315938394</c>
    <g>-2.06656315938394</g>
    <t>0.89185581405451</t>
   </pm-column>
   <pm-column position='7'>
    <a>1.15135518317944</a>
    <c>-2.06656315938394</c>
    <g>-2.06656315938394</g>
    <t>-2.06656315938394</t>
   </pm-column>
   <pm-column position='8'>
    <a>-2.06656315938394</a>
    <c>-0.336470811945513</c>
    <g>-2.06656315938394</g>
    <t>1.00385539002978</t>
   </pm-column>
   <pm-column position='9'>
    <a>-0.579258195540852</a>
    <c>-2.06656315938394</c>
    <g>0.82478817702451</g>
    <t>0.129774891710557</t>
   </pm-column>
   <pm-column position='10'>
    <a>0.696122423897137</a>
    <c>-2.06656315938394</c>
    <g>0.100808142245284</g>
    <t>-0.579258195540852</t>
   </pm-column>
  </PWM>
 </motif>
</smallbismark>