<?xml version='1.0' encoding='UTF-8'?>
<smallbismark>
 <comment name='WARNING'>This is a draft version of small-BiSMark. Specification is the subject to change!</comment>
 <motif name='twi' id='TWI.MTF'>
  <comment name='discrete information content by position'>[-0.894897831341934, -0.806780775343117, -0.852990587384359, -0.787601970512998, -1.00974893786192, 0.0, -0.481260647170692, -0.481260647170692, -1.09001379148346, -0.180536680073481, -0.481260647170692, -0.646921090489892, -0.760570963301875, -0.941107643375263]</comment>
  <comment name='discrete information content'>-9.41495221268037</comment>
  <PPM words-count='15.0' length='14'>
   <pm-column position='1'>
    <a>0.266666666666667</a>
    <c>0.133333333333333</c>
    <g>0.533333333333333</g>
    <t>0.0666666666666667</t>
   </pm-column>
   <pm-column position='2'>
    <a>0.133333333333333</a>
    <c>0.4</c>
    <g>0.0</g>
    <t>0.466666666666667</t>
   </pm-column>
   <pm-column position='3'>
    <a>0.0666666666666667</a>
    <c>0.4</c>
    <g>0.0666666666666667</g>
    <t>0.466666666666667</t>
   </pm-column>
   <pm-column position='4'>
    <a>0.133333333333333</a>
    <c>0.533333333333333</c>
    <g>0.333333333333333</g>
    <t>0.0</t>
   </pm-column>
   <pm-column position='5'>
    <a>0.266666666666667</a>
    <c>0.333333333333333</c>
    <g>0.333333333333333</g>
    <t>0.0666666666666667</t>
   </pm-column>
   <pm-column position='6'>
    <a>0.0</a>
    <c>1.0</c>
    <g>0.0</g>
    <t>0.0</t>
   </pm-column>
   <pm-column position='7'>
    <a>0.8</a>
    <c>0.0</c>
    <g>0.133333333333333</g>
    <t>0.0666666666666667</t>
   </pm-column>
   <pm-column position='8'>
    <a>0.0</a>
    <c>0.133333333333333</c>
    <g>0.0666666666666667</g>
    <t>0.8</t>
   </pm-column>
   <pm-column position='9'>
    <a>0.266666666666667</a>
    <c>0.2</c>
    <g>0.333333333333333</g>
    <t>0.2</t>
   </pm-column>
   <pm-column position='10'>
    <a>0.0</a>
    <c>0.0</c>
    <g>0.0666666666666667</g>
    <t>0.933333333333333</t>
   </pm-column>
   <pm-column position='11'>
    <a>0.0</a>
    <c>0.0666666666666667</c>
    <g>0.8</g>
    <t>0.133333333333333</t>
   </pm-column>
   <pm-column position='12'>
    <a>0.0666666666666667</a>
    <c>0.133333333333333</c>
    <g>0.0666666666666667</g>
    <t>0.733333333333333</t>
   </pm-column>
   <pm-column position='13'>
    <a>0.0666666666666667</a>
    <c>0.133333333333333</c>
    <g>0.133333333333333</g>
    <t>0.666666666666667</t>
   </pm-column>
   <pm-column position='14'>
    <a>0.133333333333333</a>
    <c>0.2</c>
    <g>0.533333333333333</g>
    <t>0.133333333333333</t>
   </pm-column>
  </PPM>
  <PWM words-count='15.0' length='14'>
   <pm-column position='1'>
    <a>-0.063894482337864</a>
    <c>-0.378489536361181</c>
    <g>0.824525228825633</g>
    <t>-1.05204825789275</t>
   </pm-column>
   <pm-column position='2'>
    <a>-0.606023497245449</a>
    <c>0.558947076783118</c>
    <g>-1.87779045685362</g>
    <t>0.423296016231051</t>
   </pm-column>
   <pm-column position='3'>
    <a>-1.05204825789275</a>
    <c>0.558947076783118</c>
    <g>-0.870095872542788</g>
    <t>0.423296016231051</t>
   </pm-column>
   <pm-column position='4'>
    <a>-0.606023497245449</a>
    <c>0.824525228825633</c>
    <g>0.393963480167368</g>
    <t>-1.87779045685362</t>
   </pm-column>
   <pm-column position='5'>
    <a>-0.063894482337864</a>
    <c>0.393963480167368</c>
    <g>0.393963480167368</g>
    <t>-1.05204825789275</t>
   </pm-column>
   <pm-column position='6'>
    <a>-1.87779045685362</a>
    <c>1.42134386698821</c>
    <g>-1.87779045685362</g>
    <t>-1.87779045685362</t>
   </pm-column>
   <pm-column position='7'>
    <a>0.919667694184082</a>
    <c>-1.87779045685362</c>
    <g>-0.378489536361181</g>
    <t>-1.05204825789275</t>
   </pm-column>
   <pm-column position='8'>
    <a>-1.87779045685362</a>
    <c>-0.378489536361181</c>
    <g>-0.870095872542788</g>
    <t>0.919667694184082</t>
   </pm-column>
   <pm-column position='9'>
    <a>-0.063894482337864</a>
    <c>-0.0503685749111528</c>
    <g>0.393963480167368</g>
    <t>-0.298662276365764</t>
   </pm-column>
   <pm-column position='10'>
    <a>-1.87779045685362</a>
    <c>-1.87779045685362</c>
    <g>-0.870095872542788</g>
    <t>1.06507096542478</t>
   </pm-column>
   <pm-column position='11'>
    <a>-1.87779045685362</a>
    <c>-0.870095872542788</c>
    <g>1.20738676823848</g>
    <t>-0.606023497245449</t>
   </pm-column>
   <pm-column position='12'>
    <a>-1.05204825789275</a>
    <c>-0.378489536361181</c>
    <g>-0.870095872542788</g>
    <t>0.838183272601636</t>
   </pm-column>
   <pm-column position='13'>
    <a>-1.05204825789275</a>
    <c>-0.378489536361181</c>
    <g>-0.378489536361181</g>
    <t>0.749465367792776</t>
   </pm-column>
   <pm-column position='14'>
    <a>-0.606023497245449</a>
    <c>-0.0503685749111528</c>
    <g>0.824525228825633</g>
    <t>-0.606023497245449</t>
   </pm-column>
  </PWM>
 </motif>
</smallbismark>