<?xml version='1.0' encoding='UTF-8'?>
<smallbismark>
 <comment name='WARNING'>This is a draft version of small-BiSMark. Specification is the subject to change!</comment>
 <motif name='en' id='EN.MTF'>
  <comment name='discrete information content by position'>[-1.0333405610528, -0.410706454464927, -0.228819767959572, -0.202295031105594, -0.943760342577471, -0.381966491741817, -0.957716737898232, -0.978082720958738]</comment>
  <comment name='discrete information content'>-5.13668810775915</comment>
  <PPM words-count='56' length='8'>
   <pm-column position='1'>
    <a>0.410714285714286</a>
    <c>0.0</c>
    <g>0.196428571428571</g>
    <t>0.392857142857143</t>
   </pm-column>
   <pm-column position='2'>
    <a>0.142857142857143</a>
    <c>0.160714285714286</c>
    <g>0.0714285714285714</g>
    <t>0.625</t>
   </pm-column>
   <pm-column position='3'>
    <a>0.0357142857142857</a>
    <c>0.0178571428571429</c>
    <g>0.0535714285714286</g>
    <t>0.892857142857143</t>
   </pm-column>
   <pm-column position='4'>
    <a>0.571428571428571</a>
    <c>0.107142857142857</c>
    <g>0.285714285714286</g>
    <t>0.0357142857142857</t>
   </pm-column>
   <pm-column position='5'>
    <a>0.946428571428571</a>
    <c>0.0357142857142857</c>
    <g>0.0</g>
    <t>0.0178571428571429</t>
   </pm-column>
   <pm-column position='6'>
    <a>0.0</a>
    <c>0.0</c>
    <g>0.0714285714285714</g>
    <t>0.928571428571429</t>
   </pm-column>
   <pm-column position='7'>
    <a>0.0178571428571429</a>
    <c>0.0178571428571429</c>
    <g>0.0892857142857143</g>
    <t>0.875</t>
   </pm-column>
   <pm-column position='8'>
    <a>0.285714285714286</a>
    <c>0.0178571428571429</c>
    <g>0.464285714285714</g>
    <t>0.232142857142857</t>
   </pm-column>
  </PPM>
  <PWM words-count='56' threshold='4.16780254836528' length='8'>
   <pm-column position='1'>
    <a>0.335728546776164</a>
    <c>-2.70215471752755</c>
    <g>-0.0723492224378951</g>
    <t>0.293453334280385</t>
   </pm-column>
   <pm-column position='2'>
    <a>-0.634256097993402</a>
    <c>-0.257126340773117</c>
    <g>-0.965134879710019</g>
    <t>0.73901054881182</t>
   </pm-column>
   <pm-column position='3'>
    <a>-1.69893542144655</a>
    <c>-1.92738265579319</c>
    <g>-1.19579276174787</g>
    <t>1.08603083319564</t>
   </pm-column>
   <pm-column position='4'>
    <a>0.652396454855491</a>
    <c>-0.620143413595548</c>
    <g>0.279557673197923</g>
    <t>-1.69893542144655</t>
   </pm-column>
   <pm-column position='5'>
    <a>1.14301760061658</a>
    <c>-1.49612557537714</c>
    <g>-2.70215471752755</g>
    <t>-2.07968569822751</t>
   </pm-column>
   <pm-column position='6'>
    <a>-2.70215471752755</a>
    <c>-2.70215471752755</c>
    <g>-0.965134879710019</g>
    <t>1.12438052721256</t>
   </pm-column>
   <pm-column position='7'>
    <a>-2.07968569822751</a>
    <c>-1.92738265579319</c>
    <g>-0.777834956422766</g>
    <t>1.06628999139859</t>
   </pm-column>
   <pm-column position='8'>
    <a>-0.00642172483601427</a>
    <c>-1.92738265579319</c>
    <g>0.745370529065365</g>
    <t>-0.198605856662672</t>
   </pm-column>
  </PWM>
 </motif>
</smallbismark>