<?xml version='1.0' encoding='UTF-8'?>
<smallbismark>
 <comment name='WARNING'>This is a draft version of small-BiSMark. Specification is the subject to change!</comment>
 <motif name='prd' id='PRD.MTF'>
  <comment name='discrete information content by position'>[-0.494318855109547, -0.655503771382691, -0.996768551771036, -1.0325303333143, -0.531217237043244, -0.920395724212016, -0.939658503260192, -1.07417158403271, -1.0004417325057, -1.15801609029069, -0.0700109740137509, 0.0, -0.537485414175198, -1.05993336621509]</comment>
  <comment name='discrete information content'>-10.4704521373262</comment>
  <PPM words-count='300.0' length='14'>
   <pm-column position='1'>
    <a>0.0833333333333333</a>
    <c>0.0233333333333333</c>
    <g>0.0266666666666667</g>
    <t>0.866666666666667</t>
   </pm-column>
   <pm-column position='2'>
    <a>0.0</a>
    <c>0.383333333333333</c>
    <g>0.0</g>
    <t>0.616666666666667</t>
   </pm-column>
   <pm-column position='3'>
    <a>0.0</a>
    <c>0.37</c>
    <g>0.16</g>
    <t>0.47</t>
   </pm-column>
   <pm-column position='4'>
    <a>0.123333333333333</a>
    <c>0.0866666666666667</c>
    <g>0.163333333333333</g>
    <t>0.626666666666667</t>
   </pm-column>
   <pm-column position='5'>
    <a>0.0</a>
    <c>0.153333333333333</c>
    <g>0.0266666666666667</g>
    <t>0.82</t>
   </pm-column>
   <pm-column position='6'>
    <a>0.00666666666666667</a>
    <c>0.313333333333333</c>
    <g>0.1</g>
    <t>0.58</t>
   </pm-column>
   <pm-column position='7'>
    <a>0.113333333333333</a>
    <c>0.0166666666666667</c>
    <g>0.256666666666667</g>
    <t>0.613333333333333</t>
   </pm-column>
   <pm-column position='8'>
    <a>0.0</a>
    <c>0.333333333333333</c>
    <g>0.293333333333333</g>
    <t>0.373333333333333</t>
   </pm-column>
   <pm-column position='9'>
    <a>0.0466666666666667</a>
    <c>0.336666666666667</c>
    <g>0.07</g>
    <t>0.546666666666667</t>
   </pm-column>
   <pm-column position='10'>
    <a>0.313333333333333</a>
    <c>0.06</c>
    <g>0.163333333333333</g>
    <t>0.463333333333333</t>
   </pm-column>
   <pm-column position='11'>
    <a>0.01</a>
    <c>0.00333333333333333</c>
    <g>0.0</g>
    <t>0.986666666666667</t>
   </pm-column>
   <pm-column position='12'>
    <a>0.0</a>
    <c>0.0</c>
    <g>0.0</g>
    <t>1.0</t>
   </pm-column>
   <pm-column position='13'>
    <a>0.0</a>
    <c>0.236666666666667</c>
    <g>0.0</g>
    <t>0.763333333333333</t>
   </pm-column>
   <pm-column position='14'>
    <a>0.00333333333333333</a>
    <c>0.323333333333333</c>
    <g>0.443333333333333</g>
    <t>0.23</t>
   </pm-column>
  </PPM>
  <PWM words-count='300.0' length='14'>
   <pm-column position='1'>
    <a>-1.19429051571092</a>
    <c>-2.06744497841909</c>
    <g>-1.95252101552693</g>
    <t>1.09023444178441</t>
   </pm-column>
   <pm-column position='2'>
    <a>-3.98148705517347</a>
    <c>0.582490029494916</c>
    <g>-3.98148705517347</g>
    <t>0.752447955373358</t>
   </pm-column>
   <pm-column position='3'>
    <a>-3.98148705517347</a>
    <c>0.54746354666158</c>
    <g>-0.276800529104588</g>
    <t>0.483591806648707</t>
   </pm-column>
   <pm-column position='4'>
    <a>-0.82242697033427</a>
    <c>-0.869296724119605</c>
    <g>-0.25668357070301</g>
    <t>0.768393788489724</t>
   </pm-column>
   <pm-column position='5'>
    <a>-3.98148705517347</a>
    <c>-0.318290805464684</c>
    <g>-1.95252101552693</g>
    <t>1.03524120415779</t>
   </pm-column>
   <pm-column position='6'>
    <a>-3.18450466274142</a>
    <c>0.383177969260574</c>
    <g>-0.732147338174519</g>
    <t>0.691703079000453</t>
   </pm-column>
   <pm-column position='7'>
    <a>-0.90324439284048</a>
    <c>-2.34659855358757</c>
    <g>0.186492745715069</g>
    <t>0.747075668322459</t>
   </pm-column>
   <pm-column position='8'>
    <a>-3.98148705517347</a>
    <c>0.444289946743747</c>
    <g>0.318086824418335</g>
    <t>0.256305019675087</t>
   </pm-column>
   <pm-column position='9'>
    <a>-1.72684857936651</a>
    <c>0.454121806114799</c>
    <g>-1.07233052821472</g>
    <t>0.633083705072338</t>
   </pm-column>
   <pm-column position='10'>
    <a>0.0838621138140678</a>
    <c>-1.21743529627319</c>
    <g>-0.25668357070301</g>
    <t>0.469471357840852</t>
   </pm-column>
   <pm-column position='11'>
    <a>-2.94182789706412</a>
    <c>-3.37948128455348</c>
    <g>-3.98148705517347</g>
    <t>1.21914921014194</t>
   </pm-column>
   <pm-column position='12'>
    <a>-3.98148705517347</a>
    <c>-3.98148705517347</c>
    <g>-3.98148705517347</g>
    <t>1.2324987203651</t>
   </pm-column>
   <pm-column position='13'>
    <a>-3.98148705517347</a>
    <c>0.106674811099498</c>
    <g>-3.98148705517347</g>
    <t>0.964123449949245</t>
   </pm-column>
   <pm-column position='14'>
    <a>-3.50561466770349</a>
    <c>0.414200719599499</c>
    <g>0.726495736237557</g>
    <t>-0.219129101918318</t>
   </pm-column>
  </PWM>
 </motif>
</smallbismark>