<?xml version='1.0' encoding='UTF-8'?>
<smallbismark>
 <comment name='WARNING'>This is a draft version of small-BiSMark. Specification is the subject to change!</comment>
 <motif name='tll' id='TLL.MTF'>
  <comment name='discrete information content by position'>[-0.979701535551119, -0.316015804794691, -0.103716486018122, -0.288101670831286, -0.103716486018122, -0.186168261925412, 0.0, 0.0, -0.206554943708313, -0.976757904415366, -1.13627203704947, -1.05307561972919, -1.12863935482936, -1.12863935482936]</comment>
  <comment name='discrete information content'>-7.6073594596998</comment>
  <PPM words-count='34.0' length='14'>
   <pm-column position='1'>
    <a>0.588235294117647</a>
    <c>0.117647058823529</c>
    <g>0.117647058823529</g>
    <t>0.176470588235294</t>
   </pm-column>
   <pm-column position='2'>
    <a>0.882352941176471</a>
    <c>0.0</c>
    <g>0.117647058823529</g>
    <t>0.0</t>
   </pm-column>
   <pm-column position='3'>
    <a>0.970588235294118</a>
    <c>0.0294117647058824</c>
    <g>0.0</g>
    <t>0.0</t>
   </pm-column>
   <pm-column position='4'>
    <a>0.911764705882353</a>
    <c>0.0588235294117647</c>
    <g>0.0294117647058824</g>
    <t>0.0</t>
   </pm-column>
   <pm-column position='5'>
    <a>0.0294117647058824</a>
    <c>0.0</c>
    <g>0.970588235294118</g>
    <t>0.0</t>
   </pm-column>
   <pm-column position='6'>
    <a>0.0</a>
    <c>0.0588235294117647</c>
    <g>0.0</g>
    <t>0.941176470588235</t>
   </pm-column>
   <pm-column position='7'>
    <a>0.0</a>
    <c>1.0</c>
    <g>0.0</g>
    <t>0.0</t>
   </pm-column>
   <pm-column position='8'>
    <a>1.0</a>
    <c>0.0</c>
    <g>0.0</g>
    <t>0.0</t>
   </pm-column>
   <pm-column position='9'>
    <a>0.941176470588235</a>
    <c>0.0</c>
    <g>0.0294117647058824</g>
    <t>0.0294117647058824</t>
   </pm-column>
   <pm-column position='10'>
    <a>0.529411764705882</a>
    <c>0.294117647058824</c>
    <g>0.0588235294117647</g>
    <t>0.117647058823529</t>
   </pm-column>
   <pm-column position='11'>
    <a>0.264705882352941</a>
    <c>0.382352941176471</c>
    <g>0.0882352941176471</g>
    <t>0.264705882352941</t>
   </pm-column>
   <pm-column position='12'>
    <a>0.352941176470588</a>
    <c>0.352941176470588</c>
    <g>0.0294117647058824</g>
    <t>0.264705882352941</t>
   </pm-column>
   <pm-column position='13'>
    <a>0.441176470588235</a>
    <c>0.235294117647059</c>
    <g>0.117647058823529</g>
    <t>0.205882352941176</t>
   </pm-column>
   <pm-column position='14'>
    <a>0.441176470588235</a>
    <c>0.235294117647059</c>
    <g>0.117647058823529</g>
    <t>0.205882352941176</t>
   </pm-column>
  </PPM>
  <PWM words-count='34.0' length='14'>
   <pm-column position='1'>
    <a>0.66604672451994</a>
    <c>-0.517475972939959</c>
    <g>-0.517475972939959</g>
    <t>-0.431187248548669</t>
   </pm-column>
   <pm-column position='2'>
    <a>1.05528900428923</a>
    <c>-2.36477730711848</c>
    <g>-0.517475972939959</g>
    <t>-2.36477730711848</t>
   </pm-column>
   <pm-column position='3'>
    <a>1.1476210934529</a>
    <c>-1.51647855855361</c>
    <g>-2.36477730711848</g>
    <t>-2.36477730711848</t>
   </pm-column>
   <pm-column position='4'>
    <a>1.08702310016397</a>
    <c>-1.06422063908011</c>
    <g>-1.51647855855361</g>
    <t>-2.36477730711848</t>
   </pm-column>
   <pm-column position='5'>
    <a>-1.67879838744141</a>
    <c>-2.36477730711848</c>
    <g>1.44359720454946</g>
    <t>-2.36477730711848</t>
   </pm-column>
   <pm-column position='6'>
    <a>-2.36477730711848</a>
    <c>-1.06422063908011</c>
    <g>-2.36477730711848</g>
    <t>1.11778104119299</t>
   </pm-column>
   <pm-column position='7'>
    <a>-2.36477730711848</a>
    <c>1.47279747798356</c>
    <g>-2.36477730711848</g>
    <t>-2.36477730711848</t>
   </pm-column>
   <pm-column position='8'>
    <a>1.17659645704884</a>
    <c>-2.36477730711848</c>
    <g>-2.36477730711848</g>
    <t>-2.36477730711848</t>
   </pm-column>
   <pm-column position='9'>
    <a>1.11778104119299</a>
    <c>-2.36477730711848</c>
    <g>-1.51647855855361</g>
    <t>-1.67879838744141</t>
   </pm-column>
   <pm-column position='10'>
    <a>0.566035856271007</a>
    <c>0.299439361144005</c>
    <g>-1.06422063908011</g>
    <t>-0.766833406771327</t>
   </pm-column>
   <pm-column position='11'>
    <a>-0.0751323115459873</a>
    <c>0.545599062398388</c>
    <g>-0.753938431564907</g>
    <t>-0.0751323115459873</t>
   </pm-column>
   <pm-column position='12'>
    <a>0.186897943741989</a>
    <c>0.470084025231405</c>
    <g>-1.51647855855361</g>
    <t>-0.0751323115459873</t>
   </pm-column>
   <pm-column position='13'>
    <a>0.394328496116197</a>
    <c>0.0935594062867207</c>
    <g>-0.517475972939959</g>
    <t>-0.297914145432788</t>
   </pm-column>
   <pm-column position='14'>
    <a>0.394328496116197</a>
    <c>0.0935594062867207</c>
    <g>-0.517475972939959</g>
    <t>-0.297914145432788</t>
   </pm-column>
  </PWM>
 </motif>
</smallbismark>