<?xml version='1.0' encoding='UTF-8'?>
<smallbismark>
 <comment name='WARNING'>This is a draft version of small-BiSMark. Specification is the subject to change!</comment>
 <motif name='cad' id='CAD.MTF'>
  <comment name='discrete information content by position'>[-0.986917591639484, -0.148394036457609, -0.148394036457609, -0.53545495960971, -0.621488641057673, -0.341689583170598, -0.890944016287992, -0.879540529933449, -1.01442367230504, -0.726491631514363]</comment>
  <comment name='discrete information content'>-6.29373869843353</comment>
  <PPM words-count='113.0' length='10'>
   <pm-column position='1'>
    <a>0.025</a>
    <c>0.233846153846154</c>
    <g>0.160384615384616</g>
    <t>0.58076923076923</t>
   </pm-column>
   <pm-column position='2'>
    <a>0.0384615384615385</a>
    <c>0.0</c>
    <g>0.0</g>
    <t>0.96153846153846</t>
   </pm-column>
   <pm-column position='3'>
    <a>0.0</a>
    <c>0.0</c>
    <g>0.0384615384615385</g>
    <t>0.96153846153846</t>
   </pm-column>
   <pm-column position='4'>
    <a>0.081923076923077</a>
    <c>0.086923076923077</c>
    <g>0.0</g>
    <t>0.831153846153845</t>
   </pm-column>
   <pm-column position='5'>
    <a>0.787692307692306</a>
    <c>0.0</c>
    <g>0.081923076923077</g>
    <t>0.130384615384615</t>
   </pm-column>
   <pm-column position='6'>
    <a>0.0</a>
    <c>0.116923076923077</c>
    <g>0.0</g>
    <t>0.883076923076922</t>
   </pm-column>
   <pm-column position='7'>
    <a>0.188846153846154</a>
    <c>0.0</c>
    <g>0.61576923076923</g>
    <t>0.195384615384616</t>
   </pm-column>
   <pm-column position='8'>
    <a>0.455769230769231</a>
    <c>0.081923076923077</c>
    <g>0.462307692307692</g>
    <t>0.0</t>
   </pm-column>
   <pm-column position='9'>
    <a>0.0</a>
    <c>0.390384615384616</c>
    <g>0.203846153846154</g>
    <t>0.405769230769231</t>
   </pm-column>
   <pm-column position='10'>
    <a>0.0</a>
    <c>0.507307692307692</c>
    <g>0.015</g>
    <t>0.477692307692307</t>
   </pm-column>
  </PPM>
  <PWM words-count='113.0' threshold='4.76553602691823' length='10'>
   <pm-column position='1'>
    <a>-2.09098366212634</a>
    <c>0.0929027851551488</c>
    <g>-0.267564020378582</g>
    <t>0.682003996614052</t>
   </pm-column>
   <pm-column position='2'>
    <a>-1.7809460214805</a>
    <c>-3.21499888719271</c>
    <g>-3.21499888719271</g>
    <t>1.17811272648244</t>
   </pm-column>
   <pm-column position='3'>
    <a>-3.21499888719271</a>
    <c>-3.21499888719271</c>
    <g>-1.54160683223826</g>
    <t>1.17811272648244</t>
   </pm-column>
   <pm-column position='4'>
    <a>-1.16000687254982</a>
    <c>-0.836722848110115</c>
    <g>-3.21499888719271</g>
    <t>1.0343304754075</t>
   </pm-column>
   <pm-column position='5'>
    <a>0.981410363336397</a>
    <c>-3.21499888719271</c>
    <g>-0.890323256926331</g>
    <t>-0.74407970710633</t>
   </pm-column>
   <pm-column position='6'>
    <a>-3.21499888719271</a>
    <c>-0.564305140064248</c>
    <g>-3.21499888719271</g>
    <t>1.09408825416584</t>
   </pm-column>
   <pm-column position='7'>
    <a>-0.400145047037524</a>
    <c>-3.21499888719271</c>
    <g>1.03815382201762</g>
    <t>-0.368114718409204</t>
   </pm-column>
   <pm-column position='8'>
    <a>0.445189917794767</a>
    <c>-0.890323256926331</c>
    <g>0.756221181254036</g>
    <t>-3.21499888719271</t>
   </pm-column>
   <pm-column position='9'>
    <a>-3.21499888719271</a>
    <c>0.590589875500659</c>
    <g>-0.0390241726815965</g>
    <t>0.33215312788452</t>
   </pm-column>
   <pm-column position='10'>
    <a>-3.21499888719271</a>
    <c>0.847434719907509</c>
    <g>-2.2259095251691</g>
    <t>0.490988691320157</t>
   </pm-column>
  </PWM>
 </motif>
</smallbismark>