<?xml version='1.0' encoding='UTF-8'?>
<smallbismark>
 <comment name='WARNING'>This is a draft version of small-BiSMark. Specification is the subject to change!</comment>
 <motif name='cad' id='CAD.MTF'>
  <comment name='discrete information content by position'>[-0.860416992179221, -0.19730379672781, -0.984219908520301, -0.84639225704122, -0.803344888738393, -0.335131448202377, -0.710731596098151, 0.0, -0.519584930725329, -0.519584930725329]</comment>
  <comment name='discrete information content'>-5.77671074895813</comment>
  <PPM words-count='13' length='10'>
   <pm-column position='1'>
    <a>0.153846153846154</a>
    <c>0.0</c>
    <g>0.0769230769230769</g>
    <t>0.769230769230769</t>
   </pm-column>
   <pm-column position='2'>
    <a>0.153846153846154</a>
    <c>0.0</c>
    <g>0.0769230769230769</g>
    <t>0.769230769230769</t>
   </pm-column>
   <pm-column position='3'>
    <a>0.0</a>
    <c>0.0</c>
    <g>0.0</g>
    <t>1.0</t>
   </pm-column>
   <pm-column position='4'>
    <a>0.384615384615385</a>
    <c>0.0</c>
    <g>0.0769230769230769</g>
    <t>0.538461538461538</t>
   </pm-column>
   <pm-column position='5'>
    <a>0.0</a>
    <c>0.153846153846154</c>
    <g>0.0</g>
    <t>0.846153846153846</t>
   </pm-column>
   <pm-column position='6'>
    <a>0.230769230769231</a>
    <c>0.230769230769231</c>
    <g>0.538461538461538</g>
    <t>0.0</t>
   </pm-column>
   <pm-column position='7'>
    <a>0.307692307692308</a>
    <c>0.230769230769231</c>
    <g>0.461538461538462</g>
    <t>0.0</t>
   </pm-column>
   <pm-column position='8'>
    <a>0.0769230769230769</a>
    <c>0.307692307692308</c>
    <g>0.230769230769231</g>
    <t>0.384615384615385</t>
   </pm-column>
   <pm-column position='9'>
    <a>0.0</a>
    <c>0.0769230769230769</c>
    <g>0.0</g>
    <t>0.923076923076923</t>
   </pm-column>
   <pm-column position='10'>
    <a>0.384615384615385</a>
    <c>0.384615384615385</c>
    <g>0.0</g>
    <t>0.230769230769231</t>
   </pm-column>
  </PPM>
  <PWM words-count='13' threshold='4.34704659832909' length='10'>
   <pm-column position='1'>
    <a>-0.491950235915805</a>
    <c>-1.80308281552382</c>
    <g>-0.760577325435034</g>
    <t>0.874636563975685</t>
   </pm-column>
   <pm-column position='2'>
    <a>-0.491950235915805</a>
    <c>-1.80308281552382</c>
    <g>-0.760577325435034</g>
    <t>0.874636563975685</t>
   </pm-column>
   <pm-column position='3'>
    <a>-1.80308281552382</a>
    <c>-1.80308281552382</c>
    <g>-1.80308281552382</g>
    <t>1.12101534661934</t>
   </pm-column>
   <pm-column position='4'>
    <a>0.24795077259256</a>
    <c>-1.80308281552382</c>
    <g>-0.760577325435034</g>
    <t>0.546987561525323</t>
   </pm-column>
   <pm-column position='5'>
    <a>-1.80308281552382</a>
    <c>-0.261360956995905</c>
    <g>-1.80308281552382</g>
    <t>0.96367990271169</t>
   </pm-column>
   <pm-column position='6'>
    <a>-0.180618034319418</a>
    <c>0.0700943282029751</c>
    <g>0.825505716955666</g>
    <t>-1.80308281552382</t>
   </pm-column>
   <pm-column position='7'>
    <a>0.0564516900777142</a>
    <c>0.0700943282029751</c>
    <g>0.683313296367167</g>
    <t>-1.80308281552382</t>
   </pm-column>
   <pm-column position='8'>
    <a>-0.946462764895802</a>
    <c>0.318610646870837</c>
    <g>0.0700943282029751</g>
    <t>0.24795077259256</t>
   </pm-column>
   <pm-column position='9'>
    <a>-1.80308281552382</a>
    <c>-0.760577325435034</c>
    <g>-1.80308281552382</g>
    <t>1.04543874358641</t>
   </pm-column>
   <pm-column position='10'>
    <a>0.24795077259256</a>
    <c>0.517496641990611</c>
    <g>-1.80308281552382</g>
    <t>-0.180618034319418</t>
   </pm-column>
  </PWM>
 </motif>
</smallbismark>