<?xml version='1.0' encoding='UTF-8'?>
<smallbismark>
 <comment name='WARNING'>This is a draft version of small-BiSMark. Specification is the subject to change!</comment>
 <motif name='sna' id='SNA.MTF'>
  <comment name='discrete information content by position'>[-0.527190241314587, -0.42731639689022, -0.690077465779202, -0.70409116395598, 0.0, -0.42731639689022, -0.464176861263562, -0.866978388420595, -0.850403701449856, -0.653217001416275, -0.830117924057667, -0.803965008375019, -0.929991768476706, -0.464176861263562]</comment>
  <comment name='discrete information content'>-8.63901917955345</comment>
  <PPM words-count='11.0' length='14'>
   <pm-column position='1'>
    <a>0.636363636363636</a>
    <c>0.363636363636364</c>
    <g>0.0</g>
    <t>0.0</t>
   </pm-column>
   <pm-column position='2'>
    <a>0.818181818181818</a>
    <c>0.0909090909090909</c>
    <g>0.0</g>
    <t>0.0909090909090909</t>
   </pm-column>
   <pm-column position='3'>
    <a>0.0</a>
    <c>0.636363636363636</c>
    <g>0.181818181818182</g>
    <t>0.181818181818182</t>
   </pm-column>
   <pm-column position='4'>
    <a>0.0909090909090909</a>
    <c>0.363636363636364</c>
    <g>0.0</g>
    <t>0.545454545454545</t>
   </pm-column>
   <pm-column position='5'>
    <a>0.0</a>
    <c>0.0</c>
    <g>0.0</g>
    <t>1.0</t>
   </pm-column>
   <pm-column position='6'>
    <a>0.0</a>
    <c>0.0909090909090909</c>
    <g>0.818181818181818</g>
    <t>0.0909090909090909</t>
   </pm-column>
   <pm-column position='7'>
    <a>0.0</a>
    <c>0.727272727272727</c>
    <g>0.0</g>
    <t>0.272727272727273</t>
   </pm-column>
   <pm-column position='8'>
    <a>0.181818181818182</a>
    <c>0.0909090909090909</c>
    <g>0.545454545454545</g>
    <t>0.181818181818182</t>
   </pm-column>
   <pm-column position='9'>
    <a>0.272727272727273</a>
    <c>0.363636363636364</c>
    <g>0.363636363636364</g>
    <t>0.0</t>
   </pm-column>
   <pm-column position='10'>
    <a>0.272727272727273</a>
    <c>0.0909090909090909</c>
    <g>0.0</g>
    <t>0.636363636363636</t>
   </pm-column>
   <pm-column position='11'>
    <a>0.0909090909090909</a>
    <c>0.545454545454545</c>
    <g>0.0909090909090909</g>
    <t>0.272727272727273</t>
   </pm-column>
   <pm-column position='12'>
    <a>0.363636363636364</a>
    <c>0.181818181818182</c>
    <g>0.454545454545455</g>
    <t>0.0</t>
   </pm-column>
   <pm-column position='13'>
    <a>0.181818181818182</a>
    <c>0.0909090909090909</c>
    <g>0.454545454545455</g>
    <t>0.272727272727273</t>
   </pm-column>
   <pm-column position='14'>
    <a>0.0</a>
    <c>0.727272727272727</c>
    <g>0.272727272727273</g>
    <t>0.0</t>
   </pm-column>
  </PPM>
  <PWM words-count='11.0' length='14'>
   <pm-column position='1'>
    <a>0.690681201649601</a>
    <c>0.46069957573224</c>
    <g>-1.72050624250237</g>
    <t>-1.72050624250237</t>
   </pm-column>
   <pm-column position='2'>
    <a>0.921858973215785</a>
    <c>-0.63388390269013</c>
    <g>-1.72050624250237</g>
    <t>-0.824582082403011</t>
   </pm-column>
   <pm-column position='3'>
    <a>-1.72050624250237</a>
    <c>0.970717486023202</c>
    <g>-0.125473616792161</g>
    <t>-0.359735574677113</t>
   </pm-column>
   <pm-column position='4'>
    <a>-0.824582082403011</a>
    <c>0.46069957573224</c>
    <g>-1.72050624250237</g>
    <t>0.551371301845659</t>
   </pm-column>
   <pm-column position='5'>
    <a>-1.72050624250237</a>
    <c>-1.72050624250237</c>
    <g>-1.72050624250237</g>
    <t>1.10950103907542</t>
   </pm-column>
   <pm-column position='6'>
    <a>-1.72050624250237</a>
    <c>-0.63388390269013</c>
    <g>1.20685106107431</g>
    <t>-0.824582082403011</t>
   </pm-column>
   <pm-column position='7'>
    <a>-1.72050624250237</a>
    <c>1.09573802355717</c>
    <g>-1.72050624250237</g>
    <t>-0.043634810688667</t>
   </pm-column>
   <pm-column position='8'>
    <a>-0.359735574677113</a>
    <c>-0.63388390269013</c>
    <g>0.827803095713657</g>
    <t>-0.359735574677113</t>
   </pm-column>
   <pm-column position='9'>
    <a>-0.043634810688667</a>
    <c>0.46069957573224</c>
    <g>0.46069957573224</g>
    <t>-1.72050624250237</t>
   </pm-column>
   <pm-column position='10'>
    <a>-0.043634810688667</a>
    <c>-0.63388390269013</c>
    <g>-1.72050624250237</g>
    <t>0.690681201649601</t>
   </pm-column>
   <pm-column position='11'>
    <a>-0.824582082403011</a>
    <c>0.827803095713657</c>
    <g>-0.63388390269013</g>
    <t>-0.043634810688667</t>
   </pm-column>
   <pm-column position='12'>
    <a>0.196180203542332</a>
    <c>-0.125473616792161</c>
    <g>0.661003209579924</g>
    <t>-1.72050624250237</t>
   </pm-column>
   <pm-column position='13'>
    <a>-0.359735574677113</a>
    <c>-0.63388390269013</c>
    <g>0.661003209579924</g>
    <t>-0.043634810688667</t>
   </pm-column>
   <pm-column position='14'>
    <a>-1.72050624250237</a>
    <c>1.09573802355717</c>
    <g>0.209961686479554</g>
    <t>-1.72050624250237</t>
   </pm-column>
  </PWM>
 </motif>
</smallbismark>