<?xml version='1.0' encoding='UTF-8'?>
<smallbismark>
 <comment name='WARNING'>This is a draft version of small-BiSMark. Specification is the subject to change!</comment>
 <motif name='sna' id='SNA.MTF'>
  <comment name='discrete information content by position'>[-0.976430461551544, -0.364303016833981, -0.850403701449856, 0.0, -0.217990479345306, -0.70409116395598, 0.0, -0.364303016833981, -0.83011792405754, -0.767104544001429, -0.929991768476706]</comment>
  <comment name='discrete information content'>-6.00473607650632</comment>
  <PPM words-count='11' length='11'>
   <pm-column position='1'>
    <a>0.454545454545455</a>
    <c>0.181818181818182</c>
    <g>0.272727272727273</g>
    <t>0.0909090909090909</t>
   </pm-column>
   <pm-column position='2'>
    <a>0.0</a>
    <c>0.545454545454545</c>
    <g>0.181818181818182</g>
    <t>0.272727272727273</t>
   </pm-column>
   <pm-column position='3'>
    <a>0.272727272727273</a>
    <c>0.454545454545455</c>
    <g>0.0</g>
    <t>0.272727272727273</t>
   </pm-column>
   <pm-column position='4'>
    <a>0.818181818181818</a>
    <c>0.181818181818182</c>
    <g>0.0</g>
    <t>0.0</t>
   </pm-column>
   <pm-column position='5'>
    <a>0.0</a>
    <c>1.0</c>
    <g>0.0</g>
    <t>0.0</t>
   </pm-column>
   <pm-column position='6'>
    <a>0.0909090909090909</a>
    <c>0.545454545454545</c>
    <g>0.0</g>
    <t>0.363636363636364</t>
   </pm-column>
   <pm-column position='7'>
    <a>0.0</a>
    <c>0.0909090909090909</c>
    <g>0.0</g>
    <t>0.909090909090909</t>
   </pm-column>
   <pm-column position='8'>
    <a>0.0</a>
    <c>0.0</c>
    <g>1.0</g>
    <t>0.0</t>
   </pm-column>
   <pm-column position='9'>
    <a>0.272727272727273</a>
    <c>0.363636363636364</c>
    <g>0.0</g>
    <t>0.363636363636364</t>
   </pm-column>
   <pm-column position='10'>
    <a>0.0</a>
    <c>0.0</c>
    <g>0.181818181818182</g>
    <t>0.818181818181818</t>
   </pm-column>
   <pm-column position='11'>
    <a>0.0909090909090909</a>
    <c>0.272727272727273</c>
    <g>0.363636363636364</g>
    <t>0.272727272727273</t>
   </pm-column>
  </PPM>
  <PWM words-count='11' threshold='4.69516293659332' length='11'>
   <pm-column position='1'>
    <a>0.389463634286496</a>
    <c>-0.125473616792161</c>
    <g>0.209961686479554</g>
    <t>-0.824582082403011</t>
   </pm-column>
   <pm-column position='2'>
    <a>-1.72050624250237</a>
    <c>0.827803095713657</c>
    <g>-0.125473616792161</g>
    <t>-0.043634810688667</t>
   </pm-column>
   <pm-column position='3'>
    <a>-0.043634810688667</a>
    <c>0.661003209579924</c>
    <g>-1.72050624250237</g>
    <t>-0.043634810688667</t>
   </pm-column>
   <pm-column position='4'>
    <a>0.921858973215785</a>
    <c>-0.125473616792161</c>
    <g>-1.72050624250237</g>
    <t>-1.72050624250237</t>
   </pm-column>
   <pm-column position='5'>
    <a>-1.72050624250237</a>
    <c>1.39773982599428</c>
    <g>-1.72050624250237</g>
    <t>-1.72050624250237</t>
   </pm-column>
   <pm-column position='6'>
    <a>-0.824582082403011</a>
    <c>0.827803095713657</c>
    <g>-1.72050624250237</g>
    <t>0.196180203542332</t>
   </pm-column>
   <pm-column position='7'>
    <a>-1.72050624250237</a>
    <c>-0.63388390269013</c>
    <g>-1.72050624250237</g>
    <t>1.02007475753777</t>
   </pm-column>
   <pm-column position='8'>
    <a>-1.72050624250237</a>
    <c>-1.72050624250237</c>
    <g>1.39773982599428</g>
    <t>-1.72050624250237</t>
   </pm-column>
   <pm-column position='9'>
    <a>-0.043634810688667</a>
    <c>0.46069957573224</c>
    <g>-1.72050624250237</g>
    <t>0.196180203542332</t>
   </pm-column>
   <pm-column position='10'>
    <a>-1.72050624250237</a>
    <c>-1.72050624250237</c>
    <g>-0.125473616792161</g>
    <t>0.921858973215785</t>
   </pm-column>
   <pm-column position='11'>
    <a>-0.824582082403011</a>
    <c>0.209961686479554</c>
    <g>0.46069957573224</g>
    <t>-0.043634810688667</t>
   </pm-column>
  </PWM>
 </motif>
</smallbismark>