<?xml version='1.0' encoding='UTF-8'?>
<smallbismark>
 <comment name='WARNING'>This is a draft version of small-BiSMark. Specification is the subject to change!</comment>
 <motif name='sna' id='SNA.MTF'>
  <comment name='discrete information content by position'>[-1.24297575887061, -0.536313654767365, -1.02686315551629, 1.61640053632629e-015, -0.182685827058798, -0.808684175781985, 1.61640053632629e-015, -0.361880125394861, -1.0981815405577, -1.13458451208133, -1.28896230897805]</comment>
  <comment name='discrete information content'>-7.68113105900698</comment>
  <PPM words-count='211' length='11'>
   <pm-column position='1'>
    <a>0.362272727272727</a>
    <c>0.14340909090909</c>
    <g>0.298863636363637</g>
    <t>0.195454545454545</t>
   </pm-column>
   <pm-column position='2'>
    <a>0.0449999999999999</a>
    <c>0.485227272727273</c>
    <g>0.218409090909091</g>
    <t>0.251363636363636</t>
   </pm-column>
   <pm-column position='3'>
    <a>0.208863636363636</a>
    <c>0.407272727272727</c>
    <g>0.0174999999999999</g>
    <t>0.366363636363637</t>
   </pm-column>
   <pm-column position='4'>
    <a>0.876590909090909</a>
    <c>0.123409090909091</c>
    <g>0.0</g>
    <t>0.0</t>
   </pm-column>
   <pm-column position='5'>
    <a>0.0</a>
    <c>1.0</c>
    <g>0.0</g>
    <t>0.0</t>
   </pm-column>
   <pm-column position='6'>
    <a>0.0879545454545452</a>
    <c>0.662727272727273</c>
    <g>0.0</g>
    <t>0.249318181818182</t>
   </pm-column>
   <pm-column position='7'>
    <a>0.0</a>
    <c>0.0479545454545453</c>
    <g>0.0</g>
    <t>0.952045454545455</t>
   </pm-column>
   <pm-column position='8'>
    <a>0.0</a>
    <c>0.0</c>
    <g>1.0</g>
    <t>0.0</t>
   </pm-column>
   <pm-column position='9'>
    <a>0.201363636363636</a>
    <c>0.364318181818182</c>
    <g>0.0</g>
    <t>0.434318181818182</t>
   </pm-column>
   <pm-column position='10'>
    <a>0.0224999999999999</a>
    <c>0.0</c>
    <g>0.168409090909091</g>
    <t>0.809090909090909</t>
   </pm-column>
   <pm-column position='11'>
    <a>0.0854545454545452</a>
    <c>0.261363636363636</c>
    <g>0.389318181818182</g>
    <t>0.263863636363636</t>
   </pm-column>
  </PPM>
  <PWM words-count='211' threshold='4.32398933815424' length='11'>
   <pm-column position='1'>
    <a>0.225414270506455</a>
    <c>-0.380539613185056</c>
    <g>0.334741776383536</g>
    <t>-0.374943850135562</t>
   </pm-column>
   <pm-column position='2'>
    <a>-1.72998619823741</a>
    <c>0.812550510007687</c>
    <g>0.0276230735362704</g>
    <t>-0.131408244290302</t>
   </pm-column>
   <pm-column position='3'>
    <a>-0.310903346533057</a>
    <c>0.639514915079928</c>
    <g>-2.25261649973287</g>
    <t>0.236422836993638</t>
   </pm-column>
   <pm-column position='4'>
    <a>1.09740510026849</a>
    <c>-0.524887951709653</c>
    <g>-3.69946223991061</g>
    <t>-3.69946223991061</t>
   </pm-column>
   <pm-column position='5'>
    <a>-3.69946223991061</a>
    <c>1.53002205758811</c>
    <g>-3.69946223991061</g>
    <t>-3.69946223991061</t>
   </pm-column>
   <pm-column position='6'>
    <a>-1.1304039424204</a>
    <c>1.12135252408584</c>
    <g>-3.69946223991061</g>
    <t>-0.139347546854996</t>
   </pm-column>
   <pm-column position='7'>
    <a>-3.69946223991061</a>
    <c>-1.40642344877564</c>
    <g>-3.69946223991061</g>
    <t>1.17932295219621</t>
   </pm-column>
   <pm-column position='8'>
    <a>-3.69946223991061</a>
    <c>-3.69946223991061</c>
    <g>1.53002205758811</g>
    <t>-3.69946223991061</t>
   </pm-column>
   <pm-column position='9'>
    <a>-0.34621598236645</a>
    <c>0.529596922561661</c>
    <g>-3.69946223991061</g>
    <t>0.403513715579117</t>
   </pm-column>
   <pm-column position='10'>
    <a>-2.29251753042005</a>
    <c>-3.69946223991061</c>
    <g>-0.225231937070965</g>
    <t>1.01796446586836</t>
   </pm-column>
   <pm-column position='11'>
    <a>-1.1570008184208</a>
    <c>0.203203365214575</c>
    <g>0.595030471695326</g>
    <t>-0.0842137626152951</t>
   </pm-column>
  </PWM>
 </motif>
</smallbismark>