<?xml version='1.0' encoding='UTF-8'?>
<smallbismark>
 <comment name='WARNING'>This is a draft version of small-BiSMark. Specification is the subject to change!</comment>
 <motif name='Kr' id='KR.MTF'>
  <comment name='discrete information content by position'>[-0.920337771773785, -0.865236232665515, -0.642308436993971, -0.255789544695674, -0.368714612713165, 0.0, -0.942855565889495, -0.103716486018122, -0.415053917441354, -1.14262039730929, -1.05555386512799]</comment>
  <comment name='discrete information content'>-6.71218683062835</comment>
  <PPM words-count='34.0' length='11'>
   <pm-column position='1'>
    <a>0.102941176470588</a>
    <c>0.132352941176471</c>
    <g>0.132352941176471</g>
    <t>0.632352941176471</t>
   </pm-column>
   <pm-column position='2'>
    <a>0.617647058823529</a>
    <c>0.117647058823529</c>
    <g>0.0294117647058824</g>
    <t>0.235294117647059</t>
   </pm-column>
   <pm-column position='3'>
    <a>0.764705882352941</a>
    <c>0.147058823529412</c>
    <g>0.0588235294117647</g>
    <t>0.0294117647058824</t>
   </pm-column>
   <pm-column position='4'>
    <a>0.0</a>
    <c>0.911764705882353</c>
    <g>0.0</g>
    <t>0.0882352941176471</t>
   </pm-column>
   <pm-column position='5'>
    <a>0.0</a>
    <c>0.852941176470588</c>
    <g>0.0</g>
    <t>0.147058823529412</t>
   </pm-column>
   <pm-column position='6'>
    <a>0.0</a>
    <c>1.0</c>
    <g>0.0</g>
    <t>0.0</t>
   </pm-column>
   <pm-column position='7'>
    <a>0.0294117647058824</a>
    <c>0.235294117647059</c>
    <g>0.176470588235294</g>
    <t>0.558823529411765</t>
   </pm-column>
   <pm-column position='8'>
    <a>0.0294117647058824</a>
    <c>0.0</c>
    <g>0.0</g>
    <t>0.970588235294118</t>
   </pm-column>
   <pm-column position='9'>
    <a>0.0</a>
    <c>0.176470588235294</c>
    <g>0.0</g>
    <t>0.823529411764706</t>
   </pm-column>
   <pm-column position='10'>
    <a>0.176470588235294</a>
    <c>0.352941176470588</c>
    <g>0.117647058823529</g>
    <t>0.352941176470588</t>
   </pm-column>
   <pm-column position='11'>
    <a>0.264705882352941</a>
    <c>0.205882352941176</c>
    <g>0.470588235294118</g>
    <t>0.0588235294117647</t>
   </pm-column>
  </PPM>
  <PWM words-count='34.0' threshold='4.13021048873678' length='11'>
   <pm-column position='1'>
    <a>-0.871872853920046</a>
    <c>-0.417366201212609</c>
    <g>-0.417366201212609</g>
    <t>0.734993619419551</t>
   </pm-column>
   <pm-column position='2'>
    <a>0.712535392710938</a>
    <c>-0.517475972939959</c>
    <g>-1.51647855855361</g>
    <t>-0.180332047749502</t>
   </pm-column>
   <pm-column position='3'>
    <a>0.917207889288482</a>
    <c>-0.326372686562277</c>
    <g>-1.06422063908011</g>
    <t>-1.67879838744141</t>
   </pm-column>
   <pm-column position='4'>
    <a>-2.36477730711848</a>
    <c>1.3825070636658</c>
    <g>-2.36477730711848</g>
    <t>-0.989254698849033</t>
   </pm-column>
   <pm-column position='5'>
    <a>-2.36477730711848</a>
    <c>1.31744069214328</c>
    <g>-2.36477730711848</g>
    <t>-0.584993646108166</t>
   </pm-column>
   <pm-column position='6'>
    <a>-2.36477730711848</a>
    <c>1.47279747798356</c>
    <g>-2.36477730711848</g>
    <t>-2.36477730711848</t>
   </pm-column>
   <pm-column position='7'>
    <a>-1.67879838744141</a>
    <c>0.0935594062867207</c>
    <g>-0.16599622517902</g>
    <t>0.617291041403855</t>
   </pm-column>
   <pm-column position='8'>
    <a>-1.67879838744141</a>
    <c>-2.36477730711848</c>
    <g>-2.36477730711848</g>
    <t>1.1476210934529</t>
   </pm-column>
   <pm-column position='9'>
    <a>-2.36477730711848</a>
    <c>-0.16599622517902</c>
    <g>-2.36477730711848</g>
    <t>0.988629855110179</t>
   </pm-column>
   <pm-column position='10'>
    <a>-0.431187248548669</a>
    <c>0.470084025231405</c>
    <g>-0.517475972939959</g>
    <t>0.186897943741989</t>
   </pm-column>
   <pm-column position='11'>
    <a>-0.0751323115459873</a>
    <c>-0.0278208016277032</c>
    <g>0.742975588179726</g>
    <t>-1.27573416393954</t>
   </pm-column>
  </PWM>
 </motif>
</smallbismark>