<?xml version='1.0' encoding='UTF-8'?>
<smallbismark>
 <comment name='WARNING'>This is a draft version of small-BiSMark. Specification is the subject to change!</comment>
 <motif name='ftz' id='FTZ.MTF'>
  <comment name='discrete information content by position'>[-1.08865375587689, -0.549058331526106, -0.582065340124201, -0.836233820109912, 0.0, -0.895031175490579, 0.0, -0.254624168126609, -0.722443512015517, -0.555416969270133, -0.810567320075022, -0.903713154382738, -0.895889199562072, -1.0055361087522]</comment>
  <comment name='discrete information content'>-9.09923285531198</comment>
  <PPM words-count='21.0' length='14'>
   <pm-column position='1'>
    <a>0.392857142857143</a>
    <c>0.25</c>
    <g>0.107142857142857</g>
    <t>0.25</t>
   </pm-column>
   <pm-column position='2'>
    <a>0.761904761904762</a>
    <c>0.0476190476190476</c>
    <g>0.19047619047619</g>
    <t>0.0</t>
   </pm-column>
   <pm-column position='3'>
    <a>0.380952380952381</a>
    <c>0.0</c>
    <g>0.619047619047619</g>
    <t>0.0</t>
   </pm-column>
   <pm-column position='4'>
    <a>0.142857142857143</a>
    <c>0.333333333333333</c>
    <g>0.523809523809524</g>
    <t>0.0</t>
   </pm-column>
   <pm-column position='5'>
    <a>0.0</a>
    <c>0.0</c>
    <g>0.0</g>
    <t>1.0</t>
   </pm-column>
   <pm-column position='6'>
    <a>0.380952380952381</a>
    <c>0.428571428571429</c>
    <g>0.0</g>
    <t>0.19047619047619</t>
   </pm-column>
   <pm-column position='7'>
    <a>1.0</a>
    <c>0.0</c>
    <g>0.0</g>
    <t>0.0</t>
   </pm-column>
   <pm-column position='8'>
    <a>0.0</a>
    <c>0.0952380952380952</c>
    <g>0.0</g>
    <t>0.904761904761905</t>
   </pm-column>
   <pm-column position='9'>
    <a>0.0476190476190476</a>
    <c>0.0</c>
    <g>0.476190476190476</g>
    <t>0.476190476190476</t>
   </pm-column>
   <pm-column position='10'>
    <a>0.666666666666667</a>
    <c>0.0</c>
    <g>0.333333333333333</g>
    <t>0.0</t>
   </pm-column>
   <pm-column position='11'>
    <a>0.571428571428571</a>
    <c>0.0</c>
    <g>0.285714285714286</g>
    <t>0.142857142857143</t>
   </pm-column>
   <pm-column position='12'>
    <a>0.380952380952381</a>
    <c>0.476190476190476</c>
    <g>0.0476190476190476</g>
    <t>0.0952380952380952</t>
   </pm-column>
   <pm-column position='13'>
    <a>0.238095238095238</a>
    <c>0.142857142857143</c>
    <g>0.571428571428571</g>
    <t>0.0476190476190476</t>
   </pm-column>
   <pm-column position='14'>
    <a>0.142857142857143</a>
    <c>0.523809523809524</c>
    <g>0.142857142857143</g>
    <t>0.19047619047619</t>
   </pm-column>
  </PPM>
  <PWM words-count='21.0' length='14'>
   <pm-column position='1'>
    <a>0.277084419377396</a>
    <c>0.144132053148516</c>
    <g>-0.566743452761257</g>
    <t>-0.121507861381932</t>
   </pm-column>
   <pm-column position='2'>
    <a>0.89185581405451</a>
    <c>-1.13162408281859</c>
    <g>-0.0941177605636169</g>
    <t>-2.06656315938394</t>
   </pm-column>
   <pm-column position='3'>
    <a>0.249307550460876</a>
    <c>-2.06656315938394</c>
    <g>0.983266958468266</g>
    <t>-2.06656315938394</t>
   </pm-column>
   <pm-column position='4'>
    <a>-0.579258195540852</a>
    <c>0.404025470212314</c>
    <g>0.82478817702451</g>
    <t>-2.06656315938394</t>
   </pm-column>
   <pm-column position='5'>
    <a>-2.06656315938394</a>
    <c>-2.06656315938394</c>
    <g>-2.06656315938394</g>
    <t>1.15135518317944</t>
   </pm-column>
   <pm-column position='6'>
    <a>0.249307550460876</a>
    <c>0.636375633852621</c>
    <g>-2.06656315938394</g>
    <t>-0.349729966315268</t>
   </pm-column>
   <pm-column position='7'>
    <a>1.15135518317944</a>
    <c>-2.06656315938394</c>
    <g>-2.06656315938394</g>
    <t>-2.06656315938394</t>
   </pm-column>
   <pm-column position='8'>
    <a>-2.06656315938394</a>
    <c>-0.657012202851277</c>
    <g>-2.06656315938394</g>
    <t>1.05547742799151</t>
   </pm-column>
   <pm-column position='9'>
    <a>-1.30495492876505</a>
    <c>-2.06656315938394</c>
    <g>0.735012768195082</g>
    <t>0.45251770008102</t>
   </pm-column>
   <pm-column position='10'>
    <a>0.765711485344723</a>
    <c>-2.06656315938394</c>
    <g>0.404025470212314</g>
    <t>-2.06656315938394</t>
   </pm-column>
   <pm-column position='11'>
    <a>0.621326098285764</a>
    <c>-2.06656315938394</c>
    <g>0.263865641144474</g>
    <t>-0.579258195540852</t>
   </pm-column>
   <pm-column position='12'>
    <a>0.249307550460876</a>
    <c>0.735012768195082</c>
    <g>-1.13162408281859</g>
    <t>-0.877672828788688</t>
   </pm-column>
   <pm-column position='13'>
    <a>-0.163174492435344</a>
    <c>-0.336470811945513</c>
    <g>0.907163728395556</g>
    <t>-1.30495492876505</t>
   </pm-column>
   <pm-column position='14'>
    <a>-0.579258195540852</a>
    <c>0.82478817702451</c>
    <g>-0.336470811945513</g>
    <t>-0.349729966315268</t>
   </pm-column>
  </PWM>
 </motif>
</smallbismark>