<?xml version='1.0' encoding='UTF-8'?>
<smallbismark>
 <comment name='WARNING'>This is a draft version of small-BiSMark. Specification is the subject to change!</comment>
 <motif name='ftz' id='FTZ.MTF'>
  <comment name='discrete information content by position'>[-1.06562918456099, -0.41811077505483, -0.814188602262071, 0.0, -0.16259341857655, -0.730359527732131, -1.0920560104156, -1.26177436040224, -1.02970240693986]</comment>
  <comment name='discrete information content'>-6.57441428594427</comment>
  <PPM words-count='66.0' length='9'>
   <pm-column position='1'>
    <a>0.227272727272727</a>
    <c>0.181818181818182</c>
    <g>0.0606060606060606</g>
    <t>0.53030303030303</t>
   </pm-column>
   <pm-column position='2'>
    <a>0.0757575757575758</a>
    <c>0.0151515151515152</c>
    <g>0.0303030303030303</g>
    <t>0.878787878787879</t>
   </pm-column>
   <pm-column position='3'>
    <a>0.681818181818182</a>
    <c>0.0303030303030303</c>
    <g>0.0757575757575758</g>
    <t>0.212121212121212</t>
   </pm-column>
   <pm-column position='4'>
    <a>1.0</a>
    <c>0.0</c>
    <g>0.0</g>
    <t>0.0</t>
   </pm-column>
   <pm-column position='5'>
    <a>0.0</a>
    <c>0.0</c>
    <g>0.0454545454545455</g>
    <t>0.954545454545455</t>
   </pm-column>
   <pm-column position='6'>
    <a>0.0303030303030303</a>
    <c>0.0</c>
    <g>0.378787878787879</g>
    <t>0.590909090909091</t>
   </pm-column>
   <pm-column position='7'>
    <a>0.196969696969697</a>
    <c>0.0606060606060606</c>
    <g>0.5</g>
    <t>0.242424242424242</t>
   </pm-column>
   <pm-column position='8'>
    <a>0.181818181818182</a>
    <c>0.303030303030303</c>
    <g>0.196969696969697</g>
    <t>0.318181818181818</t>
   </pm-column>
   <pm-column position='9'>
    <a>0.0909090909090909</a>
    <c>0.409090909090909</c>
    <g>0.0606060606060606</g>
    <t>0.439393939393939</t>
   </pm-column>
  </PPM>
  <PWM words-count='66.0' length='9'>
   <pm-column position='1'>
    <a>-0.219983656990015</a>
    <c>-0.145087587510335</c>
    <g>-1.11440889343332</g>
    <t>0.583883026650664</t>
   </pm-column>
   <pm-column position='2'>
    <a>-1.17991682840183</a>
    <c>-2.06518242188641</c>
    <g>-1.64041360109724</g>
    <t>1.07568842222903</t>
   </pm-column>
   <pm-column position='3'>
    <a>0.827771934928129</a>
    <c>-1.64041360109724</c>
    <g>-0.928328295125253</g>
    <t>-0.283677897297382</t>
   </pm-column>
   <pm-column position='4'>
    <a>1.20242944223325</a>
    <c>-2.81858260175686</c>
    <g>-2.81858260175686</g>
    <t>-2.81858260175686</t>
   </pm-column>
   <pm-column position='5'>
    <a>-2.81858260175686</a>
    <c>-2.81858260175686</c>
    <g>-1.34321763503511</g>
    <t>1.15676310044561</t>
   </pm-column>
   <pm-column position='6'>
    <a>-1.84051276229918</a>
    <c>-2.81858260175686</c>
    <g>0.552336354095316</g>
    <t>0.688676298403032</t>
   </pm-column>
   <pm-column position='7'>
    <a>-0.351706748429393</a>
    <c>-1.11440889343332</c>
    <g>0.821603984806405</g>
    <t>-0.160104581261294</t>
   </pm-column>
   <pm-column position='8'>
    <a>-0.424703542973608</a>
    <c>0.337745635137783</c>
    <g>-0.0703675285143241</g>
    <t>0.0950087561181952</t>
   </pm-column>
   <pm-column position='9'>
    <a>-1.03050404527948</a>
    <c>0.626749110420962</c>
    <g>-1.11440889343332</g>
    <t>0.402694993282323</t>
   </pm-column>
  </PWM>
 </motif>
</smallbismark>