<?xml version='1.0' encoding='UTF-8'?>
<smallbismark>
 <comment name='WARNING'>This is a draft version of small-BiSMark. Specification is the subject to change!</comment>
 <motif name='ftz' id='FTZ.MTF'>
  <comment name='discrete information content by position'>[-1.06562918456099, -0.41811077505483, -0.814188602262071, 0.0, -0.16259341857655, -0.730359527732131, -1.0920560104156, -1.26177436040224, -1.02970240693986]</comment>
  <comment name='discrete information content'>-6.57441428594427</comment>
  <PPM words-count='66' length='9'>
   <pm-column position='1'>
    <a>0.439393939393939</a>
    <c>0.0606060606060606</c>
    <g>0.409090909090909</g>
    <t>0.0909090909090909</t>
   </pm-column>
   <pm-column position='2'>
    <a>0.318181818181818</a>
    <c>0.196969696969697</c>
    <g>0.303030303030303</g>
    <t>0.181818181818182</t>
   </pm-column>
   <pm-column position='3'>
    <a>0.242424242424242</a>
    <c>0.5</c>
    <g>0.0606060606060606</g>
    <t>0.196969696969697</t>
   </pm-column>
   <pm-column position='4'>
    <a>0.590909090909091</a>
    <c>0.378787878787879</c>
    <g>0.0</g>
    <t>0.0303030303030303</t>
   </pm-column>
   <pm-column position='5'>
    <a>0.954545454545455</a>
    <c>0.0454545454545455</c>
    <g>0.0</g>
    <t>0.0</t>
   </pm-column>
   <pm-column position='6'>
    <a>0.0</a>
    <c>0.0</c>
    <g>0.0</g>
    <t>1.0</t>
   </pm-column>
   <pm-column position='7'>
    <a>0.212121212121212</a>
    <c>0.0757575757575758</c>
    <g>0.0303030303030303</g>
    <t>0.681818181818182</t>
   </pm-column>
   <pm-column position='8'>
    <a>0.878787878787879</a>
    <c>0.0303030303030303</c>
    <g>0.0151515151515152</g>
    <t>0.0757575757575758</t>
   </pm-column>
   <pm-column position='9'>
    <a>0.53030303030303</a>
    <c>0.0606060606060606</c>
    <g>0.181818181818182</g>
    <t>0.227272727272727</t>
   </pm-column>
  </PPM>
  <PWM words-count='66' threshold='4.00904001072801' length='9'>
   <pm-column position='1'>
    <a>0.402694993282323</a>
    <c>-1.11440889343332</c>
    <g>0.626749110420962</g>
    <t>-1.03050404527948</t>
   </pm-column>
   <pm-column position='2'>
    <a>0.0950087561181952</a>
    <c>-0.0703675285143241</c>
    <g>0.337745635137783</g>
    <t>-0.424703542973608</t>
   </pm-column>
   <pm-column position='3'>
    <a>-0.160104581261294</a>
    <c>0.821603984806405</c>
    <g>-1.11440889343332</g>
    <t>-0.351706748429393</t>
   </pm-column>
   <pm-column position='4'>
    <a>0.688676298403032</a>
    <c>0.552336354095316</c>
    <g>-2.81858260175686</g>
    <t>-1.84051276229918</t>
   </pm-column>
   <pm-column position='5'>
    <a>1.15676310044561</a>
    <c>-1.34321763503511</c>
    <g>-2.81858260175686</g>
    <t>-2.81858260175686</t>
   </pm-column>
   <pm-column position='6'>
    <a>-2.81858260175686</a>
    <c>-2.81858260175686</c>
    <g>-2.81858260175686</g>
    <t>1.20242944223325</t>
   </pm-column>
   <pm-column position='7'>
    <a>-0.283677897297382</a>
    <c>-0.928328295125253</c>
    <g>-1.64041360109724</g>
    <t>0.827771934928129</t>
   </pm-column>
   <pm-column position='8'>
    <a>1.07568842222903</a>
    <c>-1.64041360109724</c>
    <g>-2.06518242188641</g>
    <t>-1.17991682840183</t>
   </pm-column>
   <pm-column position='9'>
    <a>0.583883026650664</a>
    <c>-1.11440889343332</c>
    <g>-0.145087587510335</g>
    <t>-0.219983656990015</t>
   </pm-column>
  </PWM>
 </motif>
</smallbismark>