<?xml version='1.0' encoding='UTF-8'?>
<smallbismark>
 <comment name='WARNING'>This is a draft version of small-BiSMark. Specification is the subject to change!</comment>
 <motif name='hb' id='HB.MTF'>
  <comment name='discrete information content by position'>[-0.975608238568159, -1.18403162520927, -0.795825700265186, -0.356789168357002, -0.356789168357002, -0.206554943708313, -0.535475816328472, -0.186168261925412, 0.0, -0.455827281003704]</comment>
  <comment name='discrete information content'>-5.05307020372252</comment>
  <PPM words-count='34.0' length='10'>
   <pm-column position='1'>
    <a>0.419117647058824</a>
    <c>0.419117647058824</c>
    <g>0.125</g>
    <t>0.0367647058823529</t>
   </pm-column>
   <pm-column position='2'>
    <a>0.389705882352941</a>
    <c>0.213235294117647</c>
    <g>0.213235294117647</g>
    <t>0.183823529411765</t>
   </pm-column>
   <pm-column position='3'>
    <a>0.00735294117647059</a>
    <c>0.654411764705882</c>
    <g>0.183823529411765</g>
    <t>0.154411764705882</t>
   </pm-column>
   <pm-column position='4'>
    <a>0.882352941176471</a>
    <c>0.0294117647058824</c>
    <g>0.0882352941176471</g>
    <t>0.0</t>
   </pm-column>
   <pm-column position='5'>
    <a>0.882352941176471</a>
    <c>0.0294117647058824</c>
    <g>0.0882352941176471</g>
    <t>0.0</t>
   </pm-column>
   <pm-column position='6'>
    <a>0.941176470588235</a>
    <c>0.0294117647058824</c>
    <g>0.0294117647058824</g>
    <t>0.0</t>
   </pm-column>
   <pm-column position='7'>
    <a>0.823529411764706</a>
    <c>0.0588235294117647</c>
    <g>0.0294117647058824</g>
    <t>0.0882352941176471</t>
   </pm-column>
   <pm-column position='8'>
    <a>0.941176470588235</a>
    <c>0.0588235294117647</c>
    <g>0.0</g>
    <t>0.0</t>
   </pm-column>
   <pm-column position='9'>
    <a>1.0</a>
    <c>0.0</c>
    <g>0.0</g>
    <t>0.0</t>
   </pm-column>
   <pm-column position='10'>
    <a>0.794117647058823</a>
    <c>0.205882352941176</c>
    <g>0.0</g>
    <t>0.0</t>
   </pm-column>
  </PPM>
  <PWM words-count='34.0' threshold='3.5605009983192' length='10'>
   <pm-column position='1'>
    <a>0.346363781590132</a>
    <c>0.632618391776652</c>
    <g>-0.466168864051634</g>
    <t>-1.56181500635287</t>
   </pm-column>
   <pm-column position='2'>
    <a>0.278607808409277</a>
    <c>0.00393318798856976</c>
    <g>0.00393318798856976</g>
    <t>-0.396167174352488</t>
   </pm-column>
   <pm-column position='3'>
    <a>-2.14449489704</a>
    <c>1.06009283255016</c>
    <g>-0.129621637756007</g>
    <t>-0.544268038675635</t>
   </pm-column>
   <pm-column position='4'>
    <a>1.05528900428923</a>
    <c>-1.51647855855361</c>
    <g>-0.753938431564907</g>
    <t>-2.36477730711848</t>
   </pm-column>
   <pm-column position='5'>
    <a>1.05528900428923</a>
    <c>-1.51647855855361</c>
    <g>-0.753938431564907</g>
    <t>-2.36477730711848</t>
   </pm-column>
   <pm-column position='6'>
    <a>1.11778104119299</a>
    <c>-1.51647855855361</c>
    <g>-1.51647855855361</g>
    <t>-2.36477730711848</t>
   </pm-column>
   <pm-column position='7'>
    <a>0.988629855110179</a>
    <c>-1.06422063908011</c>
    <g>-1.51647855855361</g>
    <t>-0.989254698849033</t>
   </pm-column>
   <pm-column position='8'>
    <a>1.11778104119299</a>
    <c>-1.06422063908011</c>
    <g>-2.36477730711848</g>
    <t>-2.36477730711848</t>
   </pm-column>
   <pm-column position='9'>
    <a>1.17659645704884</a>
    <c>-2.36477730711848</c>
    <g>-2.36477730711848</g>
    <t>-2.36477730711848</t>
   </pm-column>
   <pm-column position='10'>
    <a>0.953556373868586</a>
    <c>-0.0278208016277032</c>
    <g>-2.36477730711848</g>
    <t>-2.36477730711848</t>
   </pm-column>
  </PWM>
 </motif>
</smallbismark>