<?xml version='1.0' encoding='UTF-8'?>
<smallbismark>
 <comment name='WARNING'>This is a draft version of small-BiSMark. Specification is the subject to change!</comment>
 <motif name='slp1' id='SLP1.MTF'>
  <comment name='discrete information content by position'>[-0.49546802721584, -0.758770376797975, -0.78993479286066, -0.316456739011541, -0.702304479445115, -0.216844567053972, -0.622092830335466, -0.310583524036783, -0.466531335524232, -0.758272120202958, -0.482647481487643, -0.0230878552116025, -0.385409369112487]</comment>
  <comment name='discrete information content'>-6.32840349829628</comment>
  <PPM words-count='101.0' length='13'>
   <pm-column position='1'>
    <a>0.02</a>
    <c>0.0700000000000001</c>
    <g>0.0500000000000001</g>
    <t>0.86</t>
   </pm-column>
   <pm-column position='2'>
    <a>0.015</a>
    <c>0.0650000000000001</c>
    <g>0.710000000000001</g>
    <t>0.21</t>
   </pm-column>
   <pm-column position='3'>
    <a>0.0600000000000001</a>
    <c>0.0550000000000001</c>
    <g>0.730000000000001</g>
    <t>0.155</t>
   </pm-column>
   <pm-column position='4'>
    <a>0.015</a>
    <c>0.0450000000000001</c>
    <g>0.02</g>
    <t>0.919999999999999</t>
   </pm-column>
   <pm-column position='5'>
    <a>0.0500000000000001</a>
    <c>0.025</c>
    <g>0.755000000000001</g>
    <t>0.17</t>
   </pm-column>
   <pm-column position='6'>
    <a>0.015</a>
    <c>0.015</c>
    <g>0.02</g>
    <t>0.949999999999999</t>
   </pm-column>
   <pm-column position='7'>
    <a>0.00500000000000001</a>
    <c>0.025</c>
    <g>0.750000000000001</g>
    <t>0.22</t>
   </pm-column>
   <pm-column position='8'>
    <a>0.025</a>
    <c>0.0600000000000001</c>
    <g>0.0</g>
    <t>0.914999999999999</t>
   </pm-column>
   <pm-column position='9'>
    <a>0.1</a>
    <c>0.01</c>
    <g>0.03</g>
    <t>0.86</t>
   </pm-column>
   <pm-column position='10'>
    <a>0.0950000000000002</a>
    <c>0.02</c>
    <g>0.735000000000001</g>
    <t>0.15</t>
   </pm-column>
   <pm-column position='11'>
    <a>0.86</a>
    <c>0.02</c>
    <g>0.0900000000000001</g>
    <t>0.03</t>
   </pm-column>
   <pm-column position='12'>
    <a>0.0</a>
    <c>0.994999999999999</c>
    <g>0.0</g>
    <t>0.00500000000000001</t>
   </pm-column>
   <pm-column position='13'>
    <a>0.895</a>
    <c>0.01</c>
    <g>0.03</g>
    <t>0.0650000000000001</t>
   </pm-column>
  </PPM>
  <PWM words-count='101.0' threshold='1.94424519153257' length='13'>
   <pm-column position='1'>
    <a>-2.20564527147841</a>
    <c>-1.02444946751802</c>
    <g>-1.31338101609075</g>
    <t>1.06554417686643</t>
   </pm-column>
   <pm-column position='2'>
    <a>-2.36916367747242</a>
    <c>-1.08923775901575</c>
    <g>1.17609943372724</g>
    <t>-0.298733340097358</t>
   </pm-column>
   <pm-column position='3'>
    <a>-1.41410492075088</a>
    <c>-1.23295368791887</c>
    <g>1.20350962002974</g>
    <t>-0.581727396259568</t>
   </pm-column>
   <pm-column position='4'>
    <a>-2.36916367747242</a>
    <c>-1.40084713538416</c>
    <g>-2.01154177180724</g>
    <t>1.13200309077501</t>
   </pm-column>
   <pm-column position='5'>
    <a>-1.56111350894148</a>
    <c>-1.85595607520801</c>
    <g>1.23674845821992</g>
    <t>-0.496276250695855</t>
   </pm-column>
   <pm-column position='6'>
    <a>-2.36916367747242</a>
    <c>-2.19587581796184</c>
    <g>-2.01154177180724</g>
    <t>1.16364643759151</t>
   </pm-column>
   <pm-column position='7'>
    <a>-2.80812465292596</a>
    <c>-1.85595607520801</c>
    <g>1.23018848899904</g>
    <t>-0.254894681379317</t>
   </pm-column>
   <pm-column position='8'>
    <a>-2.06514522712575</a>
    <c>-1.15851615875386</c>
    <g>-3.13046356596213</g>
    <t>1.12663046397607</t>
   </pm-column>
   <pm-column position='9'>
    <a>-0.977881893551388</a>
    <c>-2.42204571771715</c>
    <g>-1.7213497697885</g>
    <t>1.06554417686643</t>
   </pm-column>
   <pm-column position='10'>
    <a>-1.02307887031891</a>
    <c>-2.01154177180724</c>
    <g>1.21024636115946</g>
    <t>-0.611914595169592</t>
   </pm-column>
   <pm-column position='11'>
    <a>1.06554417686643</a>
    <c>-2.01154177180724</c>
    <g>-0.800556979216744</g>
    <t>-1.94197550476829</t>
   </pm-column>
   <pm-column position='12'>
    <a>-3.13046356596213</a>
    <c>1.5097086794788</c>
    <g>-3.13046356596213</g>
    <t>-2.80812465292596</t>
   </pm-column>
   <pm-column position='13'>
    <a>1.10484656748257</a>
    <c>-2.42204571771715</c>
    <g>-1.7213497697885</g>
    <t>-1.34798323004174</t>
   </pm-column>
  </PWM>
 </motif>
</smallbismark>