<?xml version='1.0' encoding='UTF-8'?>
<smallbismark>
 <comment name='WARNING'>This is a draft version of small-BiSMark. Specification is the subject to change!</comment>
 <motif name='Abd-B' id='ABD_B.MTF'>
  <comment name='discrete information content by position'>[-0.749751444424714, -0.738467898025189, -0.354534282454329, -5.07530525542929e-016, -0.469495325497256, -5.07530525542929e-016, -0.341895286302195, -0.682242340542327, -1.05820936389434, -1.07263918111684]</comment>
  <comment name='discrete information content'>-5.46723512225719</comment>
  <PPM words-count='28' length='10'>
   <pm-column position='1'>
    <a>0.148809523809524</a>
    <c>0.101190476190476</c>
    <g>0.315476190476191</g>
    <t>0.43452380952381</t>
   </pm-column>
   <pm-column position='2'>
    <a>0.172619047619048</a>
    <c>0.125</c>
    <g>0.505952380952381</g>
    <t>0.196428571428571</t>
   </pm-column>
   <pm-column position='3'>
    <a>0.196428571428571</a>
    <c>0.0297619047619048</c>
    <g>0.0535714285714286</g>
    <t>0.720238095238095</t>
   </pm-column>
   <pm-column position='4'>
    <a>0.0297619047619048</a>
    <c>0.00595238095238095</c>
    <g>0.0773809523809524</g>
    <t>0.886904761904762</t>
   </pm-column>
   <pm-column position='5'>
    <a>0.0</a>
    <c>0.0</c>
    <g>0.0</g>
    <t>1.0</t>
   </pm-column>
   <pm-column position='6'>
    <a>0.0952380952380952</a>
    <c>0.0714285714285714</c>
    <g>0.0</g>
    <t>0.833333333333333</t>
   </pm-column>
   <pm-column position='7'>
    <a>1.0</a>
    <c>0.0</c>
    <g>0.0</g>
    <t>0.0</t>
   </pm-column>
   <pm-column position='8'>
    <a>0.0</a>
    <c>0.142857142857143</c>
    <g>0.0</g>
    <t>0.857142857142857</t>
   </pm-column>
   <pm-column position='9'>
    <a>0.0714285714285714</a>
    <c>0.0</c>
    <g>0.619047619047619</g>
    <t>0.30952380952381</t>
   </pm-column>
   <pm-column position='10'>
    <a>0.666666666666667</a>
    <c>0.0</c>
    <g>0.19047619047619</g>
    <t>0.142857142857143</t>
   </pm-column>
  </PPM>
  <PWM words-count='28' threshold='3.6036834332473' length='10'>
   <pm-column position='1'>
    <a>-0.564578857982251</a>
    <c>-0.630594566413723</c>
    <g>0.360630136848735</g>
    <t>0.375773443017175</t>
   </pm-column>
   <pm-column position='2'>
    <a>-0.442296075372378</a>
    <c>-0.458086518384293</c>
    <g>0.804676495357759</g>
    <t>-0.333350283895737</t>
   </pm-column>
   <pm-column position='3'>
    <a>-0.333350283895737</a>
    <c>-1.4626456065176</c>
    <g>-1.10310175543173</g>
    <t>0.851703078116528</t>
   </pm-column>
   <pm-column position='4'>
    <a>-1.61545327550355</a>
    <c>-2.02946987926269</c>
    <g>-0.839196097186853</g>
    <t>1.05129475579598</t>
   </pm-column>
   <pm-column position='5'>
    <a>-2.24101236665726</a>
    <c>-2.24101236665726</c>
    <g>-2.24101236665726</g>
    <t>1.16710004588383</t>
   </pm-column>
   <pm-column position='6'>
    <a>-0.910830667694492</a>
    <c>-0.898933894913929</c>
    <g>-2.24101236665726</g>
    <t>0.991377393832919</t>
   </pm-column>
   <pm-column position='7'>
    <a>1.16710004588383</a>
    <c>-2.24101236665726</c>
    <g>-2.24101236665726</g>
    <t>-2.24101236665726</t>
   </pm-column>
   <pm-column position='8'>
    <a>-2.24101236665726</a>
    <c>-0.345797334747764</c>
    <g>-2.24101236665726</g>
    <t>1.01845147290592</t>
   </pm-column>
   <pm-column position='9'>
    <a>-1.11404010206683</a>
    <c>-2.24101236665726</c>
    <g>0.99768867207857</g>
    <t>0.0656268971051791</t>
   </pm-column>
   <pm-column position='10'>
    <a>0.778051263229402</a>
    <c>-2.24101236665726</c>
    <g>-0.0964107675596396</g>
    <t>-0.597637735954312</t>
   </pm-column>
  </PWM>
 </motif>
</smallbismark>