<?xml version='1.0' encoding='UTF-8'?>
<smallbismark>
 <comment name='WARNING'>This is a draft version of small-BiSMark. Specification is the subject to change!</comment>
 <motif name='brk' id='BRK.MTF'>
  <comment name='discrete information content by position'>[-1.08783247488929, -1.04034611155859, -0.975831925635885, -1.04918917319574, -0.875283688399391, -0.651728725738634, 0.0, 0.0, 0.0, -0.152372097143587, -0.633502278539445, -0.710755742314226, -1.04014882422807, -1.05342031957391]</comment>
  <comment name='discrete information content'>-9.27041136121677</comment>
  <PPM words-count='22' length='14'>
   <pm-column position='1'>
    <a>0.0916666666666666</a>
    <c>0.166666666666667</c>
    <g>0.383333333333333</g>
    <t>0.358333333333333</t>
   </pm-column>
   <pm-column position='2'>
    <a>0.183333333333333</a>
    <c>0.291666666666667</c>
    <g>0.0833333333333333</g>
    <t>0.441666666666667</t>
   </pm-column>
   <pm-column position='3'>
    <a>0.575</a>
    <c>0.05</c>
    <g>0.375</g>
    <t>0.0</t>
   </pm-column>
   <pm-column position='4'>
    <a>0.258333333333333</a>
    <c>0.0</c>
    <g>0.691666666666666</g>
    <t>0.05</t>
   </pm-column>
   <pm-column position='5'>
    <a>0.0</a>
    <c>0.95</c>
    <g>0.0</g>
    <t>0.05</t>
   </pm-column>
   <pm-column position='6'>
    <a>0.0</a>
    <c>0.0</c>
    <g>1.0</g>
    <t>0.0</t>
   </pm-column>
   <pm-column position='7'>
    <a>0.0</a>
    <c>1.0</c>
    <g>0.0</g>
    <t>0.0</t>
   </pm-column>
   <pm-column position='8'>
    <a>0.0</a>
    <c>1.0</c>
    <g>0.0</g>
    <t>0.0</t>
   </pm-column>
   <pm-column position='9'>
    <a>0.716666666666666</a>
    <c>0.183333333333333</c>
    <g>0.1</g>
    <t>0.0</t>
   </pm-column>
   <pm-column position='10'>
    <a>0.0</a>
    <c>0.491666666666667</c>
    <g>0.333333333333333</g>
    <t>0.175</t>
   </pm-column>
   <pm-column position='11'>
    <a>0.0708333333333333</a>
    <c>0.379166666666667</c>
    <g>0.345833333333333</g>
    <t>0.204166666666667</t>
   </pm-column>
   <pm-column position='12'>
    <a>0.354166666666667</a>
    <c>0.379166666666667</c>
    <g>0.0208333333333333</g>
    <t>0.245833333333333</t>
   </pm-column>
   <pm-column position='13'>
    <a>0.489583333333333</a>
    <c>0.214583333333333</c>
    <g>0.172916666666667</g>
    <t>0.122916666666667</t>
   </pm-column>
   <pm-column position='14'>
    <a>0.358333333333333</a>
    <c>0.233333333333333</c>
    <g>0.316666666666667</g>
    <t>0.0916666666666666</t>
   </pm-column>
  </PPM>
  <PWM words-count='22' threshold='4.75777863588012' length='14'>
   <pm-column position='1'>
    <a>-0.90988176202582</a>
    <c>-0.208877857395526</c>
    <g>0.534319086545385</g>
    <t>0.194999200529701</t>
   </pm-column>
   <pm-column position='2'>
    <a>-0.38279809470704</a>
    <c>0.283463417961399</c>
    <g>-0.760690302942649</g>
    <t>0.384779767764913</t>
   </pm-column>
   <pm-column position='3'>
    <a>0.628960489696717</a>
    <c>-1.10962232546421</c>
    <g>0.513943328330899</g>
    <t>-2.09400251051298</t>
   </pm-column>
   <pm-column position='4'>
    <a>-0.0937249257954959</a>
    <c>-2.09400251051298</c>
    <g>1.09180362362012</g>
    <t>-1.28887194956492</t>
   </pm-column>
   <pm-column position='5'>
    <a>-2.09400251051298</a>
    <c>1.39785487276541</c>
    <g>-2.09400251051298</g>
    <t>-1.28887194956492</t>
   </pm-column>
   <pm-column position='6'>
    <a>-2.09400251051298</a>
    <c>-2.09400251051298</c>
    <g>1.44762479376166</g>
    <t>-2.09400251051298</t>
   </pm-column>
   <pm-column position='7'>
    <a>-2.09400251051298</a>
    <c>1.44762479376166</c>
    <g>-2.09400251051298</g>
    <t>-2.09400251051298</t>
   </pm-column>
   <pm-column position='8'>
    <a>-2.09400251051298</a>
    <c>1.44762479376166</c>
    <g>-2.09400251051298</g>
    <t>-2.09400251051298</t>
   </pm-column>
   <pm-column position='9'>
    <a>0.836133035147499</a>
    <c>-0.127464717007251</c>
    <g>-0.623296851379196</g>
    <t>-2.09400251051298</t>
   </pm-column>
   <pm-column position='10'>
    <a>-2.09400251051298</a>
    <c>0.767178864226057</c>
    <g>0.405328851540306</g>
    <t>-0.420752609392877</t>
   </pm-column>
   <pm-column position='11'>
    <a>-1.08152909373852</a>
    <c>0.524183102980772</c>
    <g>0.439169496575958</g>
    <t>-0.293772922403393</t>
   </pm-column>
   <pm-column position='12'>
    <a>0.18449501029656</a>
    <c>0.524183102980772</c>
    <g>-1.56431768206918</g>
    <t>-0.136465877872396</t>
   </pm-column>
   <pm-column position='13'>
    <a>0.479539019404007</a>
    <c>0.0093372380392337</c>
    <g>-0.177566107076411</g>
    <t>-0.697527605324776</t>
   </pm-column>
   <pm-column position='14'>
    <a>0.194999200529701</a>
    <c>0.0832512718322102</c>
    <g>0.358349391916914</g>
    <t>-0.90988176202582</t>
   </pm-column>
  </PWM>
 </motif>
</smallbismark>