<?xml version='1.0' encoding='UTF-8'?>
<smallbismark>
 <comment name='WARNING'>This is a draft version of small-BiSMark. Specification is the subject to change!</comment>
 <motif name='Eip74EF' id='EIP74EF.MTF'>
  <comment name='discrete information content by position'>[-0.733958206983108, -0.859193883295204, -5.6843418860808e-016, -5.6843418860808e-016, -0.187283348886249, -0.187283348886249, -0.618402543598062, -0.735803723551256, -1.07644630681249, -0.82137397145584, -0.947026488116589]</comment>
  <comment name='discrete information content'>-6.16677182158505</comment>
  <PPM words-count='25' length='11'>
   <pm-column position='1'>
    <a>0.588235294117647</a>
    <c>0.169117647058824</c>
    <g>0.136029411764706</g>
    <t>0.106617647058824</t>
   </pm-column>
   <pm-column position='2'>
    <a>0.643382352941177</a>
    <c>0.0698529411764706</c>
    <g>0.0661764705882353</g>
    <t>0.220588235294118</t>
   </pm-column>
   <pm-column position='3'>
    <a>0.308823529411765</a>
    <c>0.330882352941177</c>
    <g>0.0588235294117647</g>
    <t>0.301470588235294</t>
   </pm-column>
   <pm-column position='4'>
    <a>0.246323529411765</a>
    <c>0.665441176470588</c>
    <g>0.0588235294117647</g>
    <t>0.0294117647058824</t>
   </pm-column>
   <pm-column position='5'>
    <a>0.522058823529412</a>
    <c>0.477941176470588</c>
    <g>0.0</g>
    <t>0.0</t>
   </pm-column>
   <pm-column position='6'>
    <a>0.0625</a>
    <c>0.0</c>
    <g>0.9375</g>
    <t>0.0</t>
   </pm-column>
   <pm-column position='7'>
    <a>0.0</a>
    <c>0.0625</c>
    <g>0.9375</g>
    <t>0.0</t>
   </pm-column>
   <pm-column position='8'>
    <a>1.0</a>
    <c>0.0</c>
    <g>0.0</g>
    <t>0.0</t>
   </pm-column>
   <pm-column position='9'>
    <a>1.0</a>
    <c>0.0</c>
    <g>0.0</g>
    <t>0.0</t>
   </pm-column>
   <pm-column position='10'>
    <a>0.209558823529412</a>
    <c>0.0294117647058824</c>
    <g>0.606617647058824</g>
    <t>0.154411764705882</t>
   </pm-column>
   <pm-column position='11'>
    <a>0.106617647058824</a>
    <c>0.136029411764706</c>
    <g>0.0441176470588235</g>
    <t>0.713235294117647</t>
   </pm-column>
  </PPM>
  <PWM words-count='25' threshold='3.89081002846526' length='11'>
   <pm-column position='1'>
    <a>0.655201592483613</a>
    <c>-0.198743668850391</c>
    <g>-0.383180477424017</g>
    <t>-0.815550427952552</t>
   </pm-column>
   <pm-column position='2'>
    <a>0.739723112904067</a>
    <c>-0.902512137171147</c>
    <g>-0.941074179120006</g>
    <t>-0.23146986035514</t>
   </pm-column>
   <pm-column position='3'>
    <a>0.0630555259022787</a>
    <c>0.401972054064071</c>
    <g>-1.02296821569304</g>
    <t>0.0415667058637789</t>
   </pm-column>
   <pm-column position='4'>
    <a>-0.1362572873609</a>
    <c>1.06153745383458</c>
    <g>-1.02296821569304</g>
    <t>-1.58649656832271</t>
   </pm-column>
   <pm-column position='5'>
    <a>0.543336059552935</a>
    <c>0.74593629851561</c>
    <g>-2.17095893363032</g>
    <t>-2.17095893363032</t>
   </pm-column>
   <pm-column position='6'>
    <a>-1.18241985325555</a>
    <c>-2.17095893363032</c>
    <g>1.39278709273457</g>
    <t>-2.17095893363032</t>
   </pm-column>
   <pm-column position='7'>
    <a>-2.17095893363032</a>
    <c>-0.981183102413811</c>
    <g>1.39278709273457</g>
    <t>-2.17095893363032</t>
   </pm-column>
   <pm-column position='8'>
    <a>1.16113452216527</a>
    <c>-2.17095893363032</c>
    <g>-2.17095893363032</g>
    <t>-2.17095893363032</t>
   </pm-column>
   <pm-column position='9'>
    <a>1.16113452216527</a>
    <c>-2.17095893363032</c>
    <g>-2.17095893363032</g>
    <t>-2.17095893363032</t>
   </pm-column>
   <pm-column position='10'>
    <a>-0.275224411519121</a>
    <c>-1.44055123383072</c>
    <g>0.972804909520348</g>
    <t>-0.528349814301162</t>
   </pm-column>
   <pm-column position='11'>
    <a>-0.815550427952552</a>
    <c>-0.383180477424017</c>
    <g>-1.21011932957978</g>
    <t>0.837449420021752</t>
   </pm-column>
  </PWM>
 </motif>
</smallbismark>