<?xml version='1.0' encoding='UTF-8'?>
<smallbismark>
 <comment name='WARNING'>This is a draft version of small-BiSMark. Specification is the subject to change!</comment>
 <motif name='nub' id='NUB.MTF'>
  <comment name='discrete information content by position'>[-1.14942803426488, -1.01701100717169, -0.586057537106219, 0.0, 0.0, -0.848510904306614, -0.577294181027995, -0.269385365663444, -0.3596821910549, -0.667723598330074, -1.07962692301026]</comment>
  <comment name='discrete information content'>-6.55471974193607</comment>
  <PPM words-count='36' length='11'>
   <pm-column position='1'>
    <a>0.515625</a>
    <c>0.15625</c>
    <g>0.140625</g>
    <t>0.1875</t>
   </pm-column>
   <pm-column position='2'>
    <a>0.015625</a>
    <c>0.40625</c>
    <g>0.0</g>
    <t>0.578125</t>
   </pm-column>
   <pm-column position='3'>
    <a>0.0</a>
    <c>0.140625</c>
    <g>0.0</g>
    <t>0.859375</t>
   </pm-column>
   <pm-column position='4'>
    <a>0.09375</a>
    <c>0.0</c>
    <g>0.0</g>
    <t>0.90625</t>
   </pm-column>
   <pm-column position='5'>
    <a>0.265625</a>
    <c>0.015625</c>
    <g>0.71875</g>
    <t>0.0</t>
   </pm-column>
   <pm-column position='6'>
    <a>0.0625</a>
    <c>0.671875</c>
    <g>0.140625</g>
    <t>0.125</t>
   </pm-column>
   <pm-column position='7'>
    <a>1.0</a>
    <c>0.0</c>
    <g>0.0</g>
    <t>0.0</t>
   </pm-column>
   <pm-column position='8'>
    <a>0.0</a>
    <c>0.0</c>
    <g>0.0</g>
    <t>1.0</t>
   </pm-column>
   <pm-column position='9'>
    <a>0.78125</a>
    <c>0.015625</c>
    <g>0.15625</g>
    <t>0.046875</t>
   </pm-column>
   <pm-column position='10'>
    <a>0.37890625</a>
    <c>0.22265625</c>
    <g>0.01953125</g>
    <t>0.37890625</t>
   </pm-column>
   <pm-column position='11'>
    <a>0.1953125</a>
    <c>0.1953125</c>
    <g>0.1640625</g>
    <t>0.4453125</t>
   </pm-column>
  </PPM>
  <PWM words-count='36' threshold='3.71475966025014' length='11'>
   <pm-column position='1'>
    <a>0.542659822712563</a>
    <c>-0.274633110235393</c>
    <g>-0.366842420479109</g>
    <t>-0.380858143278418</t>
   </pm-column>
   <pm-column position='2'>
    <a>-1.9666420482795</a>
    <c>0.604732978750518</c>
    <g>-2.40206758186457</g>
    <t>0.651365674577156</t>
   </pm-column>
   <pm-column position='3'>
    <a>-2.40206758186457</a>
    <c>-0.366842420479109</c>
    <g>-2.40206758186457</g>
    <t>1.03221424981462</t>
   </pm-column>
   <pm-column position='4'>
    <a>-0.949582051500636</a>
    <c>-2.40206758186457</c>
    <g>-2.40206758186457</g>
    <t>1.08365465335987</t>
   </pm-column>
   <pm-column position='5'>
    <a>-0.0723002216682945</a>
    <c>-1.84856726097798</c>
    <g>1.15354350634243</g>
    <t>-2.40206758186457</t>
   </pm-column>
   <pm-column position='6'>
    <a>-1.24440601979957</a>
    <c>1.0880930737378</c>
    <g>-0.366842420479109</g>
    <t>-0.722177718354084</t>
   </pm-column>
   <pm-column position='7'>
    <a>1.17921887983849</a>
    <c>-2.40206758186457</c>
    <g>-2.40206758186457</g>
    <t>-2.40206758186457</t>
   </pm-column>
   <pm-column position='8'>
    <a>-2.40206758186457</a>
    <c>-2.40206758186457</c>
    <g>-2.40206758186457</g>
    <t>1.17921887983849</t>
   </pm-column>
   <pm-column position='9'>
    <a>0.940123737495111</a>
    <c>-1.84856726097798</c>
    <g>-0.274633110235393</g>
    <t>-1.43247804690711</t>
   </pm-column>
   <pm-column position='10'>
    <a>0.25337620614818</a>
    <c>0.0433582664258517</c>
    <g>-1.74757639036085</g>
    <t>0.25337620614818</t>
   </pm-column>
   <pm-column position='11'>
    <a>-0.345350047479537</a>
    <c>-0.0756065631795862</c>
    <g>-0.231532556758203</g>
    <t>0.404329881031997</t>
   </pm-column>
  </PWM>
 </motif>
</smallbismark>