<?xml version='1.0' encoding='UTF-8'?>
<smallbismark>
 <comment name='WARNING'>This is a draft version of small-BiSMark. Specification is the subject to change!</comment>
 <motif name='srp' id='SRP.MTF'>
  <comment name='discrete information content by position'>[-0.905695814854987, -0.856176316203566, 0.0, 0.0, -0.331685976691948, 0.0, -0.525996310374928, -0.982144859966705, -0.958579211080107]</comment>
  <comment name='discrete information content'>-4.56027848917224</comment>
  <PPM words-count='36.0' length='9'>
   <pm-column position='1'>
    <a>0.046875</a>
    <c>0.0625</c>
    <g>0.5</g>
    <t>0.390625</t>
   </pm-column>
   <pm-column position='2'>
    <a>0.21875</a>
    <c>0.59375</c>
    <g>0.0</g>
    <t>0.1875</t>
   </pm-column>
   <pm-column position='3'>
    <a>0.0</a>
    <c>0.0</c>
    <g>1.0</g>
    <t>0.0</t>
   </pm-column>
   <pm-column position='4'>
    <a>1.0</a>
    <c>0.0</c>
    <g>0.0</g>
    <t>0.0</t>
   </pm-column>
   <pm-column position='5'>
    <a>0.125</a>
    <c>0.0</c>
    <g>0.0</g>
    <t>0.875</t>
   </pm-column>
   <pm-column position='6'>
    <a>1.0</a>
    <c>0.0</c>
    <g>0.0</g>
    <t>0.0</t>
   </pm-column>
   <pm-column position='7'>
    <a>0.734375</a>
    <c>0.0</c>
    <g>0.265625</g>
    <t>0.0</t>
   </pm-column>
   <pm-column position='8'>
    <a>0.0</a>
    <c>0.296875</c>
    <g>0.40625</g>
    <t>0.296875</t>
   </pm-column>
   <pm-column position='9'>
    <a>0.484375</a>
    <c>0.171875</c>
    <g>0.328125</g>
    <t>0.015625</t>
   </pm-column>
  </PPM>
  <PWM words-count='36.0' threshold='4.18495145737223' length='9'>
   <pm-column position='1'>
    <a>-1.43247804690711</a>
    <c>-1.02649995689235</c>
    <g>0.80305728582994</g>
    <t>0.281725159177203</t>
   </pm-column>
   <pm-column position='2'>
    <a>-0.245816763424527</a>
    <c>0.968483716601657</c>
    <g>-2.40206758186457</g>
    <t>-0.380858143278418</t>
   </pm-column>
   <pm-column position='3'>
    <a>-2.40206758186457</a>
    <c>-2.40206758186457</c>
    <g>1.47571914901052</g>
    <t>-2.40206758186457</t>
   </pm-column>
   <pm-column position='4'>
    <a>1.17921887983849</a>
    <c>-2.40206758186457</c>
    <g>-2.40206758186457</g>
    <t>-2.40206758186457</t>
   </pm-column>
   <pm-column position='5'>
    <a>-0.722177718354084</a>
    <c>-2.40206758186457</c>
    <g>-2.40206758186457</g>
    <t>1.04965672226688</t>
   </pm-column>
   <pm-column position='6'>
    <a>1.17921887983849</a>
    <c>-2.40206758186457</c>
    <g>-2.40206758186457</g>
    <t>-2.40206758186457</t>
   </pm-column>
   <pm-column position='7'>
    <a>0.880502772898163</a>
    <c>-2.40206758186457</c>
    <g>0.205692194268041</g>
    <t>-2.40206758186457</t>
   </pm-column>
   <pm-column position='8'>
    <a>-2.40206758186457</a>
    <c>0.309129742675353</c>
    <g>0.604732978750518</g>
    <t>0.0286285416628128</t>
   </pm-column>
   <pm-column position='9'>
    <a>0.483528323567091</a>
    <c>-0.190213156609581</c>
    <g>0.40286383055</g>
    <t>-1.9666420482795</t>
   </pm-column>
  </PWM>
 </motif>
</smallbismark>