<?xml version='1.0' encoding='UTF-8'?>
<smallbismark>
 <comment name='WARNING'>This is a draft version of small-BiSMark. Specification is the subject to change!</comment>
 <motif name='D' id='D.MTF'>
  <comment name='discrete information content by position'>[-1.13317319835365, -1.02860413772165, -0.416051021902402, -0.853532764945727, -0.522805730562814, -0.316015804794691, -0.255789544695674, -0.103716486018122, 0.0, -0.784036210121719, -1.21600448616964, -0.755834729348438]</comment>
  <comment name='discrete information content'>-7.38556411463452</comment>
  <PPM words-count='34.0' length='12'>
   <pm-column position='1'>
    <a>0.235294117647059</a>
    <c>0.0882352941176471</c>
    <g>0.382352941176471</g>
    <t>0.294117647058824</t>
   </pm-column>
   <pm-column position='2'>
    <a>0.0294117647058824</a>
    <c>0.235294117647059</c>
    <g>0.294117647058824</g>
    <t>0.441176470588235</t>
   </pm-column>
   <pm-column position='3'>
    <a>0.0</a>
    <c>0.852941176470588</c>
    <g>0.0294117647058824</g>
    <t>0.117647058823529</t>
   </pm-column>
   <pm-column position='4'>
    <a>0.117647058823529</a>
    <c>0.529411764705882</c>
    <g>0.0</g>
    <t>0.352941176470588</t>
   </pm-column>
   <pm-column position='5'>
    <a>0.735294117647059</a>
    <c>0.0</c>
    <g>0.0</g>
    <t>0.264705882352941</t>
   </pm-column>
   <pm-column position='6'>
    <a>0.0</a>
    <c>0.117647058823529</c>
    <g>0.0</g>
    <t>0.882352941176471</t>
   </pm-column>
   <pm-column position='7'>
    <a>0.0</a>
    <c>0.0</c>
    <g>0.0882352941176471</g>
    <t>0.911764705882353</t>
   </pm-column>
   <pm-column position='8'>
    <a>0.0294117647058824</a>
    <c>0.0</c>
    <g>0.970588235294118</g>
    <t>0.0</t>
   </pm-column>
   <pm-column position='9'>
    <a>0.0</a>
    <c>0.0</c>
    <g>0.0</g>
    <t>1.0</t>
   </pm-column>
   <pm-column position='10'>
    <a>0.0294117647058824</a>
    <c>0.205882352941176</c>
    <g>0.0882352941176471</g>
    <t>0.676470588235294</t>
   </pm-column>
   <pm-column position='11'>
    <a>0.235294117647059</a>
    <c>0.323529411764706</c>
    <g>0.205882352941176</g>
    <t>0.235294117647059</t>
   </pm-column>
   <pm-column position='12'>
    <a>0.323529411764706</a>
    <c>0.0294117647058824</c>
    <g>0.0294117647058824</g>
    <t>0.617647058823529</t>
   </pm-column>
  </PPM>
  <PWM words-count='34.0' length='12'>
   <pm-column position='1'>
    <a>-0.180332047749502</a>
    <c>-0.753938431564907</c>
    <g>0.545599062398388</g>
    <t>0.0200463022020684</t>
   </pm-column>
   <pm-column position='2'>
    <a>-1.67879838744141</a>
    <c>0.0935594062867207</c>
    <g>0.299439361144005</g>
    <t>0.394328496116197</t>
   </pm-column>
   <pm-column position='3'>
    <a>-2.36477730711848</a>
    <c>1.31744069214328</c>
    <g>-1.51647855855361</g>
    <t>-0.766833406771327</t>
   </pm-column>
   <pm-column position='4'>
    <a>-0.766833406771327</a>
    <c>0.855779438123255</c>
    <g>-2.36477730711848</g>
    <t>0.186897943741989</t>
   </pm-column>
   <pm-column position='5'>
    <a>0.879488194300556</a>
    <c>-2.36477730711848</c>
    <g>-2.36477730711848</g>
    <t>-0.0751323115459873</t>
   </pm-column>
   <pm-column position='6'>
    <a>-2.36477730711848</a>
    <c>-0.517475972939959</c>
    <g>-2.36477730711848</g>
    <t>1.05528900428923</t>
   </pm-column>
   <pm-column position='7'>
    <a>-2.36477730711848</a>
    <c>-2.36477730711848</c>
    <g>-0.753938431564907</g>
    <t>1.08702310016397</t>
   </pm-column>
   <pm-column position='8'>
    <a>-1.67879838744141</a>
    <c>-2.36477730711848</c>
    <g>1.44359720454946</g>
    <t>-2.36477730711848</t>
   </pm-column>
   <pm-column position='9'>
    <a>-2.36477730711848</a>
    <c>-2.36477730711848</c>
    <g>-2.36477730711848</g>
    <t>1.17659645704884</t>
   </pm-column>
   <pm-column position='10'>
    <a>-1.67879838744141</a>
    <c>-0.0278208016277032</c>
    <g>-0.753938431564907</g>
    <t>0.799491909309111</t>
   </pm-column>
   <pm-column position='11'>
    <a>-0.180332047749502</a>
    <c>0.388397235502681</c>
    <g>-0.0278208016277032</g>
    <t>-0.180332047749502</t>
   </pm-column>
   <pm-column position='12'>
    <a>0.106948027587296</a>
    <c>-1.51647855855361</c>
    <g>-1.51647855855361</g>
    <t>0.712535392710938</t>
   </pm-column>
  </PWM>
 </motif>
</smallbismark>