<?xml version='1.0' encoding='UTF-8'?>
<smallbismark>
 <comment name='WARNING'>This is a draft version of small-BiSMark. Specification is the subject to change!</comment>
 <motif name='D' id='D.MTF'>
  <comment name='discrete information content by position'>[-0.893298989582619, -6.78727389382781e-015, -6.78727389382781e-015, -0.167391300345104, -0.209303562548418, -0.61299482437473, -0.878075462307888, -0.632115265619117, -1.08389223621587, -1.21995829459169]</comment>
  <comment name='discrete information content'>-5.69702993558546</comment>
  <PPM words-count='134' length='10'>
   <pm-column position='1'>
    <a>0.187647058823529</a>
    <c>0.0991176470588234</c>
    <g>0.401470588235294</g>
    <t>0.311764705882353</t>
   </pm-column>
   <pm-column position='2'>
    <a>0.0247058823529411</a>
    <c>0.212647058823529</c>
    <g>0.287352941176471</g>
    <t>0.475294117647059</t>
   </pm-column>
   <pm-column position='3'>
    <a>0.0</a>
    <c>0.766764705882353</c>
    <g>0.0497058823529411</g>
    <t>0.183529411764706</t>
   </pm-column>
   <pm-column position='4'>
    <a>0.0888235294117646</a>
    <c>0.584705882352941</c>
    <g>0.00499999999999999</g>
    <t>0.321470588235294</t>
   </pm-column>
   <pm-column position='5'>
    <a>0.67235294117647</a>
    <c>0.0</c>
    <g>0.0</g>
    <t>0.32764705882353</t>
   </pm-column>
   <pm-column position='6'>
    <a>0.0</a>
    <c>0.0588235294117646</c>
    <g>0.0</g>
    <t>0.941176470588235</t>
   </pm-column>
   <pm-column position='7'>
    <a>0.0</a>
    <c>0.0</c>
    <g>0.0441176470588235</g>
    <t>0.955882352941176</t>
   </pm-column>
   <pm-column position='8'>
    <a>0.0</a>
    <c>0.0</c>
    <g>0.999999999999999</g>
    <t>0.0</t>
   </pm-column>
   <pm-column position='9'>
    <a>0.0</a>
    <c>0.0</c>
    <g>0.0</g>
    <t>0.999999999999999</t>
   </pm-column>
   <pm-column position='10'>
    <a>0.0197058823529412</a>
    <c>0.27764705882353</c>
    <g>0.0841176470588234</g>
    <t>0.618529411764706</t>
   </pm-column>
  </PPM>
  <PWM words-count='134' threshold='3.5998423075831' length='10'>
   <pm-column position='1'>
    <a>-0.408689420351983</a>
    <c>-0.722268145371183</c>
    <g>0.620324435082133</g>
    <t>0.0776446350974319</t>
   </pm-column>
   <pm-column position='2'>
    <a>-2.13612835235791</a>
    <c>0.00152221307285732</c>
    <g>0.293403993051853</g>
    <t>0.488040282422465</t>
   </pm-column>
   <pm-column position='3'>
    <a>-3.34494444668556</a>
    <c>1.25829495966908</c>
    <g>-1.3427596645289</g>
    <t>-0.429687503186767</t>
   </pm-column>
   <pm-column position='4'>
    <a>-1.0992395651323</a>
    <c>0.990338776520139</c>
    <g>-2.84762251363415</g>
    <t>0.107316346308499</t>
   </pm-column>
   <pm-column position='5'>
    <a>0.82852580712647</a>
    <c>-3.34494444668556</c>
    <g>-3.34494444668556</g>
    <t>0.125750015113489</t>
   </pm-column>
   <pm-column position='6'>
    <a>-3.34494444668556</a>
    <c>-1.19549436461648</c>
    <g>-3.34494444668556</g>
    <t>1.16046508855175</t>
   </pm-column>
   <pm-column position='7'>
    <a>-3.34494444668556</a>
    <c>-3.34494444668556</c>
    <g>-1.44506267221628</g>
    <t>1.17579927503423</t>
   </pm-column>
   <pm-column position='8'>
    <a>-3.34494444668556</a>
    <c>-3.34494444668556</c>
    <g>1.52153066106901</g>
    <t>-3.34494444668556</t>
   </pm-column>
   <pm-column position='9'>
    <a>-3.34494444668556</a>
    <c>-3.34494444668556</c>
    <g>-3.34494444668556</g>
    <t>1.22043955410481</t>
   </pm-column>
   <pm-column position='10'>
    <a>-2.28923292758431</a>
    <c>0.259962321488321</c>
    <g>-0.873494738392283</g>
    <t>0.746426216569633</t>
   </pm-column>
  </PWM>
 </motif>
</smallbismark>