<?xml version='1.0' encoding='UTF-8'?>
<smallbismark>
 <comment name='WARNING'>This is a draft version of small-BiSMark. Specification is the subject to change!</comment>
 <motif name='ovo' id='OVO.MTF'>
  <comment name='discrete information content by position'>[-0.690333275354038, -0.541019986246816, 0.0, -0.40690016021553, -0.718372628405811, -0.724122034358167, -0.718372628405811, -0.449468962195914, -0.556213449317868, -0.852492454441864, 0.0, -0.852492454441981, -0.81870369543274, -0.207075554149]</comment>
  <comment name='discrete information content'>-7.53556728296554</comment>
  <PPM words-count='12.0' length='14'>
   <pm-column position='1'>
    <a>0.333333333333333</a>
    <c>0.583333333333333</c>
    <g>0.0833333333333333</g>
    <t>0.0</t>
   </pm-column>
   <pm-column position='2'>
    <a>0.75</a>
    <c>0.0</c>
    <g>0.166666666666667</g>
    <t>0.0833333333333333</t>
   </pm-column>
   <pm-column position='3'>
    <a>1.0</a>
    <c>0.0</c>
    <g>0.0</g>
    <t>0.0</t>
   </pm-column>
   <pm-column position='4'>
    <a>0.0833333333333333</a>
    <c>0.0833333333333333</c>
    <g>0.0</g>
    <t>0.833333333333333</t>
   </pm-column>
   <pm-column position='5'>
    <a>0.5</a>
    <c>0.0</c>
    <g>0.416666666666667</g>
    <t>0.0833333333333333</t>
   </pm-column>
   <pm-column position='6'>
    <a>0.666666666666667</a>
    <c>0.0833333333333333</c>
    <g>0.0833333333333333</g>
    <t>0.166666666666667</t>
   </pm-column>
   <pm-column position='7'>
    <a>0.5</a>
    <c>0.416666666666667</c>
    <g>0.0833333333333333</g>
    <t>0.0</t>
   </pm-column>
   <pm-column position='8'>
    <a>0.75</a>
    <c>0.0</c>
    <g>0.25</g>
    <t>0.0</t>
   </pm-column>
   <pm-column position='9'>
    <a>0.416666666666667</a>
    <c>0.583333333333333</c>
    <g>0.0</g>
    <t>0.0</t>
   </pm-column>
   <pm-column position='10'>
    <a>0.25</a>
    <c>0.333333333333333</c>
    <g>0.0</g>
    <t>0.416666666666667</t>
   </pm-column>
   <pm-column position='11'>
    <a>0.0</a>
    <c>0.0</c>
    <g>1.0</g>
    <t>0.0</t>
   </pm-column>
   <pm-column position='12'>
    <a>0.333333333333333</a>
    <c>0.0833333333333333</c>
    <g>0.0833333333333333</g>
    <t>0.5</t>
   </pm-column>
   <pm-column position='13'>
    <a>0.25</a>
    <c>0.25</c>
    <g>0.0</g>
    <t>0.5</t>
   </pm-column>
   <pm-column position='14'>
    <a>0.916666666666667</a>
    <c>0.0833333333333333</c>
    <g>0.0</g>
    <t>0.0</t>
   </pm-column>
  </PPM>
  <PWM words-count='12.0' length='14'>
   <pm-column position='1'>
    <a>0.123493967910029</a>
    <c>0.895165057192364</c>
    <g>-0.699726365649389</g>
    <t>-1.76287209322273</t>
   </pm-column>
   <pm-column position='2'>
    <a>0.846429418766488</a>
    <c>-1.76287209322273</c>
    <g>-0.196147536867838</g>
    <t>-0.887887019367454</t>
   </pm-column>
   <pm-column position='3'>
    <a>1.11554369041078</a>
    <c>-1.76287209322273</c>
    <g>-1.76287209322273</g>
    <t>-1.76287209322273</t>
   </pm-column>
   <pm-column position='4'>
    <a>-0.887887019367454</a>
    <c>-0.699726365649389</c>
    <g>-1.76287209322273</g>
    <t>0.944404133955255</t>
   </pm-column>
   <pm-column position='5'>
    <a>0.47709656939557</a>
    <c>-1.76287209322273</c>
    <g>0.586341315616203</g>
    <t>-0.887887019367454</t>
   </pm-column>
   <pm-column position='6'>
    <a>0.737802577520214</a>
    <c>-0.699726365649389</c>
    <g>-0.699726365649389</g>
    <t>-0.428482008747039</t>
   </pm-column>
   <pm-column position='7'>
    <a>0.47709656939557</a>
    <c>0.586341315616203</c>
    <g>-0.699726365649389</g>
    <t>-1.76287209322273</t>
   </pm-column>
   <pm-column position='8'>
    <a>0.846429418766488</a>
    <c>-1.76287209322273</c>
    <g>0.137202781685672</g>
    <t>-1.76287209322273</t>
   </pm-column>
   <pm-column position='9'>
    <a>0.31584386545698</a>
    <c>0.895165057192364</c>
    <g>-1.76287209322273</g>
    <t>-1.76287209322273</t>
   </pm-column>
   <pm-column position='10'>
    <a>-0.114883217863448</a>
    <c>0.386778590371342</c>
    <g>-1.76287209322273</g>
    <t>0.31584386545698</t>
   </pm-column>
   <pm-column position='11'>
    <a>-1.76287209322273</a>
    <c>-1.76287209322273</c>
    <g>1.40452432592008</g>
    <t>-1.76287209322273</t>
   </pm-column>
   <pm-column position='12'>
    <a>0.123493967910029</a>
    <c>-0.699726365649389</c>
    <g>-0.699726365649389</g>
    <t>0.47709656939557</t>
   </pm-column>
   <pm-column position='13'>
    <a>-0.114883217863448</a>
    <c>0.137202781685672</c>
    <g>-1.76287209322273</g>
    <t>0.47709656939557</t>
   </pm-column>
   <pm-column position='14'>
    <a>1.03363054649206</a>
    <c>-0.699726365649389</c>
    <g>-1.76287209322273</g>
    <t>-1.76287209322273</t>
   </pm-column>
  </PWM>
 </motif>
</smallbismark>