<?xml version='1.0' encoding='UTF-8'?>
<smallbismark>
 <comment name='WARNING'>This is a draft version of small-BiSMark. Specification is the subject to change!</comment>
 <motif name='ovo' id='OVO.MTF'>
  <comment name='discrete information content by position'>[-0.556213449317868, -1.00180574353443, 0.0, -0.517046480214052, -0.449468962195914, -0.207075554149, -0.556213449317868, -0.517046480214052, -0.541019986246816, -0.794730189390429, -0.632571010307265, -0.517046480214052, -0.449468962195914]</comment>
  <comment name='discrete information content'>-6.73970674729766</comment>
  <PPM words-count='12.0' length='13'>
   <pm-column position='1'>
    <a>0.583333333333333</a>
    <c>0.0</c>
    <g>0.0</g>
    <t>0.416666666666667</t>
   </pm-column>
   <pm-column position='2'>
    <a>0.166666666666667</a>
    <c>0.25</c>
    <g>0.166666666666667</g>
    <t>0.416666666666667</t>
   </pm-column>
   <pm-column position='3'>
    <a>0.0</a>
    <c>0.0</c>
    <g>0.0</g>
    <t>1.0</t>
   </pm-column>
   <pm-column position='4'>
    <a>0.666666666666667</a>
    <c>0.0</c>
    <g>0.0</g>
    <t>0.333333333333333</t>
   </pm-column>
   <pm-column position='5'>
    <a>0.75</a>
    <c>0.0</c>
    <g>0.0</g>
    <t>0.25</t>
   </pm-column>
   <pm-column position='6'>
    <a>0.0</a>
    <c>0.916666666666667</c>
    <g>0.0833333333333333</g>
    <t>0.0</t>
   </pm-column>
   <pm-column position='7'>
    <a>0.416666666666667</a>
    <c>0.0</c>
    <g>0.583333333333333</g>
    <t>0.0</t>
   </pm-column>
   <pm-column position='8'>
    <a>0.333333333333333</a>
    <c>0.0</c>
    <g>0.666666666666667</g>
    <t>0.0</t>
   </pm-column>
   <pm-column position='9'>
    <a>0.0833333333333333</a>
    <c>0.166666666666667</c>
    <g>0.0</g>
    <t>0.75</t>
   </pm-column>
   <pm-column position='10'>
    <a>0.166666666666667</a>
    <c>0.0</c>
    <g>0.5</g>
    <t>0.333333333333333</t>
   </pm-column>
   <pm-column position='11'>
    <a>0.666666666666667</a>
    <c>0.25</c>
    <g>0.0</g>
    <t>0.0833333333333333</t>
   </pm-column>
   <pm-column position='12'>
    <a>0.0</a>
    <c>0.666666666666667</c>
    <g>0.0</g>
    <t>0.333333333333333</t>
   </pm-column>
   <pm-column position='13'>
    <a>0.75</a>
    <c>0.0</c>
    <g>0.0</g>
    <t>0.25</t>
   </pm-column>
  </PPM>
  <PWM words-count='12.0' threshold='4.16893248575121' length='13'>
   <pm-column position='1'>
    <a>0.615921574349694</a>
    <c>-1.76287209322273</c>
    <g>-1.76287209322273</g>
    <t>0.31584386545698</t>
   </pm-column>
   <pm-column position='2'>
    <a>-0.428482008747039</a>
    <c>0.137202781685672</c>
    <g>-0.196147536867838</g>
    <t>0.31584386545698</t>
   </pm-column>
   <pm-column position='3'>
    <a>-1.76287209322273</a>
    <c>-1.76287209322273</c>
    <g>-1.76287209322273</g>
    <t>1.11554369041078</t>
   </pm-column>
   <pm-column position='4'>
    <a>0.737802577520214</a>
    <c>-1.76287209322273</c>
    <g>-1.76287209322273</g>
    <t>0.123493967910029</t>
   </pm-column>
   <pm-column position='5'>
    <a>0.846429418766488</a>
    <c>-1.76287209322273</c>
    <g>-1.76287209322273</g>
    <t>-0.114883217863448</t>
   </pm-column>
   <pm-column position='6'>
    <a>-1.76287209322273</a>
    <c>1.32133410266508</c>
    <g>-0.699726365649389</g>
    <t>-1.76287209322273</t>
   </pm-column>
   <pm-column position='7'>
    <a>0.31584386545698</a>
    <c>-1.76287209322273</c>
    <g>0.895165057192364</g>
    <t>-1.76287209322273</t>
   </pm-column>
   <pm-column position='8'>
    <a>0.123493967910029</a>
    <c>-1.76287209322273</c>
    <g>1.01989714241168</g>
    <t>-1.76287209322273</t>
   </pm-column>
   <pm-column position='9'>
    <a>-0.887887019367454</a>
    <c>-0.196147536867838</c>
    <g>-1.76287209322273</g>
    <t>0.846429418766488</t>
   </pm-column>
   <pm-column position='10'>
    <a>-0.428482008747039</a>
    <c>-1.76287209322273</c>
    <g>0.752627624215714</g>
    <t>0.123493967910029</t>
   </pm-column>
   <pm-column position='11'>
    <a>0.737802577520214</a>
    <c>0.137202781685672</c>
    <g>-1.76287209322273</g>
    <t>-0.887887019367454</t>
   </pm-column>
   <pm-column position='12'>
    <a>-1.76287209322273</a>
    <c>1.01989714241168</c>
    <g>-1.76287209322273</g>
    <t>0.123493967910029</t>
   </pm-column>
   <pm-column position='13'>
    <a>0.846429418766488</a>
    <c>-1.76287209322273</c>
    <g>-1.76287209322273</g>
    <t>-0.114883217863448</t>
   </pm-column>
  </PWM>
 </motif>
</smallbismark>