<?xml version='1.0' encoding='UTF-8'?>
<smallbismark>
 <comment name='WARNING'>This is a draft version of small-BiSMark. Specification is the subject to change!</comment>
 <motif name='ovo' id='OVO.MTF'>
  <comment name='discrete information content by position'>[-1.08671458933504, -1.02705920988009, 0.0, -1.02938255103108, 0.0, 0.0, -0.14497725893921, -0.939522091553282, -0.740741745367845, -0.851398283496508, -1.08169742192004, -0.981211079046328]</comment>
  <comment name='discrete information content'>-7.88270423056943</comment>
  <PPM words-count='21.0' length='12'>
   <pm-column position='1'>
    <a>0.238095238095238</a>
    <c>0.142857142857143</c>
    <g>0.428571428571429</g>
    <t>0.19047619047619</t>
   </pm-column>
   <pm-column position='2'>
    <a>0.428571428571429</a>
    <c>0.0952380952380952</c>
    <g>0.142857142857143</g>
    <t>0.333333333333333</t>
   </pm-column>
   <pm-column position='3'>
    <a>0.0</a>
    <c>1.0</c>
    <g>0.0</g>
    <t>0.0</t>
   </pm-column>
   <pm-column position='4'>
    <a>0.19047619047619</a>
    <c>0.0952380952380952</c>
    <g>0.238095238095238</g>
    <t>0.476190476190476</t>
   </pm-column>
   <pm-column position='5'>
    <a>0.0</a>
    <c>0.0</c>
    <g>1.0</g>
    <t>0.0</t>
   </pm-column>
   <pm-column position='6'>
    <a>0.0</a>
    <c>0.0</c>
    <g>0.0</g>
    <t>1.0</t>
   </pm-column>
   <pm-column position='7'>
    <a>0.0</a>
    <c>0.0</c>
    <g>0.0476190476190476</g>
    <t>0.952380952380952</t>
   </pm-column>
   <pm-column position='8'>
    <a>0.571428571428571</a>
    <c>0.142857142857143</c>
    <g>0.0952380952380952</g>
    <t>0.19047619047619</t>
   </pm-column>
   <pm-column position='9'>
    <a>0.285714285714286</a>
    <c>0.619047619047619</c>
    <g>0.0952380952380952</g>
    <t>0.0</t>
   </pm-column>
   <pm-column position='10'>
    <a>0.142857142857143</a>
    <c>0.0</c>
    <g>0.380952380952381</g>
    <t>0.476190476190476</t>
   </pm-column>
   <pm-column position='11'>
    <a>0.380952380952381</a>
    <c>0.0952380952380952</c>
    <g>0.238095238095238</g>
    <t>0.285714285714286</t>
   </pm-column>
   <pm-column position='12'>
    <a>0.238095238095238</a>
    <c>0.142857142857143</c>
    <g>0.0952380952380952</g>
    <t>0.523809523809524</t>
   </pm-column>
  </PPM>
  <PWM words-count='21.0' length='12'>
   <pm-column position='1'>
    <a>-0.163174492435344</a>
    <c>-0.336470811945513</c>
    <g>0.636375633852621</g>
    <t>-0.349729966315268</t>
   </pm-column>
   <pm-column position='2'>
    <a>0.356065563880231</a>
    <c>-0.657012202851277</c>
    <g>-0.336470811945513</g>
    <t>0.129774891710557</t>
   </pm-column>
   <pm-column position='3'>
    <a>-2.06656315938394</a>
    <c>1.44463069009285</c>
    <g>-2.06656315938394</g>
    <t>-2.06656315938394</t>
   </pm-column>
   <pm-column position='4'>
    <a>-0.349729966315268</a>
    <c>-0.657012202851277</c>
    <g>0.100808142245284</g>
    <t>0.45251770008102</t>
   </pm-column>
   <pm-column position='5'>
    <a>-2.06656315938394</a>
    <c>-2.06656315938394</c>
    <g>1.44463069009285</g>
    <t>-2.06656315938394</t>
   </pm-column>
   <pm-column position='6'>
    <a>-2.06656315938394</a>
    <c>-2.06656315938394</c>
    <g>-2.06656315938394</g>
    <t>1.15135518317944</t>
   </pm-column>
   <pm-column position='7'>
    <a>-2.06656315938394</a>
    <c>-2.06656315938394</c>
    <g>-1.13162408281859</g>
    <t>1.10456493372841</t>
   </pm-column>
   <pm-column position='8'>
    <a>0.621326098285764</a>
    <c>-0.336470811945513</c>
    <g>-0.657012202851277</g>
    <t>-0.349729966315268</t>
   </pm-column>
   <pm-column position='9'>
    <a>-0.00601052377266457</a>
    <c>0.983266958468266</c>
    <g>-0.657012202851277</g>
    <t>-2.06656315938394</t>
   </pm-column>
   <pm-column position='10'>
    <a>-0.579258195540852</a>
    <c>-2.06656315938394</c>
    <g>0.526933751299242</g>
    <t>0.45251770008102</t>
   </pm-column>
   <pm-column position='11'>
    <a>0.249307550460876</a>
    <c>-0.657012202851277</c>
    <g>0.100808142245284</g>
    <t>-0.00601052377266457</t>
   </pm-column>
   <pm-column position='12'>
    <a>-0.163174492435344</a>
    <c>-0.336470811945513</c>
    <g>-0.657012202851277</g>
    <t>0.540479712250798</t>
   </pm-column>
  </PWM>
 </motif>
</smallbismark>