<?xml version='1.0' encoding='UTF-8'?>
<smallbismark>
 <comment name='WARNING'>This is a draft version of small-BiSMark. Specification is the subject to change!</comment>
 <motif name='ovo' id='OVO.MTF'>
  <comment name='discrete information content by position'>[-1.05905530165559, 4.30631961066727e-016, -1.17962278148319, 4.30631961066727e-016, 4.30631961066727e-016, 4.30631961066727e-016, -0.706482716432799, -0.834229274131443, -0.912551283657426, -1.1502794497555, -1.14377484153874, -1.10775101247401, -1.07934552213573]</comment>
  <comment name='discrete information content'>-9.17309218326444</comment>
  <PPM words-count='33.0' length='13'>
   <pm-column position='1'>
    <a>0.464285714285714</a>
    <c>0.0892857142857143</c>
    <g>0.136904761904762</g>
    <t>0.30952380952381</t>
   </pm-column>
   <pm-column position='2'>
    <a>0.0</a>
    <c>1.0</c>
    <g>0.0</g>
    <t>0.0</t>
   </pm-column>
   <pm-column position='3'>
    <a>0.220238095238095</a>
    <c>0.238095238095238</c>
    <g>0.160714285714286</g>
    <t>0.380952380952381</t>
   </pm-column>
   <pm-column position='4'>
    <a>0.0</a>
    <c>0.0</c>
    <g>1.0</g>
    <t>0.0</t>
   </pm-column>
   <pm-column position='5'>
    <a>0.0</a>
    <c>0.0</c>
    <g>0.0</g>
    <t>1.0</t>
   </pm-column>
   <pm-column position='6'>
    <a>0.0</a>
    <c>0.0</c>
    <g>0.0</g>
    <t>1.0</t>
   </pm-column>
   <pm-column position='7'>
    <a>0.75</a>
    <c>0.0892857142857143</c>
    <g>0.0654761904761905</g>
    <t>0.0952380952380952</t>
   </pm-column>
   <pm-column position='8'>
    <a>0.196428571428571</a>
    <c>0.642857142857143</c>
    <g>0.136904761904762</g>
    <t>0.0238095238095238</t>
   </pm-column>
   <pm-column position='9'>
    <a>0.392857142857143</a>
    <c>0.0</c>
    <g>0.160714285714286</g>
    <t>0.446428571428571</t>
   </pm-column>
   <pm-column position='10'>
    <a>0.25</a>
    <c>0.130952380952381</c>
    <g>0.208333333333333</g>
    <t>0.410714285714286</t>
   </pm-column>
   <pm-column position='11'>
    <a>0.208333333333333</a>
    <c>0.136904761904762</c>
    <g>0.226190476190476</g>
    <t>0.428571428571428</t>
   </pm-column>
   <pm-column position='12'>
    <a>0.279761904761905</a>
    <c>0.125</c>
    <g>0.148809523809524</g>
    <t>0.446428571428571</t>
   </pm-column>
   <pm-column position='13'>
    <a>0.458333333333333</a>
    <c>0.279761904761905</c>
    <g>0.178571428571429</g>
    <t>0.0833333333333333</t>
   </pm-column>
  </PPM>
  <PWM words-count='33.0' threshold='3.6220540406185' length='13'>
   <pm-column position='1'>
    <a>0.441502021282053</a>
    <c>-0.74222192739895</c>
    <g>-0.387346900442909</g>
    <t>0.066376279831416</t>
   </pm-column>
   <pm-column position='2'>
    <a>-2.345451942022</a>
    <c>1.47123644355723</c>
    <g>-2.345451942022</g>
    <t>-2.345451942022</t>
   </pm-column>
   <pm-column position='3'>
    <a>-0.238249331338478</a>
    <c>0.104185936095065</c>
    <g>-0.248133402550673</g>
    <t>0.257063151729864</t>
   </pm-column>
   <pm-column position='4'>
    <a>-2.345451942022</a>
    <c>-2.345451942022</c>
    <g>1.47123644355723</g>
    <t>-2.345451942022</t>
   </pm-column>
   <pm-column position='5'>
    <a>-2.345451942022</a>
    <c>-2.345451942022</c>
    <g>-2.345451942022</g>
    <t>1.17519563139616</t>
   </pm-column>
   <pm-column position='6'>
    <a>-2.345451942022</a>
    <c>-2.345451942022</c>
    <g>-2.345451942022</g>
    <t>1.17519563139616</t>
   </pm-column>
   <pm-column position='7'>
    <a>0.897325356626507</a>
    <c>-0.74222192739895</c>
    <g>-0.981750502615858</g>
    <t>-0.92852876771642</t>
   </pm-column>
   <pm-column position='8'>
    <a>-0.338030534516708</a>
    <c>1.04155212032222</c>
    <g>-0.387346900442909</g>
    <t>-1.76821927451549</t>
   </pm-column>
   <pm-column position='9'>
    <a>0.285587225623136</a>
    <c>-2.345451942022</c>
    <g>-0.248133402550673</g>
    <t>0.404742620230262</t>
   </pm-column>
   <pm-column position='10'>
    <a>-0.126076911622887</a>
    <c>-0.425404350508816</c>
    <g>-0.0170887575512475</g>
    <t>0.326903486357555</t>
   </pm-column>
   <pm-column position='11'>
    <a>-0.286895912811705</a>
    <c>-0.387346900442909</c>
    <g>0.0574257642463777</g>
    <t>0.366580228515101</t>
   </pm-column>
   <pm-column position='12'>
    <a>-0.0252276643909103</a>
    <c>-0.464967668505746</c>
    <g>-0.31531955547265</g>
    <t>0.404742620230262</t>
   </pm-column>
   <pm-column position='13'>
    <a>0.429398408091413</a>
    <c>0.252513827344302</c>
    <g>-0.155127413838754</g>
    <t>-1.02800953716244</t>
   </pm-column>
  </PWM>
 </motif>
</smallbismark>