<?xml version='1.0' encoding='UTF-8'?>
<smallbismark>
 <comment name='WARNING'>This is a draft version of small-BiSMark. Specification is the subject to change!</comment>
 <motif name='ttk' id='TTK.MTF'>
  <comment name='discrete information content by position'>[-0.932655512865603, -1.01409912510057, -1.15460105480135, -1.03731847163799, -0.879080285759105, 0.0, -0.140501929698105, -0.462664370859831, 0.0, 0.0, 0.0, 0.0, -0.9532002912175, -0.876766993277977]</comment>
  <comment name='discrete information content'>-7.45088803521804</comment>
  <PPM words-count='22.0' length='14'>
   <pm-column position='1'>
    <a>0.227272727272727</a>
    <c>0.0454545454545455</c>
    <g>0.181818181818182</g>
    <t>0.545454545454545</t>
   </pm-column>
   <pm-column position='2'>
    <a>0.181818181818182</a>
    <c>0.227272727272727</c>
    <g>0.0909090909090909</g>
    <t>0.5</t>
   </pm-column>
   <pm-column position='3'>
    <a>0.181818181818182</a>
    <c>0.227272727272727</c>
    <g>0.272727272727273</g>
    <t>0.318181818181818</t>
   </pm-column>
   <pm-column position='4'>
    <a>0.136363636363636</a>
    <c>0.181818181818182</c>
    <g>0.5</g>
    <t>0.181818181818182</t>
   </pm-column>
   <pm-column position='5'>
    <a>0.590909090909091</a>
    <c>0.136363636363636</c>
    <g>0.227272727272727</g>
    <t>0.0454545454545455</t>
   </pm-column>
   <pm-column position='6'>
    <a>0.0</a>
    <c>0.0</c>
    <g>0.0</g>
    <t>1.0</t>
   </pm-column>
   <pm-column position='7'>
    <a>0.0454545454545455</a>
    <c>0.0</c>
    <g>0.0</g>
    <t>0.954545454545455</t>
   </pm-column>
   <pm-column position='8'>
    <a>0.772727272727273</a>
    <c>0.0</c>
    <g>0.227272727272727</g>
    <t>0.0</t>
   </pm-column>
   <pm-column position='9'>
    <a>0.0</a>
    <c>0.0</c>
    <g>0.0</g>
    <t>1.0</t>
   </pm-column>
   <pm-column position='10'>
    <a>0.0</a>
    <c>1.0</c>
    <g>0.0</g>
    <t>0.0</t>
   </pm-column>
   <pm-column position='11'>
    <a>0.0</a>
    <c>1.0</c>
    <g>0.0</g>
    <t>0.0</t>
   </pm-column>
   <pm-column position='12'>
    <a>0.0</a>
    <c>0.0</c>
    <g>0.0</g>
    <t>1.0</t>
   </pm-column>
   <pm-column position='13'>
    <a>0.0454545454545455</a>
    <c>0.136363636363636</c>
    <g>0.363636363636364</g>
    <t>0.454545454545455</t>
   </pm-column>
   <pm-column position='14'>
    <a>0.0227272727272727</a>
    <c>0.113636363636364</c>
    <g>0.477272727272727</g>
    <t>0.386363636363636</t>
   </pm-column>
  </PPM>
  <PWM words-count='22.0' length='14'>
   <pm-column position='1'>
    <a>-0.203503114050555</a>
    <c>-1.16824665968875</c>
    <g>-0.134598028259179</g>
    <t>0.579761269700851</t>
   </pm-column>
   <pm-column position='2'>
    <a>-0.389592628783744</a>
    <c>0.0599521347553954</c>
    <g>-0.695890682956725</g>
    <t>0.499002311454042</t>
   </pm-column>
   <pm-column position='3'>
    <a>-0.389592628783744</a>
    <c>0.0599521347553954</c>
    <g>0.222746875848746</g>
    <t>0.0888690279271612</t>
   </pm-column>
   <pm-column position='4'>
    <a>-0.618414871816045</a>
    <c>-0.134598028259179</c>
    <g>0.783032175407224</g>
    <t>-0.389592628783744</t>
   </pm-column>
   <pm-column position='5'>
    <a>0.65448276286383</a>
    <c>-0.376369529515639</c>
    <g>0.0599521347553954</g>
    <t>-1.34044953716893</t>
   </pm-column>
   <pm-column position='6'>
    <a>-2.09400251051298</a>
    <c>-2.09400251051298</c>
    <g>-2.09400251051298</g>
    <t>1.154034789595</t>
   </pm-column>
   <pm-column position='7'>
    <a>-1.34044953716893</a>
    <c>-2.09400251051298</c>
    <g>-2.09400251051298</g>
    <t>1.1093630831028</t>
   </pm-column>
   <pm-column position='8'>
    <a>0.907567473706934</a>
    <c>-2.09400251051298</c>
    <g>0.0599521347553954</g>
    <t>-2.09400251051298</t>
   </pm-column>
   <pm-column position='9'>
    <a>-2.09400251051298</a>
    <c>-2.09400251051298</c>
    <g>-2.09400251051298</g>
    <t>1.154034789595</t>
   </pm-column>
   <pm-column position='10'>
    <a>-2.09400251051298</a>
    <c>1.44762479376166</c>
    <g>-2.09400251051298</g>
    <t>-2.09400251051298</t>
   </pm-column>
   <pm-column position='11'>
    <a>-2.09400251051298</a>
    <c>1.44762479376166</c>
    <g>-2.09400251051298</g>
    <t>-2.09400251051298</t>
   </pm-column>
   <pm-column position='12'>
    <a>-2.09400251051298</a>
    <c>-2.09400251051298</c>
    <g>-2.09400251051298</g>
    <t>1.154034789595</t>
   </pm-column>
   <pm-column position='13'>
    <a>-1.34044953716893</a>
    <c>-0.376369529515639</c>
    <g>0.485471702273032</g>
    <t>0.41114379457494</t>
   </pm-column>
   <pm-column position='14'>
    <a>-1.6478642064164</a>
    <c>-0.523422305820169</c>
    <g>0.739189594484829</g>
    <t>0.262933242498716</t>
   </pm-column>
  </PWM>
 </motif>
</smallbismark>