<?xml version='1.0' encoding='UTF-8'?>
<smallbismark>
 <comment name='WARNING'>This is a draft version of small-BiSMark. Specification is the subject to change!</comment>
 <motif name='Eip74EF' id='EIP74EF.MTF'>
  <comment name='discrete information content by position'>[-1.08092097871014, -0.764728623164591, -0.725832063873239, -1.00084508916613, -0.713621446661045, -0.513551012452527, 0.0, 0.0, 0.0, 0.0, -0.800774654957607, -0.764728623164591, -1.04984467345854]</comment>
  <comment name='discrete information content'>-7.41484716560841</comment>
  <PPM words-count='17.0' length='13'>
   <pm-column position='1'>
    <a>0.220588235294118</a>
    <c>0.220588235294118</c>
    <g>0.397058823529412</g>
    <t>0.161764705882353</t>
   </pm-column>
   <pm-column position='2'>
    <a>0.676470588235294</a>
    <c>0.0882352941176471</c>
    <g>0.147058823529412</g>
    <t>0.0882352941176471</t>
   </pm-column>
   <pm-column position='3'>
    <a>0.661764705882353</a>
    <c>0.0147058823529412</c>
    <g>0.132352941176471</g>
    <t>0.191176470588235</t>
   </pm-column>
   <pm-column position='4'>
    <a>0.117647058823529</a>
    <c>0.411764705882353</c>
    <g>0.117647058823529</g>
    <t>0.352941176470588</t>
   </pm-column>
   <pm-column position='5'>
    <a>0.117647058823529</a>
    <c>0.705882352941177</c>
    <g>0.117647058823529</g>
    <t>0.0588235294117647</t>
   </pm-column>
   <pm-column position='6'>
    <a>0.294117647058824</a>
    <c>0.705882352941177</c>
    <g>0.0</g>
    <t>0.0</t>
   </pm-column>
   <pm-column position='7'>
    <a>0.0</a>
    <c>0.0</c>
    <g>1.0</g>
    <t>0.0</t>
   </pm-column>
   <pm-column position='8'>
    <a>0.0</a>
    <c>0.0</c>
    <g>1.0</g>
    <t>0.0</t>
   </pm-column>
   <pm-column position='9'>
    <a>1.0</a>
    <c>0.0</c>
    <g>0.0</g>
    <t>0.0</t>
   </pm-column>
   <pm-column position='10'>
    <a>1.0</a>
    <c>0.0</c>
    <g>0.0</g>
    <t>0.0</t>
   </pm-column>
   <pm-column position='11'>
    <a>0.294117647058824</a>
    <c>0.0588235294117647</c>
    <g>0.588235294117647</g>
    <t>0.0588235294117647</t>
   </pm-column>
   <pm-column position='12'>
    <a>0.0882352941176471</a>
    <c>0.147058823529412</c>
    <g>0.0882352941176471</g>
    <t>0.676470588235294</t>
   </pm-column>
   <pm-column position='13'>
    <a>0.205882352941176</a>
    <c>0.147058823529412</c>
    <g>0.441176470588235</g>
    <t>0.205882352941176</t>
   </pm-column>
  </PPM>
  <PWM words-count='17.0' length='13'>
   <pm-column position='1'>
    <a>-0.223043442202257</a>
    <c>0.0328675990012031</c>
    <g>0.557249048584934</g>
    <t>-0.470292862201101</t>
   </pm-column>
   <pm-column position='2'>
    <a>0.769344767563513</a>
    <c>-0.694995574990156</c>
    <g>-0.30576486621266</g>
    <t>-0.902034805079304</t>
   </pm-column>
   <pm-column position='3'>
    <a>0.748835573084428</a>
    <c>-1.59838551377294</c>
    <g>-0.389804863362213</g>
    <t>-0.339046003129655</t>
   </pm-column>
   <pm-column position='4'>
    <a>-0.706488524377606</a>
    <c>0.590690160533358</c>
    <g>-0.481561002664876</g>
    <t>0.177658176576448</t>
   </pm-column>
   <pm-column position='5'>
    <a>-0.706488524377606</a>
    <c>1.09615913236975</c>
    <g>-0.481561002664876</g>
    <t>-1.14534926421584</t>
   </pm-column>
   <pm-column position='6'>
    <a>0.0189749672261255</a>
    <c>1.09615913236975</c>
    <g>-1.94594644921087</g>
    <t>-1.94594644921087</t>
   </pm-column>
   <pm-column position='7'>
    <a>-1.94594644921087</a>
    <c>-1.94594644921087</c>
    <g>1.43032684800357</g>
    <t>-1.94594644921087</t>
   </pm-column>
   <pm-column position='8'>
    <a>-1.94594644921087</a>
    <c>-1.94594644921087</c>
    <g>1.43032684800357</g>
    <t>-1.94594644921087</t>
   </pm-column>
   <pm-column position='9'>
    <a>1.13856547870647</a>
    <c>-1.94594644921087</c>
    <g>-1.94594644921087</g>
    <t>-1.94594644921087</t>
   </pm-column>
   <pm-column position='10'>
    <a>1.13856547870647</a>
    <c>-1.94594644921087</c>
    <g>-1.94594644921087</g>
    <t>-1.94594644921087</t>
   </pm-column>
   <pm-column position='11'>
    <a>0.0189749672261255</a>
    <c>-0.966702599031538</c>
    <g>0.923339147374439</g>
    <t>-1.14534926421584</t>
   </pm-column>
   <pm-column position='12'>
    <a>-0.902034805079304</a>
    <c>-0.30576486621266</c>
    <g>-0.694995574990156</g>
    <t>0.769344767563513</t>
   </pm-column>
   <pm-column position='13'>
    <a>-0.279363590677636</a>
    <c>-0.30576486621266</c>
    <g>0.65439359391775</g>
    <t>-0.279363590677636</t>
   </pm-column>
  </PWM>
 </motif>
</smallbismark>