<?xml version='1.0' encoding='UTF-8'?>
<smallbismark>
 <comment name='WARNING'>This is a draft version of small-BiSMark. Specification is the subject to change!</comment>
 <motif name='eve' id='EVE.MTF'>
  <comment name='discrete information content by position'>[-0.845714152869155, -0.882811020105693, -0.963282915727395, -0.1497866136777, -0.406869791499899, 0.0, -0.562914562328229, -1.09868542578244, -0.928625556699402, -0.652502535783767, -0.911801944865407, -0.801940715998596, -0.912702870143405, -0.928625556699402]</comment>
  <comment name='discrete information content'>-10.0462636621805</comment>
  <PPM words-count='20.0' length='14'>
   <pm-column position='1'>
    <a>0.15</a>
    <c>0.5</c>
    <g>0.0</g>
    <t>0.35</t>
   </pm-column>
   <pm-column position='2'>
    <a>0.0</a>
    <c>0.25</c>
    <g>0.5</g>
    <t>0.25</t>
   </pm-column>
   <pm-column position='3'>
    <a>0.2</a>
    <c>0.25</c>
    <g>0.05</g>
    <t>0.5</t>
   </pm-column>
   <pm-column position='4'>
    <a>0.05</a>
    <c>0.0</c>
    <g>0.0</g>
    <t>0.95</t>
   </pm-column>
   <pm-column position='5'>
    <a>0.85</a>
    <c>0.0</c>
    <g>0.1</g>
    <t>0.05</t>
   </pm-column>
   <pm-column position='6'>
    <a>1.0</a>
    <c>0.0</c>
    <g>0.0</g>
    <t>0.0</t>
   </pm-column>
   <pm-column position='7'>
    <a>0.05</a>
    <c>0.2</c>
    <g>0.0</g>
    <t>0.75</t>
   </pm-column>
   <pm-column position='8'>
    <a>0.15</a>
    <c>0.2</c>
    <g>0.25</g>
    <t>0.4</t>
   </pm-column>
   <pm-column position='9'>
    <a>0.3</a>
    <c>0.0</c>
    <g>0.4</g>
    <t>0.3</t>
   </pm-column>
   <pm-column position='10'>
    <a>0.1</a>
    <c>0.1</c>
    <g>0.05</g>
    <t>0.75</t>
   </pm-column>
   <pm-column position='11'>
    <a>0.1</a>
    <c>0.05</c>
    <g>0.4</g>
    <t>0.45</t>
   </pm-column>
   <pm-column position='12'>
    <a>0.0</a>
    <c>0.45</c>
    <g>0.1</g>
    <t>0.45</t>
   </pm-column>
   <pm-column position='13'>
    <a>0.05</a>
    <c>0.15</c>
    <g>0.55</g>
    <t>0.25</t>
   </pm-column>
   <pm-column position='14'>
    <a>0.4</a>
    <c>0.0</c>
    <g>0.3</g>
    <t>0.3</t>
   </pm-column>
  </PPM>
  <PWM words-count='20.0' length='14'>
   <pm-column position='1'>
    <a>-0.5382876698926</a>
    <c>0.778637882002627</c>
    <g>-2.03811994502331</g>
    <t>0.172589673090973</t>
   </pm-column>
   <pm-column position='2'>
    <a>-2.03811994502331</a>
    <c>0.143570449322073</c>
    <g>0.778637882002627</g>
    <t>-0.120967593875512</t>
   </pm-column>
   <pm-column position='3'>
    <a>-0.308014286416874</a>
    <c>0.143570449322073</c>
    <g>-1.09333718158583</g>
    <t>0.495824838890639</t>
   </pm-column>
   <pm-column position='4'>
    <a>-1.26786706671341</a>
    <c>-2.03811994502331</c>
    <g>-2.03811994502331</g>
    <t>1.09936954583956</t>
   </pm-column>
   <pm-column position='5'>
    <a>0.993235818614223</a>
    <c>-2.03811994502331</c>
    <g>-0.616335604870659</g>
    <t>-1.26786706671341</t>
   </pm-column>
   <pm-column position='6'>
    <a>1.14849090346545</a>
    <c>-2.03811994502331</c>
    <g>-2.03811994502331</g>
    <t>-2.03811994502331</t>
   </pm-column>
   <pm-column position='7'>
    <a>-1.26786706671341</a>
    <c>-0.0517510966022751</c>
    <g>-2.03811994502331</g>
    <t>0.874485427004105</t>
   </pm-column>
   <pm-column position='8'>
    <a>-0.5382876698926</a>
    <c>-0.0517510966022751</c>
    <g>0.143570449322073</g>
    <t>0.292323461228465</t>
   </pm-column>
   <pm-column position='9'>
    <a>0.0365445654548706</a>
    <c>-2.03811994502331</c>
    <g>0.570333559968697</g>
    <t>0.0365445654548706</t>
   </pm-column>
   <pm-column position='10'>
    <a>-0.837966938312202</a>
    <c>-0.616335604870659</c>
    <g>-1.09333718158583</g>
    <t>0.874485427004105</t>
   </pm-column>
   <pm-column position='11'>
    <a>-0.837966938312202</a>
    <c>-1.09333718158583</c>
    <g>0.570333559968697</g>
    <t>0.399241843581684</t>
   </pm-column>
   <pm-column position='12'>
    <a>-2.03811994502331</a>
    <c>0.679899779580622</c>
    <g>-0.616335604870659</g>
    <t>0.399241843581684</t>
   </pm-column>
   <pm-column position='13'>
    <a>-1.26786706671341</a>
    <c>-0.294717105621688</c>
    <g>0.868496912241821</g>
    <t>-0.120967593875512</t>
   </pm-column>
   <pm-column position='14'>
    <a>0.292323461228465</a>
    <c>-2.03811994502331</c>
    <g>0.306904443325278</g>
    <t>0.0365445654548706</t>
   </pm-column>
  </PWM>
 </motif>
</smallbismark>