<?xml version='1.0' encoding='UTF-8'?>
<smallbismark>
 <comment name='WARNING'>This is a draft version of small-BiSMark. Specification is the subject to change!</comment>
 <group name='mapping of motifs/ABD_A_imm.xml on footprints/ABD_A_footprints.xml (flank_length=4)' size='41'>
  <segment id='BE_DMEL.003637' length='18' chromosome='2L' location='2445880'>
   <sequence>aatTTGATGTCtcccttc</sequence>
  </segment>
  <segment id='BE_DMEL.003640' length='24' chromosome='2L' location='2445910'>
   <sequence>gacagtaatgcgACCATTACggca</sequence>
  </segment>
  <segment id='BE_DMEL.003643' length='30' chromosome='2L' location='2446067'>
   <sequence>actaCCCATTTGgcttcccatttcgatttc</sequence>
  </segment>
  <segment id='BE_DMEL.003650' length='13' chromosome='2L' location='2446132'>
   <sequence>gcacgATCCGTTG</sequence>
  </segment>
  <segment id='BE_DMEL.003654' length='17' chromosome='2L' location='2446186'>
   <sequence>gcctaTCAATTAGcacc</sequence>
  </segment>
  <segment id='BE_DMEL.003656' length='25' chromosome='2L' location='2446255'>
   <sequence>cacacccaattaGTAATAAAtttga</sequence>
  </segment>
  <segment id='BE_DMEL.003658' length='14' chromosome='2L' location='2446277'>
   <sequence>TGAATGCGcgctgc</sequence>
  </segment>
  <segment id='BE_DMEL.003661' length='14' chromosome='2L' location='2446287'>
   <sequence>ctGCAATTTGccgc</sequence>
  </segment>
  <segment id='BE_DMEL.003663' length='17' chromosome='2L' location='2446319'>
   <sequence>tggtgGCCATTAAgttt</sequence>
  </segment>
  <segment id='BE_DMEL.002347' length='24' chromosome='2L' location='21840622'>
   <sequence>aactaatgATAATTACaaacatgc</sequence>
  </segment>
  <segment id='BE_DMEL.002351' length='21' chromosome='2L' location='21840732'>
   <sequence>atttgATAATTGActttccac</sequence>
  </segment>
  <segment id='BE_DMEL.002354' length='29' chromosome='2L' location='21840804'>
   <sequence>cgatgaaacacataaatcTTAAGTGAggg</sequence>
  </segment>
  <segment id='BE_DMEL.002357' length='28' chromosome='2L' location='21840880'>
   <sequence>tgtacATCATAAAaatattaaaaattct</sequence>
  </segment>
  <segment id='BE_DMEL.006297' length='27' chromosome='2R' location='20311244'>
   <sequence>atgTCAATTATgcgcaattttgcttaa</sequence>
  </segment>
  <segment id='BE_DMEL.006081' length='26' chromosome='3R' location='2758849'>
   <sequence>actgcaaATAATTTAttatccaagtt</sequence>
  </segment>
  <segment id='BE_DMEL.006083' length='30' chromosome='3R' location='2758915'>
   <sequence>tttGTAATTATacaagttaatgttagaacg</sequence>
  </segment>
  <segment id='BE_DMEL.006085' length='26' chromosome='3R' location='2758947'>
   <sequence>caatGCATTTAAaagtaaatttgttg</sequence>
  </segment>
  <segment id='BE_DMEL.006088' length='29' chromosome='3R' location='2758974'>
   <sequence>ttgctcatatTAAATGGAcgttatgtaac</sequence>
  </segment>
  <segment id='BE_DMEL.006089' length='24' chromosome='3R' location='2758997'>
   <sequence>tgtaacagATTATGGAttagtttt</sequence>
  </segment>
  <segment id='BE_DMEL.006093' length='30' chromosome='3R' location='2759092'>
   <sequence>tgtttaccTTAATTGCttatatattatata</sequence>
  </segment>
  <segment id='BE_DMEL.006094' length='29' chromosome='3R' location='2759176'>
   <sequence>gcttgTTCATTAAataaaataattttgca</sequence>
  </segment>
  <segment id='BE_DMEL.006097' length='18' chromosome='3R' location='2759240'>
   <sequence>ttttgaaTTAGTTACgtt</sequence>
  </segment>
  <segment id='BE_DMEL.006098' length='19' chromosome='3R' location='2759270'>
   <sequence>ttatgaaATAATTTTtgtt</sequence>
  </segment>
  <segment id='BE_DMEL.006101' length='32' chromosome='3R' location='2759286'>
   <sequence>gtttaggaTAAATTGTtattataaatttccgt</sequence>
  </segment>
  <segment id='BE_DMEL.006102' length='36' chromosome='3R' location='2759391'>
   <sequence>tgaagtaatattcgaaataATAATTACattcaaatg</sequence>
  </segment>
  <segment id='BE_DMEL.006104' length='27' chromosome='3R' location='2759460'>
   <sequence>aacgggcaTAAATTAAatacacattga</sequence>
  </segment>
  <segment id='BE_DMEL.006106' length='25' chromosome='3R' location='2759480'>
   <sequence>acattgaaaGCAATAAAgaaaaatg</sequence>
  </segment>
  <segment id='BE_DMEL.006109' length='23' chromosome='3R' location='2759510'>
   <sequence>aaATAAATAAtagttgtggaata</sequence>
  </segment>
  <segment id='BE_DMEL.006110' length='15' chromosome='3R' location='2759522'>
   <sequence>gttgtGGAATATAaa</sequence>
  </segment>
  <segment id='BE_DMEL.006112' length='20' chromosome='3R' location='2759537'>
   <sequence>aaaATAATTAAataattgag</sequence>
  </segment>
  <segment id='BE_DMEL.006115' length='39' chromosome='3R' location='2759627'>
   <sequence>ttagccgATAATTGCtgccatgaatatataataattcag</sequence>
  </segment>
  <segment id='BE_DMEL.006116' length='29' chromosome='3R' location='2759783'>
   <sequence>caacaacataatcacaAAAATTACcgcca</sequence>
  </segment>
  <segment id='BE_DMEL.006119' length='18' chromosome='3R' location='2759816'>
   <sequence>tatgaaatACAAATATcc</sequence>
  </segment>
  <segment id='BE_DMEL.006120' length='28' chromosome='3R' location='2760070'>
   <sequence>cagcggtatggcTTCATTACgccgcgag</sequence>
  </segment>
  <segment id='BE_DMEL.006123' length='54' chromosome='3R' location='2760142'>
   <sequence>atccctttgcatatatttaagcaCTAATTGCgtgaagccataaatctaaattct</sequence>
  </segment>
  <segment id='BE_DMEL.006124' length='21' chromosome='3R' location='2760269'>
   <sequence>cTTCATTTAatgcatttgcaa</sequence>
  </segment>
  <segment id='BE_DMEL.006127' length='33' chromosome='3R' location='2760337'>
   <sequence>tgTTGATTAAaaatcaacatacgacaatcattt</sequence>
  </segment>
  <segment id='BE_DMEL.006128' length='26' chromosome='3R' location='2760468'>
   <sequence>actaccatctTTAATAATatttcctc</sequence>
  </segment>
  <segment id='BE_DMEL.006131' length='25' chromosome='3R' location='2760508'>
   <sequence>cgcgTTAATTTAATTTAtttcggca</sequence>
  </segment>
  <segment id='BE_DMEL.006132' length='28' chromosome='3R' location='2760540'>
   <sequence>cgagcacatttaacaTCCATTAAgcgcg</sequence>
  </segment>
  <segment id='BE_DMEL.006134' length='24' chromosome='3R' location='2760605'>
   <sequence>cccatccCTAATGCActtccccac</sequence>
  </segment>
 </group>
</smallbismark>