<?xml version='1.0' encoding='UTF-8'?>
<smallbismark>
 <comment name='WARNING'>This is a draft version of small-BiSMark. Specification is the subject to change!</comment>
 <group name='mapping of motifs/ABD_B_imm.xml on footprints/ABD_B_footprints.xml (flank_length=9)' size='7'>
  <segment id='BE_DMEL.003205' length='28' chromosome='3R' location='9723798'>
   <sequence>atgtcgcctgcTCATAAATCCcgctcga</sequence>
  </segment>
  <segment id='BE_DMEL.003206' length='28' chromosome='3R' location='9723835'>
   <sequence>tctgggcaaaacgaTAATGACACAcgaa</sequence>
  </segment>
  <segment id='BE_DMEL.003208' length='28' chromosome='3R' location='9723990'>
   <sequence>ttacgttGATTTTATTTcggcaactacc</sequence>
  </segment>
  <segment id='BE_DMEL.003209' length='29' chromosome='3R' location='9724083'>
   <sequence>tacggaaagtgTCATAAAAATgcctcgaa</sequence>
  </segment>
  <segment id='BE_DMEL.003211' length='28' chromosome='3R' location='9724518'>
   <sequence>ttgtgtaTTTTTTATGAttgtcaaggat</sequence>
  </segment>
  <segment id='BE_DMEL.003213' length='28' chromosome='3R' location='9724549'>
   <sequence>atataaaTGTTTTATGAtcttggcccgc</sequence>
  </segment>
  <segment id='BE_DMEL.003214' length='28' chromosome='3R' location='9724606'>
   <sequence>ttaatatGATTTTACGGctttgtggtaa</sequence>
  </segment>
 </group>
</smallbismark>