<?xml version='1.0' encoding='UTF-8'?>
<smallbismark>
 <comment name='WARNING'>This is a draft version of small-BiSMark. Specification is the subject to change!</comment>
 <group name='mapping of motifs/ANTP_imm.xml on footprints/ANTP_footprints.xml (flank_length=9)' size='12'>
  <segment id='BE_DMEL.006339' length='35' chromosome='X' location='4134572'>
   <sequence>tttaattcacaatttaatTGTTTATTAggcatgga</sequence>
  </segment>
  <segment id='BE_DMEL.002348' length='34' chromosome='2L' location='21840617'>
   <sequence>ctaataactaatgaTAATTACAAacatgcagcaa</sequence>
  </segment>
  <segment id='BE_DMEL.002349' length='31' chromosome='2L' location='21840727'>
   <sequence>cataaattTGATAATTGactttccaccaaag</sequence>
  </segment>
  <segment id='BE_DMEL.002353' length='39' chromosome='2L' location='21840799'>
   <sequence>acaatcgatgaaacacataaaTCTTAAGTGagggaattt</sequence>
  </segment>
  <segment id='BE_DMEL.002355' length='38' chromosome='2L' location='21840875'>
   <sequence>ggaaatgtacaTCATAAAAAtattaaaaattctctgtc</sequence>
  </segment>
  <segment id='BE_DMEL.006193' length='55' chromosome='2R' location='1216989'>
   <sequence>gacacgcgatttctttggcatTAATCAAAAtaattggcgcatttcactgcattgg</sequence>
  </segment>
  <segment id='BE_DMEL.006194' length='35' chromosome='2R' location='1217365'>
   <sequence>tgcgcaagacccataaaTAATATTAAacatgtatg</sequence>
  </segment>
  <segment id='BE_DMEL.006195' length='28' chromosome='2R' location='1217419'>
   <sequence>cgtagctaccaacTCATAAAAAtgaccc</sequence>
  </segment>
  <segment id='BE_DMEL.006196' length='33' chromosome='2R' location='1217458'>
   <sequence>tcggcgaagttaagtTCATTTCAAgccacatac</sequence>
  </segment>
  <segment id='BE_DMEL.006197' length='51' chromosome='2R' location='1217531'>
   <sequence>aaggcgagaaaaatgaaTTATGATTAttgccatgtaaaagagcaggcgaaa</sequence>
  </segment>
  <segment id='BE_DMEL.004112' length='60' chromosome='3R' location='2830977'>
   <sequence>taaacttatataatataaTAATAAAAAtaataataataataataatataatatatactaa</sequence>
  </segment>
  <segment id='BE_DMEL.004113' length='59' chromosome='3R' location='2831023'>
   <sequence>ataatatatactaatagtatataaTAATTTTAAtagtatgttatataaatcgatcaagc</sequence>
  </segment>
 </group>
</smallbismark>