<?xml version='1.0' encoding='UTF-8'?>
<smallbismark>
 <comment name='WARNING'>This is a draft version of small-BiSMark. Specification is the subject to change!</comment>
 <group name='mapping of motifs/BAB1_imm.xml on footprints/BAB1_footprints.xml (flank_length=14)' size='6'>
  <segment id='BE_DMEL.006357' length='43' chromosome='3L' location='1069290'>
   <sequence>tcatatacattaTATACAATATATATatgtgtggatgtgtatg</sequence>
  </segment>
  <segment id='BE_DMEL.006358' length='48' chromosome='3L' location='1069319'>
   <sequence>tgtggatgtgtatgtgcACAACTATATAGATgtgttgtatataaattg</sequence>
  </segment>
  <segment id='BE_DMEL.006359' length='48' chromosome='3L' location='1069499'>
   <sequence>attttgttagaaATATAAATAATAATtatcttttgacttgtattgggt</sequence>
  </segment>
  <segment id='BE_DMEL.006360' length='53' chromosome='3L' location='1069611'>
   <sequence>actgtcgcaagctgtcgttaatagcgttattaatgttATTGTTATAATAATaa</sequence>
  </segment>
  <segment id='BE_DMEL.006361' length='54' chromosome='3L' location='1159042'>
   <sequence>tgccgccatgaaatttaattATATTTATTATTATtgttattataatacttcttc</sequence>
  </segment>
  <segment id='BE_DMEL.006362' length='43' chromosome='3L' location='1159094'>
   <sequence>tcttgctactttttATGTTTATTATTATttcattccaattaaa</sequence>
  </segment>
 </group>
</smallbismark>