<?xml version='1.0' encoding='UTF-8'?>
<smallbismark>
 <comment name='WARNING'>This is a draft version of small-BiSMark. Specification is the subject to change!</comment>
 <group name='mapping of motifs/BCD_imm.xml on footprints/BCD_footprints.xml (flank_length=5)' size='48'>
  <segment id='BE_DMEL.006003' length='23' chromosome='2L' location='11455638'>
   <sequence>ccgatcgaagGGATTATaattcc</sequence>
  </segment>
  <segment id='BE_DMEL.006007' length='23' chromosome='2L' location='11455732'>
   <sequence>gtactaaTTAAGCAtggctcaag</sequence>
  </segment>
  <segment id='BE_DMEL.006008' length='19' chromosome='2L' location='11455768'>
   <sequence>tgggcGGATTTGcatatgg</sequence>
  </segment>
  <segment id='BE_DMEL.006009' length='19' chromosome='2L' location='11455788'>
   <sequence>gcgtcGGATTTGcagccat</sequence>
  </segment>
  <segment id='BE_DMEL.006011' length='23' chromosome='2L' location='11455818'>
   <sequence>tggccaaaGGATTTGtccgtggg</sequence>
  </segment>
  <segment id='BE_DMEL.006013' length='22' chromosome='2L' location='11455849'>
   <sequence>tttcctccGGCTTATcgaagat</sequence>
  </segment>
  <segment id='BE_DMEL.006018' length='22' chromosome='2L' location='11456117'>
   <sequence>attGCAAGCCgtttttcagggg</sequence>
  </segment>
  <segment id='BE_DMEL.004117' length='19' chromosome='2R' location='5489657'>
   <sequence>gccgtgTTAATCCgtttgc</sequence>
  </segment>
  <segment id='BE_DMEL.004120' length='19' chromosome='2R' location='5489678'>
   <sequence>tcagcgAGATTATtagtca</sequence>
  </segment>
  <segment id='BE_DMEL.004125' length='19' chromosome='2R' location='5489829'>
   <sequence>tggactATAATCGcacaac</sequence>
  </segment>
  <segment id='BE_DMEL.004128' length='19' chromosome='2R' location='5489922'>
   <sequence>ttgctgGGATTAGccaagg</sequence>
  </segment>
  <segment id='BE_DMEL.004133' length='21' chromosome='2R' location='5490040'>
   <sequence>atgtcgaagGGATTAGgggcg</sequence>
  </segment>
  <segment id='BE_DMEL.003685' length='34' chromosome='2R' location='20730446'>
   <sequence>cctaccttcagaaacGGATTAAattttttcagac</sequence>
  </segment>
  <segment id='BE_DMEL.003689' length='44' chromosome='2R' location='20730476'>
   <sequence>agacaaATAATCCagccttaagcatggtgattaagcttgatccc</sequence>
  </segment>
  <segment id='BE_DMEL.003691' length='54' chromosome='2R' location='20730535'>
   <sequence>atattgacggattttccttaaatccctctgttaatctccGGCTTAGagcgcgac</sequence>
  </segment>
  <segment id='BE_DMEL.003698' length='35' chromosome='2R' location='20730883'>
   <sequence>aactgaactaaatccGGCTTAGgattcttgcgtca</sequence>
  </segment>
  <segment id='BE_DMEL.005919' length='19' chromosome='3L' location='8639157'>
   <sequence>aaccagTCAATCTggacta</sequence>
  </segment>
  <segment id='BE_DMEL.005926' length='19' chromosome='3L' location='8639261'>
   <sequence>ctatcaAGATTAAaagatt</sequence>
  </segment>
  <segment id='BE_DMEL.005929' length='19' chromosome='3L' location='8639365'>
   <sequence>gaCTAATGAtcaactttaa</sequence>
  </segment>
  <segment id='BE_DMEL.005931' length='19' chromosome='3L' location='8639415'>
   <sequence>ccaccTTTAGCCttgacaa</sequence>
  </segment>
  <segment id='BE_DMEL.005932' length='19' chromosome='3L' location='8639425'>
   <sequence>ccttgaCAAATCGccgtgg</sequence>
  </segment>
  <segment id='BE_DMEL.005941' length='19' chromosome='3L' location='8639670'>
   <sequence>ctctacTTAAGCCgaaaaa</sequence>
  </segment>
  <segment id='BE_DMEL.005943' length='19' chromosome='3L' location='8639730'>
   <sequence>aaagcaagaCTAATTTtta</sequence>
  </segment>
  <segment id='BE_DMEL.003615' length='17' chromosome='3L' location='8640852'>
   <sequence>gttttTTAAGCCtttct</sequence>
  </segment>
  <segment id='BE_DMEL.003625' length='20' chromosome='3L' location='8641116'>
   <sequence>ggcaaaaGGCTTAAaaaaca</sequence>
  </segment>
  <segment id='BE_DMEL.003630' length='17' chromosome='3L' location='8641213'>
   <sequence>ccaaaaagtCAAATGCg</sequence>
  </segment>
  <segment id='BE_DMEL.006051' length='48' chromosome='3L' location='20631190'>
   <sequence>ctaggataatctgcAGCTTAGgtaagctgatcccgcgattaggtaacg</sequence>
  </segment>
  <segment id='BE_DMEL.006057' length='27' chromosome='3L' location='20631232'>
   <sequence>gtaacgaaatcgctGGCTTAGgtaccc</sequence>
  </segment>
  <segment id='BE_DMEL.006413' length='23' chromosome='3R' location='4520372'>
   <sequence>acgcgtcaagGGATTAGatgggc</sequence>
  </segment>
  <segment id='BE_DMEL.006414' length='24' chromosome='3R' location='4520447'>
   <sequence>cacggatcgcGGATTGAggattgc</sequence>
  </segment>
  <segment id='BE_DMEL.006415' length='24' chromosome='3R' location='4520478'>
   <sequence>atccattctGGATTAGagcagaaa</sequence>
  </segment>
  <segment id='BE_DMEL.006417' length='16' chromosome='3R' location='4520501'>
   <sequence>acaaaAAATTATgcgc</sequence>
  </segment>
  <segment id='BE_DMEL.006418' length='19' chromosome='3R' location='4520521'>
   <sequence>GGATTTGgatgatccggga</sequence>
  </segment>
  <segment id='BE_DMEL.006419' length='19' chromosome='3R' location='4520534'>
   <sequence>ccgggAGCTTAGcggatgg</sequence>
  </segment>
  <segment id='BE_DMEL.006420' length='19' chromosome='3R' location='4520550'>
   <sequence>tggccAGCTTAGcagcgag</sequence>
  </segment>
  <segment id='BE_DMEL.006421' length='25' chromosome='3R' location='4520585'>
   <sequence>ggttttctatggGGATTACgttggt</sequence>
  </segment>
  <segment id='BE_DMEL.006425' length='30' chromosome='3R' location='4522589'>
   <sequence>gagtacttgGGATTAAaggtgattatgaca</sequence>
  </segment>
  <segment id='BE_DMEL.006426' length='23' chromosome='3R' location='4522638'>
   <sequence>atcagtcatcAGATTAGcatgaa</sequence>
  </segment>
  <segment id='BE_DMEL.003678' length='26' chromosome='3R' location='9720578'>
   <sequence>ttgtattTAAATCCgttttgatcctc</sequence>
  </segment>
  <segment id='BE_DMEL.003679' length='24' chromosome='3R' location='9720610'>
   <sequence>gtttgtGGCTTAActtttgcctct</sequence>
  </segment>
  <segment id='BE_DMEL.006250' length='25' chromosome='3R' location='26676837'>
   <sequence>tctaaaatccGTAATCTgcttaagc</sequence>
  </segment>
  <segment id='BE_DMEL.006251' length='25' chromosome='3R' location='26676859'>
   <sequence>agcggcgAGCTTAAgtcgaggaatc</sequence>
  </segment>
  <segment id='BE_DMEL.006252' length='25' chromosome='3R' location='26676907'>
   <sequence>ggaccaagcgAGATTAGaggcactg</sequence>
  </segment>
  <segment id='BE_DMEL.006253' length='25' chromosome='3R' location='26676934'>
   <sequence>cactTGAATCCtaaaggctctcaaa</sequence>
  </segment>
  <segment id='BE_DMEL.006254' length='25' chromosome='3R' location='26676959'>
   <sequence>aggcaacgcCTAATCTggctcagcc</sequence>
  </segment>
  <segment id='BE_DMEL.006255' length='25' chromosome='3R' location='26677062'>
   <sequence>tactttaaaATAATTTtatttatta</sequence>
  </segment>
  <segment id='BE_DMEL.006256' length='39' chromosome='3R' location='26677092'>
   <sequence>ttataaaaattattattaaaaacGCAATCTgagctccgc</sequence>
  </segment>
  <segment id='BE_DMEL.006257' length='30' chromosome='3R' location='26677184'>
   <sequence>ctaagaaatgCAAATATTTGttttttattt</sequence>
  </segment>
 </group>
</smallbismark>