<?xml version='1.0' encoding='UTF-8'?>
<smallbismark>
 <comment name='WARNING'>This is a draft version of small-BiSMark. Specification is the subject to change!</comment>
 <group name='mapping of motifs/BRK_imm.xml on footprints/BRK_footprints.xml (flank_length=11)' size='10'>
  <segment id='BE_DMEL.000446' length='39' chromosome='X' location='4231695'>
   <sequence>cttggccagaagCTTGGTGGCGCCTCaagtagccgggta</sequence>
  </segment>
  <segment id='BE_DMEL.005392' length='38' chromosome='3R' location='2507218'>
   <sequence>cgccatcaacgtctgtTTAGCGCCATGAAAgcgtcgga</sequence>
  </segment>
  <segment id='BE_DMEL.005393' length='56' chromosome='3R' location='2507332'>
   <sequence>gaaaactgaccacaagctgacgccaagttGATGGGGGCGCCGCagctacagctcca</sequence>
  </segment>
  <segment id='BE_DMEL.005394' length='40' chromosome='3R' location='2507568'>
   <sequence>ccaaattgatggaTTGCCCGGCGCCGActgtcaccgctcc</sequence>
  </segment>
  <segment id='BE_DMEL.006261' length='38' chromosome='3R' location='2580040'>
   <sequence>tcgctggactgcCCGACTGGCACCTCggagactagcca</sequence>
  </segment>
  <segment id='BE_DMEL.006262' length='36' chromosome='3R' location='2580136'>
   <sequence>tcctgccaGGATCTGGCGTTGCgtgagagacagttc</sequence>
  </segment>
  <segment id='BE_DMEL.006264' length='35' chromosome='3R' location='2580185'>
   <sequence>ccgcaagagccggaGTCTCGCCAGGTAGacgggct</sequence>
  </segment>
  <segment id='BE_DMEL.006266' length='35' chromosome='3R' location='2580271'>
   <sequence>gaaagagcctccGGTGGCGGCGCTGAaagtgaaac</sequence>
  </segment>
  <segment id='BE_DMEL.006271' length='38' chromosome='3R' location='2580542'>
   <sequence>ttcgcaaattttATTACTGGCGCTATcggattttctcc</sequence>
  </segment>
  <segment id='BE_DMEL.006282' length='34' chromosome='3R' location='2581255'>
   <sequence>gcaacaagttgcctgGCGGCGCCCCGCGAgtgct</sequence>
  </segment>
 </group>
</smallbismark>