<?xml version='1.0' encoding='UTF-8'?>
<smallbismark>
 <comment name='WARNING'>This is a draft version of small-BiSMark. Specification is the subject to change!</comment>
 <group name='mapping of motifs/CAD_imm.xml on footprints/CAD_footprints.xml (flank_length=7)' size='13'>
  <segment id='BE_DMEL.006004' length='22' chromosome='2L' location='11455643'>
   <sequence>cgaaggGATTATAATTccagcc</sequence>
  </segment>
  <segment id='BE_DMEL.006005' length='30' chromosome='2L' location='11455696'>
   <sequence>ccgcttgctttgcGACAATTAAGgcaaata</sequence>
  </segment>
  <segment id='BE_DMEL.006006' length='24' chromosome='2L' location='11455725'>
   <sequence>attttgcgtACTAATTAAGcatgg</sequence>
  </segment>
  <segment id='BE_DMEL.006014' length='41' chromosome='2L' location='11455951'>
   <sequence>atattgacacccatcatttttcaATATTTGAGCgtgaaatt</sequence>
  </segment>
  <segment id='BE_DMEL.006056' length='26' chromosome='3L' location='20631228'>
   <sequence>ttaGGTAACGAAAtcgctggcttagg</sequence>
  </segment>
  <segment id='BE_DMEL.006060' length='26' chromosome='3L' location='20631259'>
   <sequence>acaagaattgGCCTAAAAAActcagc</sequence>
  </segment>
  <segment id='BE_DMEL.006061' length='26' chromosome='3L' location='20631290'>
   <sequence>ttcgGGCCACGTTTgcacgttgtggg</sequence>
  </segment>
  <segment id='BE_DMEL.006062' length='25' chromosome='3L' location='20631318'>
   <sequence>gtgcgAGTCATAAAGtcaggccgtt</sequence>
  </segment>
  <segment id='BE_DMEL.006063' length='28' chromosome='3L' location='20631342'>
   <sequence>tcggtcgtAACCATAAAAattgtcgagc</sequence>
  </segment>
  <segment id='BE_DMEL.006064' length='25' chromosome='3L' location='20631381'>
   <sequence>ataacccgAGCCAAACAAgagcacc</sequence>
  </segment>
  <segment id='BE_DMEL.006066' length='23' chromosome='3L' location='20631438'>
   <sequence>TTTTTTAAGCggaaaagggataa</sequence>
  </segment>
  <segment id='BE_DMEL.004966' length='36' chromosome='3R' location='2689561'>
   <sequence>cagagaaatttttagggAACCATAAACgggccgggg</sequence>
  </segment>
  <segment id='BE_DMEL.004968' length='34' chromosome='3R' location='2689634'>
   <sequence>gtttacagtttttatgtCTTTATGATTattgcaa</sequence>
  </segment>
 </group>
</smallbismark>