<?xml version='1.0' encoding='UTF-8'?>
<smallbismark>
 <comment name='WARNING'>This is a draft version of small-BiSMark. Specification is the subject to change!</comment>
 <group name='mapping of motifs/DFD_imm.xml on footprints/DFD_footprints.xml (flank_length=7)' size='16'>
  <segment id='BE_DMEL.000194' length='22' chromosome='2R' location='2013937'>
   <sequence>actttgtTTAATTTGgttatac</sequence>
  </segment>
  <segment id='BE_DMEL.000195' length='28' chromosome='2R' location='2013958'>
   <sequence>ctgcaattggcgGCTATTAAgagcagtg</sequence>
  </segment>
  <segment id='BE_DMEL.000196' length='27' chromosome='2R' location='2013983'>
   <sequence>gtgaccactacaTTAATTATgaatggt</sequence>
  </segment>
  <segment id='BE_DMEL.000197' length='26' chromosome='2R' location='2014026'>
   <sequence>ttggccccgcgATAAGTAAatcgcta</sequence>
  </segment>
  <segment id='BE_DMEL.000975' length='25' chromosome='3R' location='2612809'>
   <sequence>atcaatcctATCATTAGatgatttt</sequence>
  </segment>
  <segment id='BE_DMEL.000976' length='22' chromosome='3R' location='2612915'>
   <sequence>ttgaaaACAATTATccatttat</sequence>
  </segment>
  <segment id='BE_DMEL.000977' length='28' chromosome='3R' location='2612942'>
   <sequence>ctaatttgatgacTTAATTACggcattc</sequence>
  </segment>
  <segment id='BE_DMEL.000978' length='27' chromosome='3R' location='2613106'>
   <sequence>aacagccaacATCATTAAgcttaattt</sequence>
  </segment>
  <segment id='BE_DMEL.000980' length='23' chromosome='3R' location='2613161'>
   <sequence>aatgcgtgGCAATTAGgggctca</sequence>
  </segment>
  <segment id='BE_DMEL.000982' length='23' chromosome='3R' location='2613237'>
   <sequence>aagctttTAAATGGTctacatgc</sequence>
  </segment>
  <segment id='BE_DMEL.000983' length='23' chromosome='3R' location='2613292'>
   <sequence>tcggaggcTTCATTATggtgagt</sequence>
  </segment>
  <segment id='BE_DMEL.000984' length='39' chromosome='3R' location='2613316'>
   <sequence>gtgcagcGAAATTAAatcaatcagagataatctgtcatg</sequence>
  </segment>
  <segment id='BE_DMEL.000985' length='23' chromosome='3R' location='2613348'>
   <sequence>tgtcatgGTAATGGGtgcctgtc</sequence>
  </segment>
  <segment id='BE_DMEL.000987' length='24' chromosome='3R' location='2613431'>
   <sequence>tgattcgtGTAATTATtttaagca</sequence>
  </segment>
  <segment id='BE_DMEL.000988' length='23' chromosome='3R' location='2613580'>
   <sequence>accacatTTAATTGTttcgggtc</sequence>
  </segment>
  <segment id='BE_DMEL.000989' length='23' chromosome='3R' location='2613652'>
   <sequence>tatgactTTAATGACtataaaag</sequence>
  </segment>
 </group>
</smallbismark>