<?xml version='1.0' encoding='UTF-8'?>
<smallbismark>
 <comment name='WARNING'>This is a draft version of small-BiSMark. Specification is the subject to change!</comment>
 <group name='mapping of motifs/DL_imm.xml on footprints/DL_footprints.xml (flank_length=9)' size='38'>
  <segment id='BE_DMEL.005229' length='35' chromosome='2L' location='2456170'>
   <sequence>ttttataagaagAATAATTTCCAtttttattgatt</sequence>
  </segment>
  <segment id='BE_DMEL.005230' length='33' chromosome='2L' location='2456200'>
   <sequence>tgatttcaatcTGGTTTATCTAgatcgcatggt</sequence>
  </segment>
  <segment id='BE_DMEL.005231' length='36' chromosome='2L' location='2456343'>
   <sequence>tacttcctataccTGAATTTTCCAcctgccatccgc</sequence>
  </segment>
  <segment id='BE_DMEL.005234' length='32' chromosome='2L' location='2456417'>
   <sequence>tagccgtaatTTATATTCCCActcatcgcaat</sequence>
  </segment>
  <segment id='BE_DMEL.005235' length='38' chromosome='2L' location='2456437'>
   <sequence>actcatcgcaatgcGTACTTTCCGCtaccaaaatgcga</sequence>
  </segment>
  <segment id='BE_DMEL.005237' length='34' chromosome='2L' location='2456476'>
   <sequence>tgaagagccagtCGGATTTTCCTgaaatttctgt</sequence>
  </segment>
  <segment id='BE_DMEL.005239' length='36' chromosome='2L' location='2456598'>
   <sequence>ctgtgaaatcacgCGGAAATTCCAcggctttccaaa</sequence>
  </segment>
  <segment id='BE_DMEL.005244' length='35' chromosome='2L' location='2456693'>
   <sequence>cagtgaccttGAAATTTTTCCtaagaattacacca</sequence>
  </segment>
  <segment id='BE_DMEL.005245' length='34' chromosome='2L' location='2456740'>
   <sequence>gcatgcgctaaaTGGCTTTTATAttgtatttgta</sequence>
  </segment>
  <segment id='BE_DMEL.005247' length='35' chromosome='2L' location='2456791'>
   <sequence>taaaGCGTATTTCGCattattttccgcaggattat</sequence>
  </segment>
  <segment id='BE_DMEL.005248' length='38' chromosome='2L' location='2456814'>
   <sequence>ccgcAGGATTATAGGgtcgaacaataaagcagttaggt</sequence>
  </segment>
  <segment id='BE_DMEL.005249' length='31' chromosome='2L' location='2456988'>
   <sequence>gttttcggacTCGGAACCCAAccctccggtt</sequence>
  </segment>
  <segment id='BE_DMEL.005250' length='36' chromosome='2L' location='2457002'>
   <sequence>aacccaaccctccgGTTGATTCCCGcttcccaaaag</sequence>
  </segment>
  <segment id='BE_DMEL.005251' length='32' chromosome='2L' location='2457282'>
   <sequence>ctttgtcgtccCCGATTTCCCTgcactttcca</sequence>
  </segment>
  <segment id='BE_DMEL.006285' length='37' chromosome='2L' location='15475279'>
   <sequence>ccaactatcgaTGGGAAACTTTcccaactcccactcc</sequence>
  </segment>
  <segment id='BE_DMEL.006286' length='34' chromosome='2L' location='15475480'>
   <sequence>aaaattccagcGCGGAATTCCAattccccgcgat</sequence>
  </segment>
  <segment id='BE_DMEL.006287' length='34' chromosome='2L' location='15475568'>
   <sequence>gcatttccattTCGTATTTCCCtgcaatggattt</sequence>
  </segment>
  <segment id='BE_DMEL.006288' length='34' chromosome='2L' location='15475633'>
   <sequence>gaaggatttaaaGTAATTTCCCAtcttatccaat</sequence>
  </segment>
  <segment id='BE_DMEL.006289' length='34' chromosome='2L' location='15475712'>
   <sequence>aaaactggctgGGGGTTTTCTAtatgtcctcaca</sequence>
  </segment>
  <segment id='BE_DMEL.006290' length='34' chromosome='2L' location='15475745'>
   <sequence>atcctacctggTGGGTCATCCCggatatctcggt</sequence>
  </segment>
  <segment id='BE_DMEL.006291' length='35' chromosome='2L' location='15475910'>
   <sequence>cattgatgtcgcGGGAAAATCCGcacttgtcgaac</sequence>
  </segment>
  <segment id='BE_DMEL.006292' length='34' chromosome='2L' location='15475976'>
   <sequence>aaattcctggtCGGGTTGGCCCgctcattagtat</sequence>
  </segment>
  <segment id='BE_DMEL.006293' length='34' chromosome='2L' location='15476016'>
   <sequence>gattggcggccaGTGTTTTCCGCttcattcatta</sequence>
  </segment>
  <segment id='BE_DMEL.006294' length='34' chromosome='2L' location='15476051'>
   <sequence>ttcattattttGGGGAAAACCCtttcgggggtta</sequence>
  </segment>
  <segment id='BE_DMEL.006449' length='29' chromosome='2R' location='18552800'>
   <sequence>cggaaattTGACTTTTCGCtcgtattttt</sequence>
  </segment>
  <segment id='BE_DMEL.006450' length='38' chromosome='2R' location='18552813'>
   <sequence>tttcgctcgtatttttcTGGATTTTCGGagctccgagc</sequence>
  </segment>
  <segment id='BE_DMEL.006451' length='29' chromosome='2R' location='18552854'>
   <sequence>attcgcctGCGATTTTCTCggtacgtgtg</sequence>
  </segment>
  <segment id='BE_DMEL.002699' length='29' chromosome='2R' location='18553599'>
   <sequence>acttcccaGGCATTTTCCCaaatcgagag</sequence>
  </segment>
  <segment id='BE_DMEL.002701' length='29' chromosome='2R' location='18553615'>
   <sequence>cccaaatcgaGAGAAAACCCAaagaataa</sequence>
  </segment>
  <segment id='BE_DMEL.002703' length='29' chromosome='2R' location='18553645'>
   <sequence>ccaagagaaacAGAAAAATCCAgagcgtc</sequence>
  </segment>
  <segment id='BE_DMEL.002705' length='29' chromosome='2R' location='18553733'>
   <sequence>gctgccgctcgagaaaaTCGAAATCCCCc</sequence>
  </segment>
  <segment id='BE_DMEL.000901' length='29' chromosome='3L' location='1445365'>
   <sequence>acatgcggtGGGAAAAACACacatcgcga</sequence>
  </segment>
  <segment id='BE_DMEL.000905' length='29' chromosome='3L' location='1445501'>
   <sequence>agtggcgggCGGAATTTCCTgattcgcga</sequence>
  </segment>
  <segment id='BE_DMEL.000909' length='29' chromosome='3L' location='1445560'>
   <sequence>atgttttggGGGAAATTCCCgggcgacgg</sequence>
  </segment>
  <segment id='BE_DMEL.000910' length='29' chromosome='3L' location='1445607'>
   <sequence>gtcctgcgtGGGAAAAGCCCacgtcctac</sequence>
  </segment>
  <segment id='BE_DMEL.006272' length='28' chromosome='3R' location='2581093'>
   <sequence>ttcagagcTTGGTTTTCCCaggacatcc</sequence>
  </segment>
  <segment id='BE_DMEL.006274' length='29' chromosome='3R' location='2581161'>
   <sequence>tctataactgGGAGAAACCCAatcaatat</sequence>
  </segment>
  <segment id='BE_DMEL.006277' length='28' chromosome='3R' location='2581211'>
   <sequence>ttggacttcTGGATTTCCCAaaacttat</sequence>
  </segment>
 </group>
</smallbismark>