<?xml version='1.0' encoding='UTF-8'?>
<smallbismark>
 <comment name='WARNING'>This is a draft version of small-BiSMark. Specification is the subject to change!</comment>
 <group name='mapping of motifs/EIP74EF_imm.xml on footprints/EIP74EF_footprints.xml (flank_length=14)' size='8'>
  <segment id='BE_DMEL.004525' length='45' chromosome='3L' location='15622634'>
   <sequence>agtaaatcaactagagATTTCCTTTTGgcttaaaataaaaaatct</sequence>
  </segment>
  <segment id='BE_DMEL.004526' length='43' chromosome='3L' location='15622685'>
   <sequence>tatataagttggaAACAAGGAAGTgttatgttccaaataggac</sequence>
  </segment>
  <segment id='BE_DMEL.004529' length='45' chromosome='3L' location='15622817'>
   <sequence>caattgtaaacgtatTCTTCCTTGATcgatgtttacggtataaat</sequence>
  </segment>
  <segment id='BE_DMEL.004530' length='46' chromosome='3L' location='15622914'>
   <sequence>aacttctgcaatgtcaaaACTTCTGGTATttttgggtaagctaccc</sequence>
  </segment>
  <segment id='BE_DMEL.004533' length='45' chromosome='3L' location='15623014'>
   <sequence>tattgatgtgccaggtcctaACTCAGGAAGCttcgggtcgccaat</sequence>
  </segment>
  <segment id='BE_DMEL.001167' length='51' chromosome='3L' location='17552783'>
   <sequence>ttgcagttaaagccAATTGCTGTTGttcctactgtgttagtcgcagttttt</sequence>
  </segment>
  <segment id='BE_DMEL.001168' length='48' chromosome='3L' location='17552893'>
   <sequence>gccacaagcacaatgattGATCAGGAATTatggttatggttatggttt</sequence>
  </segment>
  <segment id='BE_DMEL.001169' length='49' chromosome='3L' location='17552986'>
   <sequence>accaagtaaaaggatgagttACTTCCGGTTAttcagctgcactgcgata</sequence>
  </segment>
 </group>
</smallbismark>