<?xml version='1.0' encoding='UTF-8'?>
<smallbismark>
 <comment name='WARNING'>This is a draft version of small-BiSMark. Specification is the subject to change!</comment>
 <group name='mapping of motifs/EMS_imm.xml on footprints/EMS_footprints.xml (flank_length=12)' size='3'>
  <segment id='BE_DMEL.003207' length='37' chromosome='3R' location='9723832'>
   <sequence>ggatctgggcaaaacgATAATGAcacacgaacaaaag</sequence>
  </segment>
  <segment id='BE_DMEL.003210' length='37' chromosome='3R' location='9724348'>
   <sequence>ggagaaatcagacattTTTATGAcatttccctgacta</sequence>
  </segment>
  <segment id='BE_DMEL.003212' length='37' chromosome='3R' location='9724528'>
   <sequence>TTTATGAttgtcaaggattagatataaatgttttatg</sequence>
  </segment>
 </group>
</smallbismark>