<?xml version='1.0' encoding='UTF-8'?>
<smallbismark>
 <comment name='WARNING'>This is a draft version of small-BiSMark. Specification is the subject to change!</comment>
 <group name='mapping of motifs/FTZ_imm.xml on footprints/FTZ_footprints.xml (flank_length=7)' size='66'>
  <segment id='BE_DMEL.002358' length='22' chromosome='2L' location='21840977'>
   <sequence>gttccaGTGCATTAGagatcgc</sequence>
  </segment>
  <segment id='BE_DMEL.002359' length='42' chromosome='2L' location='21841074'>
   <sequence>agctcatgtatTTTCATAATtttcatatttctccgtggctca</sequence>
  </segment>
  <segment id='BE_DMEL.002360' length='23' chromosome='2L' location='21841125'>
   <sequence>cgcctgcgcTAAAGTGTCtgacg</sequence>
  </segment>
  <segment id='BE_DMEL.002361' length='25' chromosome='2L' location='21841166'>
   <sequence>tcgttctgcCAAATTAGCcgggccc</sequence>
  </segment>
  <segment id='BE_DMEL.006389' length='24' chromosome='2R' location='7041386'>
   <sequence>ccaactctCTAATTAGCgactaag</sequence>
  </segment>
  <segment id='BE_DMEL.006391' length='24' chromosome='2R' location='7041415'>
   <sequence>gtcaccggCTAATTGGCaacgcgg</sequence>
  </segment>
  <segment id='BE_DMEL.006393' length='24' chromosome='2R' location='7041484'>
   <sequence>attataatTTAATTGACcgccagt</sequence>
  </segment>
  <segment id='BE_DMEL.006394' length='24' chromosome='2R' location='7041517'>
   <sequence>tcgtttgaTTAATTCCTagccgcg</sequence>
  </segment>
  <segment id='BE_DMEL.006395' length='24' chromosome='2R' location='7041606'>
   <sequence>cattgccGACCATAAAaaagcact</sequence>
  </segment>
  <segment id='BE_DMEL.006396' length='24' chromosome='2R' location='7041617'>
   <sequence>ataaaaaAGCACTTAActcgtcaa</sequence>
  </segment>
  <segment id='BE_DMEL.006397' length='24' chromosome='2R' location='7041629'>
   <sequence>ttaactcGTCAATTAAcacacgat</sequence>
  </segment>
  <segment id='BE_DMEL.006399' length='24' chromosome='2R' location='7041872'>
   <sequence>catgttgTCACATAAAgtgtcgct</sequence>
  </segment>
  <segment id='BE_DMEL.006400' length='24' chromosome='2R' location='7042020'>
   <sequence>cgtgtcgcCTAATTGTGgcagtgt</sequence>
  </segment>
  <segment id='BE_DMEL.006402' length='25' chromosome='2R' location='7042044'>
   <sequence>ccttcggaTTTATGACAcaaaacag</sequence>
  </segment>
  <segment id='BE_DMEL.006377' length='36' chromosome='2R' location='7044635'>
   <sequence>ttgaggccTTCAATTAAccagttaaatgtgccttga</sequence>
  </segment>
  <segment id='BE_DMEL.006386' length='46' chromosome='2R' location='7044678'>
   <sequence>ctgacgaaattgattgatatTTAATTGACatttaatttatttattt</sequence>
  </segment>
  <segment id='BE_DMEL.003455' length='24' chromosome='2R' location='20564537'>
   <sequence>cATAATTGCGgtgtgtctgacggg</sequence>
  </segment>
  <segment id='BE_DMEL.003458' length='33' chromosome='2R' location='20564625'>
   <sequence>atactaacaAACCATTAAcacccgaaccgcaaa</sequence>
  </segment>
  <segment id='BE_DMEL.003461' length='40' chromosome='2R' location='20564739'>
   <sequence>actttttgtcgcatgattaggGGCCATTACaaattgtaag</sequence>
  </segment>
  <segment id='BE_DMEL.004895' length='31' chromosome='3R' location='2684540'>
   <sequence>tttccagacaaaaTGTCTTTTAcattcgcag</sequence>
  </segment>
  <segment id='BE_DMEL.004897' length='35' chromosome='3R' location='2684586'>
   <sequence>cttttgcgaaacattacTGCCATTACagttcaatt</sequence>
  </segment>
  <segment id='BE_DMEL.004899' length='36' chromosome='3R' location='2684767'>
   <sequence>gcgtgtgtcTCGCATTAGactgatgttctgttgaac</sequence>
  </segment>
  <segment id='BE_DMEL.004902' length='34' chromosome='3R' location='2684873'>
   <sequence>gtcgtctgTTTATGGATagtaaatgcaccgtgtc</sequence>
  </segment>
  <segment id='BE_DMEL.004904' length='44' chromosome='3R' location='2684902'>
   <sequence>gtgtcatgggtccttaagcgtcTTAATTGCCcgcgtatccttcg</sequence>
  </segment>
  <segment id='BE_DMEL.004905' length='70' chromosome='3R' location='2684948'>
   <sequence>gagaagcagcgcaattggtttccaaggcggaaatattattggcaCATCATAAAactataaaacaggccgc</sequence>
  </segment>
  <segment id='BE_DMEL.004908' length='42' chromosome='3R' location='2685233'>
   <sequence>tccgatcattgTTAATGGACgttatccttattagatgttgat</sequence>
  </segment>
  <segment id='BE_DMEL.004912' length='32' chromosome='3R' location='2685330'>
   <sequence>gcccatgttAGGTATTAAgatctgattcagtt</sequence>
  </segment>
  <segment id='BE_DMEL.004913' length='34' chromosome='3R' location='2685364'>
   <sequence>tgttcagCTTCATTATattatagattaaaattat</sequence>
  </segment>
  <segment id='BE_DMEL.004915' length='31' chromosome='3R' location='2685471'>
   <sequence>attAAAATTGTTatagtgcacggaccttcga</sequence>
  </segment>
  <segment id='BE_DMEL.004917' length='29' chromosome='3R' location='2685528'>
   <sequence>attactacacaaggtacaAGGTATTAGga</sequence>
  </segment>
  <segment id='BE_DMEL.004919' length='26' chromosome='3R' location='2685566'>
   <sequence>tagtttcacaTGACATTATttatcaa</sequence>
  </segment>
  <segment id='BE_DMEL.004920' length='27' chromosome='3R' location='2685618'>
   <sequence>atttttcaaaaAGCCATCAAtctttga</sequence>
  </segment>
  <segment id='BE_DMEL.004922' length='30' chromosome='3R' location='2685713'>
   <sequence>ttatatctaggGGCCATAAGcagtacgatg</sequence>
  </segment>
  <segment id='BE_DMEL.004923' length='36' chromosome='3R' location='2685770'>
   <sequence>tcagcttacggGGTCATCATtgctaaaagcggcagg</sequence>
  </segment>
  <segment id='BE_DMEL.004925' length='33' chromosome='3R' location='2685795'>
   <sequence>aaagcggcagGACAATTCGaataagtgtgacag</sequence>
  </segment>
  <segment id='BE_DMEL.004928' length='31' chromosome='3R' location='2685816'>
   <sequence>taagtgtgacaggAGCAATTACagccttatc</sequence>
  </segment>
  <segment id='BE_DMEL.004932' length='29' chromosome='3R' location='2685881'>
   <sequence>gacatcgcaGGCAATTCAaggatatgtag</sequence>
  </segment>
  <segment id='BE_DMEL.004938' length='30' chromosome='3R' location='2686019'>
   <sequence>catccttgactTTGATTGGTgccgatccaa</sequence>
  </segment>
  <segment id='BE_DMEL.004942' length='30' chromosome='3R' location='2686054'>
   <sequence>aaacgctatatccACCCATTGAgacgacct</sequence>
  </segment>
  <segment id='BE_DMEL.004944' length='31' chromosome='3R' location='2686170'>
   <sequence>agaaactgaagattaCTTCATTTAtctagac</sequence>
  </segment>
  <segment id='BE_DMEL.006091' length='34' chromosome='3R' location='2759086'>
   <sequence>atttactgtttaccTTAATTGCTtatatattata</sequence>
  </segment>
  <segment id='BE_DMEL.006330' length='29' chromosome='3R' location='2823445'>
   <sequence>ttattcaaacatTTAATGGACagctaata</sequence>
  </segment>
  <segment id='BE_DMEL.006331' length='26' chromosome='3R' location='2823461'>
   <sequence>tggacagCTAATAGTAacataatata</sequence>
  </segment>
  <segment id='BE_DMEL.006332' length='30' chromosome='3R' location='2823474'>
   <sequence>gtaacataatataCTTATGTCAaccatttt</sequence>
  </segment>
  <segment id='BE_DMEL.006441' length='69' chromosome='3R' location='2824498'>
   <sequence>cgcctgcgattacaattacgattacggttacgattacggttattattataataatgggTTTATGACGat</sequence>
  </segment>
  <segment id='BE_DMEL.006442' length='26' chromosome='3R' location='2824581'>
   <sequence>ggacagtgtgcgaCTGATTGCGgttc</sequence>
  </segment>
  <segment id='BE_DMEL.006444' length='52' chromosome='3R' location='2824595'>
   <sequence>tgattgcggttctaattttttacgattattgttatgattattTTTACGGCCt</sequence>
  </segment>
  <segment id='BE_DMEL.006445' length='49' chromosome='3R' location='2824634'>
   <sequence>atttttacggccTTTATGATCttagcgggctgacaattgggataagaga</sequence>
  </segment>
  <segment id='BE_DMEL.006326' length='29' chromosome='3R' location='2825812'>
   <sequence>caccttctataaaATCAATTAAaataatt</sequence>
  </segment>
  <segment id='BE_DMEL.006327' length='31' chromosome='3R' location='2825828'>
   <sequence>aattaaaATAATTGTAcaatttacaaatacg</sequence>
  </segment>
  <segment id='BE_DMEL.006328' length='31' chromosome='3R' location='2826048'>
   <sequence>gttatgctgcTTAAGTACTtataagagtaaa</sequence>
  </segment>
  <segment id='BE_DMEL.006329' length='28' chromosome='3R' location='2826116'>
   <sequence>tttttagatgttcTTAATTAACgcttat</sequence>
  </segment>
  <segment id='BE_DMEL.006322' length='24' chromosome='3R' location='2827205'>
   <sequence>gtttatcaaaGCAAATTAAgctgt</sequence>
  </segment>
  <segment id='BE_DMEL.006323' length='27' chromosome='3R' location='2827233'>
   <sequence>ataacgctatTTAATAATAatcacatc</sequence>
  </segment>
  <segment id='BE_DMEL.006324' length='22' chromosome='3R' location='2827247'>
   <sequence>taATAATCACAtcagaaaagca</sequence>
  </segment>
  <segment id='BE_DMEL.006325' length='78' chromosome='3R' location='2827307'>
   <sequence>ctcatattgcataattatttaataatgTGAAATTAAcataatgtatttttgtataatagttaccattactcgtagagt</sequence>
  </segment>
  <segment id='BE_DMEL.002447' length='64' chromosome='3R' location='12526846'>
   <sequence>tttacgacgcccggcacttaacattgtacttTTTATGACCtcgtaaaaaaactgcacacatttc</sequence>
  </segment>
  <segment id='BE_DMEL.002451' length='59' chromosome='3R' location='12526949'>
   <sequence>aaacaccgaccttgaaggcggcgtcaaaaagTTAATGATCaccatcggctctggaacga</sequence>
  </segment>
  <segment id='BE_DMEL.002456' length='27' chromosome='3R' location='12527009'>
   <sequence>tttTTAATGTTTctcatgtgttgctca</sequence>
  </segment>
  <segment id='BE_DMEL.002458' length='24' chromosome='3R' location='12527031'>
   <sequence>gctcagccgcACACATAAAaaacg</sequence>
  </segment>
  <segment id='BE_DMEL.005376' length='33' chromosome='3R' location='12599154'>
   <sequence>aaaacagccgtcGGCCATTAAaaaaggtgcctt</sequence>
  </segment>
  <segment id='BE_DMEL.005379' length='42' chromosome='3R' location='12599224'>
   <sequence>ataccgcggtaaaagatcGCTCATTAGcagcagctgcacttg</sequence>
  </segment>
  <segment id='BE_DMEL.005383' length='27' chromosome='3R' location='12599306'>
   <sequence>cagtttTTTATTAGCcatggcaaaaaa</sequence>
  </segment>
  <segment id='BE_DMEL.005385' length='28' chromosome='3R' location='12599326'>
   <sequence>caaaaaATTATGATTgtttcatattttc</sequence>
  </segment>
  <segment id='BE_DMEL.005388' length='26' chromosome='3R' location='12599401'>
   <sequence>aaatccTATATTACCttgagcattca</sequence>
  </segment>
  <segment id='BE_DMEL.005389' length='31' chromosome='3R' location='12599431'>
   <sequence>ggttTTTCATTTAatttgtttagacccccct</sequence>
  </segment>
 </group>
</smallbismark>