<?xml version='1.0' encoding='UTF-8'?>
<smallbismark>
 <comment name='WARNING'>This is a draft version of small-BiSMark. Specification is the subject to change!</comment>
 <group name='mapping of motifs/GT_imm.xml on footprints/GT_footprints.xml (flank_length=11)' size='8'>
  <segment id='BE_DMEL.004119' length='48' chromosome='2R' location='5489671'>
   <sequence>tttgccatcagcgagaTTATTAGTCAATtgcagttgcagcgtttcgct</sequence>
  </segment>
  <segment id='BE_DMEL.004121' length='67' chromosome='2R' location='5489734'>
   <sequence>ctttcgagttagactTTATTGCAGCATcttgaacaatcgtcgcagtttggtaacacgctgtgccata</sequence>
  </segment>
  <segment id='BE_DMEL.004130' length='45' chromosome='2R' location='5490003'>
   <sequence>ccttttcattagaaagtcataaaAACACATAATAAtgatgtcgaa</sequence>
  </segment>
  <segment id='BE_DMEL.003700' length='38' chromosome='2R' location='20730895'>
   <sequence>tccggcttaggaTTCTTGCGTCATaaacatgactaggg</sequence>
  </segment>
  <segment id='BE_DMEL.001066' length='38' chromosome='2R' location='20732884'>
   <sequence>aaaaccattataATTTTACGTAACattatgcagagcaa</sequence>
  </segment>
  <segment id='BE_DMEL.006044' length='34' chromosome='3L' location='20630765'>
   <sequence>taaaaacgggaaAAAACGCACAAAaggcttgtaa</sequence>
  </segment>
  <segment id='BE_DMEL.006046' length='37' chromosome='3L' location='20630788'>
   <sequence>aaggcttgtaaaaaagtcAAAAAGCAACAAgaaccat</sequence>
  </segment>
  <segment id='BE_DMEL.000267' length='45' chromosome='3R' location='12636928'>
   <sequence>agggacaaTTTTTACGTAATattatgaaaggtgcagaattgtata</sequence>
  </segment>
 </group>
</smallbismark>