<?xml version='1.0' encoding='UTF-8'?>
<smallbismark>
 <comment name='WARNING'>This is a draft version of small-BiSMark. Specification is the subject to change!</comment>
 <group name='mapping of motifs/HB_imm.xml on footprints/HB_footprints.xml (flank_length=7)' size='103'>
  <segment id='BE_DMEL.006017' length='29' chromosome='2L' location='11456115'>
   <sequence>tcattgcaagccGTTTTTCAGGggcgtta</sequence>
  </segment>
  <segment id='BE_DMEL.002267' length='24' chromosome='2R' location='5487356'>
   <sequence>agatcaGTTTTTTGTTttggccga</sequence>
  </segment>
  <segment id='BE_DMEL.002268' length='24' chromosome='2R' location='5487376'>
   <sequence>ccgaccGATTTTTGTGcccggtgc</sequence>
  </segment>
  <segment id='BE_DMEL.002270' length='24' chromosome='2R' location='5487394'>
   <sequence>cggtgcTCTCTTTACGgtttatgg</sequence>
  </segment>
  <segment id='BE_DMEL.002272' length='24' chromosome='2R' location='5487431'>
   <sequence>tcccagCTTCTTTGTTccgggctc</sequence>
  </segment>
  <segment id='BE_DMEL.002273' length='23' chromosome='2R' location='5487480'>
   <sequence>atgcaGATTTTTATGggtcccgg</sequence>
  </segment>
  <segment id='BE_DMEL.002275' length='24' chromosome='2R' location='5487582'>
   <sequence>gatcacGTTTTTTGTTcccattgt</sequence>
  </segment>
  <segment id='BE_DMEL.002276' length='23' chromosome='2R' location='5487603'>
   <sequence>tgtgcgcTTTTTTCGCTgcgcta</sequence>
  </segment>
  <segment id='BE_DMEL.002278' length='24' chromosome='2R' location='5487620'>
   <sequence>gcgctagTTTTTTTCCCcgaaccc</sequence>
  </segment>
  <segment id='BE_DMEL.002279' length='25' chromosome='2R' location='5487652'>
   <sequence>gctctaATTTTTTAATtcttcacgg</sequence>
  </segment>
  <segment id='BE_DMEL.002280' length='23' chromosome='2R' location='5487756'>
   <sequence>gctctCGTTTTTAAGatccgttt</sequence>
  </segment>
  <segment id='BE_DMEL.002281' length='24' chromosome='2R' location='5487804'>
   <sequence>cattcaCGTTTTTACGagctcgtt</sequence>
  </segment>
  <segment id='BE_DMEL.004131' length='24' chromosome='2R' location='5490013'>
   <sequence>agaaagtCATAAAAACAcataata</sequence>
  </segment>
  <segment id='BE_DMEL.004135' length='24' chromosome='2R' location='5490095'>
   <sequence>aactgggttaTTTTTTTGCGccga</sequence>
  </segment>
  <segment id='BE_DMEL.004137' length='24' chromosome='2R' location='5490178'>
   <sequence>gaccccacgaTTTTTTTGGCcaaa</sequence>
  </segment>
  <segment id='BE_DMEL.006382' length='24' chromosome='2R' location='7044658'>
   <sequence>aaatgtgcCTTGAAAAACagctga</sequence>
  </segment>
  <segment id='BE_DMEL.006387' length='25' chromosome='2R' location='7044707'>
   <sequence>atttaatttaTTTATTTGCCcatcg</sequence>
  </segment>
  <segment id='BE_DMEL.003683' length='68' chromosome='2R' location='20730344'>
   <sequence>gacatgcatgatcataaaaagcaatttgctacaatttataTTTTTTTGCTtttccttcttttaagcat</sequence>
  </segment>
  <segment id='BE_DMEL.003684' length='34' chromosome='2R' location='20730417'>
   <sequence>atctggatCAGAAAAGAAaaagtgtaacgcctac</sequence>
  </segment>
  <segment id='BE_DMEL.003687' length='27' chromosome='2R' location='20730461'>
   <sequence>ggattaaATTTTTTCAGacaaataatc</sequence>
  </segment>
  <segment id='BE_DMEL.003693' length='27' chromosome='2R' location='20730581'>
   <sequence>agcgcgacgcgTTTTTTCGCGactccg</sequence>
  </segment>
  <segment id='BE_DMEL.003694' length='33' chromosome='2R' location='20730606'>
   <sequence>cgcctgcattgtttTTTTTTTCAGtttcttcaa</sequence>
  </segment>
  <segment id='BE_DMEL.003696' length='62' chromosome='2R' location='20730822'>
   <sequence>tcaaatttctcttaaaaacAACAAAAAATgtcaaagtaaaaacaatgcaaaaaatatgtgta</sequence>
  </segment>
  <segment id='BE_DMEL.005952' length='25' chromosome='3L' location='8638358'>
   <sequence>ggcgaaggAAGAAAAAAAaatgtta</sequence>
  </segment>
  <segment id='BE_DMEL.005953' length='24' chromosome='3L' location='8638428'>
   <sequence>cgacgaGATTTTTGCGtaatttct</sequence>
  </segment>
  <segment id='BE_DMEL.005954' length='25' chromosome='3L' location='8638463'>
   <sequence>agggacAACATAAAAAggacgaatt</sequence>
  </segment>
  <segment id='BE_DMEL.005956' length='25' chromosome='3L' location='8638503'>
   <sequence>cgaaataTGTTTTTATGagaggatc</sequence>
  </segment>
  <segment id='BE_DMEL.005957' length='25' chromosome='3L' location='8638525'>
   <sequence>atcataaatTTTTTTTCCCctaaga</sequence>
  </segment>
  <segment id='BE_DMEL.005959' length='25' chromosome='3L' location='8638590'>
   <sequence>ctcgttcCATTTTTAGCggaactgt</sequence>
  </segment>
  <segment id='BE_DMEL.005960' length='42' chromosome='3L' location='8638721'>
   <sequence>cagcacgtgacaaaaaagatgaacaAACAAAAAAGagagcga</sequence>
  </segment>
  <segment id='BE_DMEL.005962' length='25' chromosome='3L' location='8638766'>
   <sequence>gctcgcaGATTTTTAGTgcgaattc</sequence>
  </segment>
  <segment id='BE_DMEL.005964' length='41' chromosome='3L' location='8638873'>
   <sequence>tgttcccATTTTTTGTTctaattattttttatgagttcagt</sequence>
  </segment>
  <segment id='BE_DMEL.005965' length='25' chromosome='3L' location='8638928'>
   <sequence>tgtcgcaCTTCTTTGTGgccacccg</sequence>
  </segment>
  <segment id='BE_DMEL.005966' length='25' chromosome='3L' location='8639004'>
   <sequence>attcatgATTTTTTATTtgccccga</sequence>
  </segment>
  <segment id='BE_DMEL.005911' length='25' chromosome='3L' location='8639031'>
   <sequence>cctgctgtTCTTTTTGGCcctgttt</sequence>
  </segment>
  <segment id='BE_DMEL.005913' length='24' chromosome='3L' location='8639050'>
   <sequence>ctgttttCTTTTTTGTGgttagaa</sequence>
  </segment>
  <segment id='BE_DMEL.005915' length='24' chromosome='3L' location='8639075'>
   <sequence>tggacccAATTTTTAGCtaataat</sequence>
  </segment>
  <segment id='BE_DMEL.005917' length='25' chromosome='3L' location='8639098'>
   <sequence>ttgttgcAATTTTTGTGgttttggg</sequence>
  </segment>
  <segment id='BE_DMEL.005922' length='24' chromosome='3L' location='8639222'>
   <sequence>cgataatCTTTTTTATTaaatctt</sequence>
  </segment>
  <segment id='BE_DMEL.005923' length='24' chromosome='3L' location='8639241'>
   <sequence>atcttttttTTTTTTTGATtctat</sequence>
  </segment>
  <segment id='BE_DMEL.005942' length='24' chromosome='3L' location='8639702'>
   <sequence>acaaattCCCAAAAAGTtgcctca</sequence>
  </segment>
  <segment id='BE_DMEL.005944' length='24' chromosome='3L' location='8639748'>
   <sequence>aacaaagCAGAAAAAACacaaaaa</sequence>
  </segment>
  <segment id='BE_DMEL.005949' length='24' chromosome='3L' location='8639872'>
   <sequence>cgttgggCACAAAAAACgcacaat</sequence>
  </segment>
  <segment id='BE_DMEL.005950' length='24' chromosome='3L' location='8639896'>
   <sequence>gccggccAATAAAAAAGtagagcg</sequence>
  </segment>
  <segment id='BE_DMEL.003611' length='31' chromosome='3L' location='8640802'>
   <sequence>ccgggatcgcaGTTTTTTACGatcctcaacg</sequence>
  </segment>
  <segment id='BE_DMEL.003614' length='33' chromosome='3L' location='8640840'>
   <sequence>cgacctccgtccGTTTTTTAAGcctttctgctc</sequence>
  </segment>
  <segment id='BE_DMEL.003621' length='34' chromosome='3L' location='8640953'>
   <sequence>tggAACAATAAAGtttttgaccagattccgggaa</sequence>
  </segment>
  <segment id='BE_DMEL.003622' length='56' chromosome='3L' location='8640986'>
   <sequence>agtgtgtagcgattttttaaaatgttttttTTTTTTTGTTttttttagaagtgcaa</sequence>
  </segment>
  <segment id='BE_DMEL.003626' length='23' chromosome='3L' location='8641120'>
   <sequence>aaaggCTTAAAAAACagcccgca</sequence>
  </segment>
  <segment id='BE_DMEL.003628' length='24' chromosome='3L' location='8641162'>
   <sequence>tggataGATAAAGAAGatgtcctt</sequence>
  </segment>
  <segment id='BE_DMEL.003631' length='29' chromosome='3L' location='8641218'>
   <sequence>aagtcaaatgcgATTTTTTATGggaacaa</sequence>
  </segment>
  <segment id='BE_DMEL.003632' length='29' chromosome='3L' location='8641240'>
   <sequence>ggaacaaGACAAAAAAGggttttgcggag</sequence>
  </segment>
  <segment id='BE_DMEL.006029' length='28' chromosome='3L' location='20630370'>
   <sequence>attgtaaccctTTTAAAAGTCaacttcc</sequence>
  </segment>
  <segment id='BE_DMEL.006032' length='40' chromosome='3L' location='20630434'>
   <sequence>tggcggcacttaacTCTTTTTATGaatatttattgttgtt</sequence>
  </segment>
  <segment id='BE_DMEL.006035' length='38' chromosome='3L' location='20630477'>
   <sequence>tcaaaGCCAAAAAGAaagaaggagctacctgtttaacc</sequence>
  </segment>
  <segment id='BE_DMEL.006043' length='22' chromosome='3L' location='20630766'>
   <sequence>aaaaacGGGAAAAAACgcacaa</sequence>
  </segment>
  <segment id='BE_DMEL.006045' length='23' chromosome='3L' location='20630787'>
   <sequence>aaaggctTGTAAAAAAGtcaaaa</sequence>
  </segment>
  <segment id='BE_DMEL.006047' length='22' chromosome='3L' location='20630924'>
   <sequence>tcacacCATAAAAAAGactcgt</sequence>
  </segment>
  <segment id='BE_DMEL.006048' length='22' chromosome='3L' location='20630955'>
   <sequence>ttcgtTACAAAAAACgcagttc</sequence>
  </segment>
  <segment id='BE_DMEL.006049' length='24' chromosome='3L' location='20631092'>
   <sequence>cggcttaaGTTTTTTGCCgcccag</sequence>
  </segment>
  <segment id='BE_DMEL.006050' length='25' chromosome='3L' location='20631133'>
   <sequence>tcaaaaatAATAAAAAAAaccgagc</sequence>
  </segment>
  <segment id='BE_DMEL.006059' length='30' chromosome='3L' location='20631259'>
   <sequence>acaagaattggCCTAAAAAACtcagcctgc</sequence>
  </segment>
  <segment id='BE_DMEL.006065' length='27' chromosome='3L' location='20631429'>
   <sequence>catccgcaATTTTTTAAGcggaaaagg</sequence>
  </segment>
  <segment id='BE_DMEL.006416' length='30' chromosome='3R' location='4520490'>
   <sequence>ttagagcagaAACAAAAAATtatgcgcact</sequence>
  </segment>
  <segment id='BE_DMEL.006423' length='30' chromosome='3R' location='4520974'>
   <sequence>ttattaaaaacgcaaaaCGGGAAAAAGggg</sequence>
  </segment>
  <segment id='BE_DMEL.006427' length='30' chromosome='3R' location='4522748'>
   <sequence>atgaattataATTAAACAACtatatatcga</sequence>
  </segment>
  <segment id='BE_DMEL.006428' length='30' chromosome='3R' location='4523960'>
   <sequence>gctctttgccGTTTTTTGGCatctccgctt</sequence>
  </segment>
  <segment id='BE_DMEL.006429' length='30' chromosome='3R' location='4524054'>
   <sequence>ttcgccaattGTTTTTTGGGcaactttaag</sequence>
  </segment>
  <segment id='BE_DMEL.006430' length='30' chromosome='3R' location='4524265'>
   <sequence>gtgtattccaCCTTTTTAAGctaatttcgg</sequence>
  </segment>
  <segment id='BE_DMEL.006431' length='30' chromosome='3R' location='4524366'>
   <sequence>gtttagaccaaTTTTTTTCCCaagcggaat</sequence>
  </segment>
  <segment id='BE_DMEL.006432' length='30' chromosome='3R' location='4524450'>
   <sequence>aaattttggACTAAAAAAAaaaactattat</sequence>
  </segment>
  <segment id='BE_DMEL.002444' length='32' chromosome='3R' location='12526641'>
   <sequence>cggtgggccCATAAAAAACtgccaaatgcact</sequence>
  </segment>
  <segment id='BE_DMEL.002448' length='47' chromosome='3R' location='12526863'>
   <sequence>ttaacattgtactttttatgacctCGTAAAAAAActgcacacatttc</sequence>
  </segment>
  <segment id='BE_DMEL.002455' length='37' chromosome='3R' location='12526994'>
   <sequence>cggctctggaacgATTTTTTAATgtttctcatgtgtt</sequence>
  </segment>
  <segment id='BE_DMEL.002459' length='39' chromosome='3R' location='12527033'>
   <sequence>tcagccgcacaCATAAAAAACggttccctaaaaaaaacc</sequence>
  </segment>
  <segment id='BE_DMEL.006202' length='32' chromosome='3R' location='12589539'>
   <sequence>gatgcgcacgcTCTTTTTACGctgctctctcg</sequence>
  </segment>
  <segment id='BE_DMEL.006204' length='30' chromosome='3R' location='12589573'>
   <sequence>ctagcAACAAAAATAcgagttagagagagt</sequence>
  </segment>
  <segment id='BE_DMEL.006208' length='35' chromosome='3R' location='12589637'>
   <sequence>gctgccaAATTTTCACTgggcaattaaatcaatac</sequence>
  </segment>
  <segment id='BE_DMEL.006221' length='32' chromosome='3R' location='12589988'>
   <sequence>agccctctcTCTTTTTGAGttatcggcacttt</sequence>
  </segment>
  <segment id='BE_DMEL.006226' length='44' chromosome='3R' location='12590068'>
   <sequence>agtagcatttcgcactgggGTTTTATGGCtcattttcggatttt</sequence>
  </segment>
  <segment id='BE_DMEL.006230' length='42' chromosome='3R' location='12590244'>
   <sequence>catctataaaagggcCGTAAAAAATatttttatttcgcttta</sequence>
  </segment>
  <segment id='BE_DMEL.006231' length='38' chromosome='3R' location='12590274'>
   <sequence>tatttcgctttaagtGATTTTTAGTggccttgcggtga</sequence>
  </segment>
  <segment id='BE_DMEL.006235' length='36' chromosome='3R' location='12590375'>
   <sequence>tttggatgcactCATAAAAAAActtggtcatgtata</sequence>
  </segment>
  <segment id='BE_DMEL.006237' length='36' chromosome='3R' location='12590422'>
   <sequence>aagtctcgttttaaataTTAATTTAGGgacaataat</sequence>
  </segment>
  <segment id='BE_DMEL.006238' length='36' chromosome='3R' location='12590453'>
   <sequence>atAATAAAACAAgtttttgttgaaaaagatattttt</sequence>
  </segment>
  <segment id='BE_DMEL.006239' length='33' chromosome='3R' location='12590477'>
   <sequence>aaagaTATTTTTATCttgggttgcatatgcaac</sequence>
  </segment>
  <segment id='BE_DMEL.006240' length='33' chromosome='3R' location='12590512'>
   <sequence>ataaaacctgaTATTTTTAAAagtcatattata</sequence>
  </segment>
  <segment id='BE_DMEL.006242' length='63' chromosome='3R' location='12590587'>
   <sequence>tgagtcagttcTTTTTTTATCttaatcttttttcatctttatatttttttttaaaatttatta</sequence>
  </segment>
  <segment id='BE_DMEL.006243' length='39' chromosome='3R' location='12590691'>
   <sequence>tattcaacctgcaaGTTTTTTAAGaaattttcgagttac</sequence>
  </segment>
  <segment id='BE_DMEL.006247' length='39' chromosome='3R' location='12590777'>
   <sequence>agctaatcggcatATTGAAAAACaccataaattgtgcga</sequence>
  </segment>
  <segment id='BE_DMEL.006248' length='37' chromosome='3R' location='12590855'>
   <sequence>tcgCATACAAAAAtagtttatttatttcgttttcata</sequence>
  </segment>
  <segment id='BE_DMEL.006249' length='33' chromosome='3R' location='12590886'>
   <sequence>ttcataagacaaacataatTCTTTTTGAAttcg</sequence>
  </segment>
  <segment id='BE_DMEL.005370' length='29' chromosome='3R' location='12599046'>
   <sequence>caaaggctgttGGTAAAAAACcaaatccg</sequence>
  </segment>
  <segment id='BE_DMEL.005371' length='30' chromosome='3R' location='12599094'>
   <sequence>gggaatgcgcCATAAAAAATgtgtgttgcc</sequence>
  </segment>
  <segment id='BE_DMEL.005373' length='27' chromosome='3R' location='12599123'>
   <sequence>ctttttccgCTTAAAAATTcgcaccaa</sequence>
  </segment>
  <segment id='BE_DMEL.005377' length='32' chromosome='3R' location='12599160'>
   <sequence>gccgtcggccATTAAAAAAGgtgccttcgctc</sequence>
  </segment>
  <segment id='BE_DMEL.005382' length='48' chromosome='3R' location='12599296'>
   <sequence>accttggacgcaGTTTTTTATTagccatggcaaaaaattatgattgtt</sequence>
  </segment>
  <segment id='BE_DMEL.005387' length='30' chromosome='3R' location='12599376'>
   <sequence>acctgctaaatcatttttaaGGGAAAAATC</sequence>
  </segment>
  <segment id='BE_DMEL.000261' length='27' chromosome='3R' location='12636596'>
   <sequence>GTTTTTTGTTtcttatttttagcaatt</sequence>
  </segment>
  <segment id='BE_DMEL.000262' length='23' chromosome='3R' location='12636636'>
   <sequence>gtgcgaATTTTTTGCGcgacggt</sequence>
  </segment>
  <segment id='BE_DMEL.000263' length='32' chromosome='3R' location='12636853'>
   <sequence>atgtcaacggcaATTTTTTATGgtttgcaagt</sequence>
  </segment>
  <segment id='BE_DMEL.000265' length='32' chromosome='3R' location='12636908'>
   <sequence>tcaagcagacaaAATAAAAAAGggacaatttt</sequence>
  </segment>
  <segment id='BE_DMEL.000270' length='33' chromosome='3R' location='12637011'>
   <sequence>ctagtttccgctgcATTTTTTATGagactgaac</sequence>
  </segment>
 </group>
</smallbismark>