<?xml version='1.0' encoding='UTF-8'?>
<smallbismark>
 <comment name='WARNING'>This is a draft version of small-BiSMark. Specification is the subject to change!</comment>
 <group name='mapping of motifs/HKB_imm.xml on footprints/HKB_footprints.xml (flank_length=14)' size='2'>
  <segment id='BE_DMEL.006012' length='43' chromosome='2L' location='11455820'>
   <sequence>gccaaaggatttgtccGTGGGCGTTGcattttcctccggctta</sequence>
  </segment>
  <segment id='BE_DMEL.006019' length='43' chromosome='2L' location='11456117'>
   <sequence>attgcaagccgtttttcAGGGGCGTTAccgaagtcgactctct</sequence>
  </segment>
 </group>
</smallbismark>