<?xml version='1.0' encoding='UTF-8'?>
<smallbismark>
 <comment name='WARNING'>This is a draft version of small-BiSMark. Specification is the subject to change!</comment>
 <group name='mapping of motifs/KNI_imm.xml on footprints/KNI_footprints.xml (flank_length=7)' size='33'>
  <segment id='BE_DMEL.002266' length='28' chromosome='2R' location='5487341'>
   <sequence>ctgcattagAAAACTAGATCAGtttttt</sequence>
  </segment>
  <segment id='BE_DMEL.002269' length='29' chromosome='2R' location='5487385'>
   <sequence>ttttgtgcccgGTGCTCTCTTTACggttt</sequence>
  </segment>
  <segment id='BE_DMEL.002271' length='29' chromosome='2R' location='5487408'>
   <sequence>cggtttatggccGCGTTCCCATTTCccag</sequence>
  </segment>
  <segment id='BE_DMEL.002274' length='27' chromosome='2R' location='5487566'>
   <sequence>ccgtattagGAAAGTAGATCACgtttt</sequence>
  </segment>
  <segment id='BE_DMEL.002277' length='25' chromosome='2R' location='5487611'>
   <sequence>tttttcgCTGCGCTAGTTTTtttcc</sequence>
  </segment>
  <segment id='BE_DMEL.003697' length='30' chromosome='2R' location='20730877'>
   <sequence>atgtgtaaCTGAACTAAATCCggcttagga</sequence>
  </segment>
  <segment id='BE_DMEL.005955' length='24' chromosome='3L' location='8638493'>
   <sequence>cgtaaGTGACCGAAATATgttttt</sequence>
  </segment>
  <segment id='BE_DMEL.005958' length='38' chromosome='3L' location='8638566'>
   <sequence>gttctctgatctcaatgttctgatcTCGTTCCATTTTT</sequence>
  </segment>
  <segment id='BE_DMEL.005961' length='24' chromosome='3L' location='8638750'>
   <sequence>AAAAAGAGAGCGAcctgctcgcag</sequence>
  </segment>
  <segment id='BE_DMEL.005963' length='46' chromosome='3L' location='8638858'>
   <sequence>tcctgctgctcgacatgttcccattttTTGTTCTAATTATttttta</sequence>
  </segment>
  <segment id='BE_DMEL.005912' length='22' chromosome='3L' location='8639047'>
   <sequence>gccCTGTTTTCTTTTTtgtggt</sequence>
  </segment>
  <segment id='BE_DMEL.005914' length='22' chromosome='3L' location='8639063'>
   <sequence>tgtggttAGAAGTGGACCCAat</sequence>
  </segment>
  <segment id='BE_DMEL.005916' length='22' chromosome='3L' location='8639089'>
   <sequence>agctaataaTTGTTGCAATTTT</sequence>
  </segment>
  <segment id='BE_DMEL.005920' length='22' chromosome='3L' location='8639158'>
   <sequence>accagtCAATCTGGACTAGgta</sequence>
  </segment>
  <segment id='BE_DMEL.005921' length='22' chromosome='3L' location='8639198'>
   <sequence>agtgATAATGAGGGCTAcgcaa</sequence>
  </segment>
  <segment id='BE_DMEL.005925' length='22' chromosome='3L' location='8639257'>
   <sequence>gattCTATCAAGATTAAaagat</sequence>
  </segment>
  <segment id='BE_DMEL.005930' length='22' chromosome='3L' location='8639396'>
   <sequence>acaactggcCAGAATCGGTCCA</sequence>
  </segment>
  <segment id='BE_DMEL.005934' length='22' chromosome='3L' location='8639478'>
   <sequence>AAACCGAAACCTAaaaacctaa</sequence>
  </segment>
  <segment id='BE_DMEL.005936' length='22' chromosome='3L' location='8639532'>
   <sequence>accataAATACTCGAAAAAccc</sequence>
  </segment>
  <segment id='BE_DMEL.005939' length='22' chromosome='3L' location='8639611'>
   <sequence>gtTAAACTGGAGTAAatatcat</sequence>
  </segment>
  <segment id='BE_DMEL.005940' length='22' chromosome='3L' location='8639662'>
   <sequence>gagaaTTGCTCTACTTAAgccg</sequence>
  </segment>
  <segment id='BE_DMEL.005947' length='22' chromosome='3L' location='8639830'>
   <sequence>tcgtgaGGATCTGGAACGAaca</sequence>
  </segment>
  <segment id='BE_DMEL.005948' length='22' chromosome='3L' location='8639848'>
   <sequence>aacaccCGAACTAGGTCACtgg</sequence>
  </segment>
  <segment id='BE_DMEL.005951' length='24' chromosome='3L' location='8639904'>
   <sequence>ataaAAAAGTAGAGCGCatcgcag</sequence>
  </segment>
  <segment id='BE_DMEL.003610' length='34' chromosome='3L' location='8640799'>
   <sequence>gacccgggaTCGCAGTTTTTTAcgatcctcaacg</sequence>
  </segment>
  <segment id='BE_DMEL.003613' length='37' chromosome='3L' location='8640828'>
   <sequence>caacgggttttacgacctCCGTCCGTTTTTTaagcct</sequence>
  </segment>
  <segment id='BE_DMEL.003617' length='59' chromosome='3L' location='8640862'>
   <sequence>cctttctgctctgccatcctctgacccgttcagttCAAATCAGTTCGGtgtcaactctt</sequence>
  </segment>
  <segment id='BE_DMEL.003634' length='24' chromosome='3L' location='8641314'>
   <sequence>aacttaCAAAGACGATCATaaagt</sequence>
  </segment>
  <segment id='BE_DMEL.005367' length='23' chromosome='3R' location='12598697'>
   <sequence>acacATGGACCCATTTCgttgca</sequence>
  </segment>
  <segment id='BE_DMEL.005368' length='23' chromosome='3R' location='12598886'>
   <sequence>acccgGGAACTGGAACTCatact</sequence>
  </segment>
  <segment id='BE_DMEL.005386' length='33' chromosome='3R' location='12599326'>
   <sequence>caaaaaattatgaTTGTTTCATATTTtcttaga</sequence>
  </segment>
  <segment id='BE_DMEL.005390' length='23' chromosome='3R' location='12599834'>
   <sequence>atttTTGTTCCCAATTTggctaa</sequence>
  </segment>
  <segment id='BE_DMEL.005391' length='23' chromosome='3R' location='12600030'>
   <sequence>caatcaaagcTCATTTAGAGCGA</sequence>
  </segment>
 </group>
</smallbismark>