<?xml version='1.0' encoding='UTF-8'?>
<smallbismark>
 <comment name='WARNING'>This is a draft version of small-BiSMark. Specification is the subject to change!</comment>
 <group name='mapping of motifs/KR_imm.xml on footprints/KR_footprints.xml (flank_length=7)' size='45'>
  <segment id='BE_DMEL.006002' length='27' chromosome='2L' location='11455635'>
   <sequence>aatccgatCGAAGGGATTAtaattcca</sequence>
  </segment>
  <segment id='BE_DMEL.006010' length='48' chromosome='2L' location='11455793'>
   <sequence>ggatttgcagccaTTACCCTTTTGttggccaaaggatttgtccgtggg</sequence>
  </segment>
  <segment id='BE_DMEL.006015' length='34' chromosome='2L' location='11455979'>
   <sequence>tgagcgtgaaatttgtgCCATCCTTTTGcgtggg</sequence>
  </segment>
  <segment id='BE_DMEL.006016' length='51' chromosome='2L' location='11456011'>
   <sequence>ggatcggttaagcaaaggagtgtcataGAAATGGGTGAaattctgttcaag</sequence>
  </segment>
  <segment id='BE_DMEL.004114' length='24' chromosome='2R' location='5489521'>
   <sequence>gcgcaataTAACCCAATAAtttga</sequence>
  </segment>
  <segment id='BE_DMEL.004115' length='23' chromosome='2R' location='5489570'>
   <sequence>ttcctggTTACCCGGTACtgcat</sequence>
  </segment>
  <segment id='BE_DMEL.004116' length='25' chromosome='2R' location='5489605'>
   <sequence>cgaaccgTAACTGGGACAgatcgaa</sequence>
  </segment>
  <segment id='BE_DMEL.004118' length='24' chromosome='2R' location='5489656'>
   <sequence>tgccgtgtTAATCCGTTTGccatc</sequence>
  </segment>
  <segment id='BE_DMEL.004122' length='23' chromosome='2R' location='5489777'>
   <sequence>agtttggTAACACGCTGTgccat</sequence>
  </segment>
  <segment id='BE_DMEL.004123' length='23' chromosome='2R' location='5489803'>
   <sequence>ttcattTAGACGGAATCgaggga</sequence>
  </segment>
  <segment id='BE_DMEL.004124' length='24' chromosome='2R' location='5489814'>
   <sequence>gGAATCGAGGGAccctggactata</sequence>
  </segment>
  <segment id='BE_DMEL.004126' length='24' chromosome='2R' location='5489844'>
   <sequence>caacgAGACCGGGTTGcgaagtca</sequence>
  </segment>
  <segment id='BE_DMEL.004127' length='35' chromosome='2R' location='5489919'>
   <sequence>tgtttgctgggattagCCAAGGGCTTGacttggaa</sequence>
  </segment>
  <segment id='BE_DMEL.004129' length='60' chromosome='2R' location='5489947'>
   <sequence>cttggaatccaatcccgatccctagcccgatcccaatcccaatccCAATCCCTTGTcctt</sequence>
  </segment>
  <segment id='BE_DMEL.004132' length='25' chromosome='2R' location='5490038'>
   <sequence>tgatgtCGAAGGGATTAggggcgcg</sequence>
  </segment>
  <segment id='BE_DMEL.004134' length='24' chromosome='2R' location='5490089'>
   <sequence>ctagcGAACTGGGTTAtttttttg</sequence>
  </segment>
  <segment id='BE_DMEL.004136' length='25' chromosome='2R' location='5490132'>
   <sequence>cgcgagctTAACCCGTTTTgagccg</sequence>
  </segment>
  <segment id='BE_DMEL.006381' length='24' chromosome='2R' location='7044641'>
   <sequence>ccttcaatTAACCAGTTAAatgtg</sequence>
  </segment>
  <segment id='BE_DMEL.005927' length='24' chromosome='3L' location='8639308'>
   <sequence>aaagagtgTCACTCCTTCTacttt</sequence>
  </segment>
  <segment id='BE_DMEL.005933' length='24' chromosome='3L' location='8639458'>
   <sequence>aggagtttTAACTCAGCTTgaaac</sequence>
  </segment>
  <segment id='BE_DMEL.005935' length='24' chromosome='3L' location='8639514'>
   <sequence>tCAACACTTTCCctgccaaccata</sequence>
  </segment>
  <segment id='BE_DMEL.005937' length='24' chromosome='3L' location='8639580'>
   <sequence>gccgggcgAAACCCTTTGCcacaa</sequence>
  </segment>
  <segment id='BE_DMEL.005946' length='24' chromosome='3L' location='8639816'>
   <sequence>ggtcaCCAAAGGGTTCgtgaggat</sequence>
  </segment>
  <segment id='BE_DMEL.003612' length='24' chromosome='3L' location='8640822'>
   <sequence>gatccTCAACGGGTTTtacgacct</sequence>
  </segment>
  <segment id='BE_DMEL.003616' length='24' chromosome='3L' location='8640850'>
   <sequence>ccgtttttTAAGCCTTTCTgctct</sequence>
  </segment>
  <segment id='BE_DMEL.003618' length='24' chromosome='3L' location='8640875'>
   <sequence>ccatcctcTGACCCGTTCAgttca</sequence>
  </segment>
  <segment id='BE_DMEL.003620' length='24' chromosome='3L' location='8640913'>
   <sequence>CAACTCTTTCGggttctcatagcg</sequence>
  </segment>
  <segment id='BE_DMEL.003623' length='22' chromosome='3L' location='8640997'>
   <sequence>atttttTAAAATGTTTTttttt</sequence>
  </segment>
  <segment id='BE_DMEL.003624' length='24' chromosome='3L' location='8641113'>
   <sequence>ttaggCAAAAGGCTTAaaaaacag</sequence>
  </segment>
  <segment id='BE_DMEL.003627' length='24' chromosome='3L' location='8641139'>
   <sequence>cgCAACCTTGGTGttaattgagat</sequence>
  </segment>
  <segment id='BE_DMEL.003633' length='24' chromosome='3L' location='8641246'>
   <sequence>agacaAAAAAGGGTTTtgcggaga</sequence>
  </segment>
  <segment id='BE_DMEL.004428' length='34' chromosome='3L' location='8644080'>
   <sequence>gcgtgtcgtaaAAACTCTTTGCgaatcaggcagc</sequence>
  </segment>
  <segment id='BE_DMEL.004429' length='67' chromosome='3L' location='8644202'>
   <sequence>agaggtctaatccgtggaaactctaaactctatcccagagagAACCTCTTTCGgcgcgagactactc</sequence>
  </segment>
  <segment id='BE_DMEL.006028' length='32' chromosome='3L' location='20630366'>
   <sequence>tttaattgTAACCCTTTTAaaagtcaacttcc</sequence>
  </segment>
  <segment id='BE_DMEL.006033' length='38' chromosome='3L' location='20630435'>
   <sequence>ggcggcactTAACTCTTTTTatgaatatttattgttgt</sequence>
  </segment>
  <segment id='BE_DMEL.006036' length='34' chromosome='3L' location='20630498'>
   <sequence>gagctacctgttTAACCCTTTTAtgccgctaacc</sequence>
  </segment>
  <segment id='BE_DMEL.006038' length='33' chromosome='3L' location='20630530'>
   <sequence>ccgatgtgctTAACCCTTTTAtgggcgcgcatt</sequence>
  </segment>
  <segment id='BE_DMEL.006039' length='35' chromosome='3L' location='20630553'>
   <sequence>ggcgcgcattgtacCAAAAGGGTTGttcagaccca</sequence>
  </segment>
  <segment id='BE_DMEL.006319' length='27' chromosome='3L' location='21021986'>
   <sequence>catcgaTAAAAGGGGACtgtggcagca</sequence>
  </segment>
  <segment id='BE_DMEL.006320' length='25' chromosome='3L' location='21022071'>
   <sequence>ttacaggtCTACCCTTTTGatttat</sequence>
  </segment>
  <segment id='BE_DMEL.006321' length='26' chromosome='3L' location='21022221'>
   <sequence>ttcgttgAAAAAGGGTAAtaagctat</sequence>
  </segment>
  <segment id='BE_DMEL.006422' length='26' chromosome='3R' location='4520674'>
   <sequence>aaaggattgcgggacTTAACTAAATT</sequence>
  </segment>
  <segment id='BE_DMEL.006424' length='26' chromosome='3R' location='4520991'>
   <sequence>cgggAAAAAGGGGCAtttacggaata</sequence>
  </segment>
  <segment id='BE_DMEL.005369' length='24' chromosome='3R' location='12598973'>
   <sequence>gcatgCAAAAGGGTCAcggatgtg</sequence>
  </segment>
  <segment id='BE_DMEL.000260' length='37' chromosome='3R' location='12636462'>
   <sequence>cgcacgcagtgcgTGAAAGGGTGAagctaccaatacc</sequence>
  </segment>
 </group>
</smallbismark>