<?xml version='1.0' encoding='UTF-8'?>
<smallbismark>
 <comment name='WARNING'>This is a draft version of small-BiSMark. Specification is the subject to change!</comment>
 <group name='mapping of motifs/MAD_imm.xml on footprints/MAD_footprints.xml (flank_length=7)' size='19'>
  <segment id='BE_DMEL.006302' length='22' chromosome='2R' location='8412620'>
   <sequence>gccAACGTGCCGGCCAAagttg</sequence>
  </segment>
  <segment id='BE_DMEL.006303' length='32' chromosome='2R' location='8412637'>
   <sequence>agttgtcgaATCGCGACGGCAGCcaagcacaa</sequence>
  </segment>
  <segment id='BE_DMEL.006258' length='27' chromosome='3R' location='2579951'>
   <sequence>GGCTTGTAGGTAGAcgacataacaggt</sequence>
  </segment>
  <segment id='BE_DMEL.006259' length='27' chromosome='3R' location='2579976'>
   <sequence>gtcaatTCCGCCGACGCATCgttgcga</sequence>
  </segment>
  <segment id='BE_DMEL.006260' length='42' chromosome='3R' location='2580038'>
   <sequence>cgtcgctggactgcCCGACTGGCACCTCggagactagccaag</sequence>
  </segment>
  <segment id='BE_DMEL.006263' length='34' chromosome='3R' location='2580141'>
   <sequence>ccaggaTCTGGCGTTGCGTGagagacagttccag</sequence>
  </segment>
  <segment id='BE_DMEL.006265' length='34' chromosome='3R' location='2580192'>
   <sequence>aGCCGGAGTCTCGCCaggtagacgggctgatgat</sequence>
  </segment>
  <segment id='BE_DMEL.006267' length='27' chromosome='3R' location='2580276'>
   <sequence>agccTCCGGTGGCGGCGCtgaaagtga</sequence>
  </segment>
  <segment id='BE_DMEL.006268' length='29' chromosome='3R' location='2580303'>
   <sequence>aaccgaaGCTGTTGTCGCGGCttttggtc</sequence>
  </segment>
  <segment id='BE_DMEL.006269' length='26' chromosome='3R' location='2580326'>
   <sequence>ttggtCGCTCGCCGTCCGCaattatc</sequence>
  </segment>
  <segment id='BE_DMEL.006270' length='43' chromosome='3R' location='2580457'>
   <sequence>aagtctccgacGCGGCGAATGCGAAtctgtctcgggtctccgg</sequence>
  </segment>
  <segment id='BE_DMEL.006281' length='27' chromosome='3R' location='2581259'>
   <sequence>caagttgCCTGGCGGCGCCCCgcgagt</sequence>
  </segment>
  <segment id='BE_DMEL.000747' length='43' chromosome='3R' location='17209373'>
   <sequence>accacactgaccagccacgccccGTCGCGAAGGCGGAatatga</sequence>
  </segment>
  <segment id='BE_DMEL.000749' length='44' chromosome='3R' location='17209428'>
   <sequence>taaacaATTACTGTCTCGTCtttcaatgtcggcggcaatgttgc</sequence>
  </segment>
  <segment id='BE_DMEL.000750' length='31' chromosome='3R' location='17209460'>
   <sequence>cggcaatgttGCGGCGACGTTTGCccctccg</sequence>
  </segment>
  <segment id='BE_DMEL.000751' length='36' chromosome='3R' location='17209502'>
   <sequence>ggaccccggTCTGGAGTCTAGACcggcgcagctctc</sequence>
  </segment>
  <segment id='BE_DMEL.000754' length='32' chromosome='3R' location='17209600'>
   <sequence>gatagagttcgccctGGAGCGCCGTTTAAttc</sequence>
  </segment>
  <segment id='BE_DMEL.000755' length='30' chromosome='3R' location='17209655'>
   <sequence>ttcaagaGCCGCTGTCGCAGCtgcgagcct</sequence>
  </segment>
  <segment id='BE_DMEL.000756' length='24' chromosome='3R' location='17209674'>
   <sequence>gcTGCGAGCCTCCCACccccttca</sequence>
  </segment>
 </group>
</smallbismark>