<?xml version='1.0' encoding='UTF-8'?>
<smallbismark>
 <comment name='WARNING'>This is a draft version of small-BiSMark. Specification is the subject to change!</comment>
 <group name='mapping of motifs/NUB_imm.xml on footprints/NUB_footprints.xml (flank_length=13)' size='4'>
  <segment id='BE_DMEL.000938' length='40' chromosome='2R' location='8405028'>
   <sequence>tcgcaagttccaATTATACAAGGccgcggcaccaaatcga</sequence>
  </segment>
  <segment id='BE_DMEL.000939' length='40' chromosome='2R' location='8405065'>
   <sequence>cgaaattggcctTTTATGTAAGTaaccgatacgacacgat</sequence>
  </segment>
  <segment id='BE_DMEL.000940' length='40' chromosome='2R' location='8405105'>
   <sequence>tctgattctatgcTTTTGCATGCCcataaagagggaccgc</sequence>
  </segment>
  <segment id='BE_DMEL.000941' length='44' chromosome='2R' location='8405139'>
   <sequence>gaccgcgataaacccGCCTGGATATTgcggcttcggttgctcct</sequence>
  </segment>
 </group>
</smallbismark>