<?xml version='1.0' encoding='UTF-8'?>
<smallbismark>
 <comment name='WARNING'>This is a draft version of small-BiSMark. Specification is the subject to change!</comment>
 <group name='mapping of motifs/OVO_imm.xml on footprints/OVO_footprints.xml (flank_length=18)' size='12'>
  <segment id='BE_DMEL.001594' length='55' chromosome='X' location='4908858'>
   <sequence>cttgatcttgatcgaagtaacaacTTACAGTAACAGTgttgttggttttcttgct</sequence>
  </segment>
  <segment id='BE_DMEL.001595' length='65' chromosome='X' location='4909137'>
   <sequence>tttggtttgaaaacagcagaaaaataaagccgttaaaatTGAATTTAACAGAttttaataaatag</sequence>
  </segment>
  <segment id='BE_DMEL.001596' length='59' chromosome='X' location='4909206'>
   <sequence>aacttaatggttcagcacatttTAAATGTAACTGTtaatatgcatagccctgttttaat</sequence>
  </segment>
  <segment id='BE_DMEL.001597' length='61' chromosome='X' location='4909361'>
   <sequence>gttggcaactctgcacccacgactACAGTTAGAATTAgaatgacacacacccatggaattg</sequence>
  </segment>
  <segment id='BE_DMEL.001598' length='59' chromosome='X' location='4909445'>
   <sequence>tgtgatcgaaagtccgttcctttttACAGTTACATAGCaatcgtccgagcgaacggaca</sequence>
  </segment>
  <segment id='BE_DMEL.001599' length='55' chromosome='X' location='4909532'>
   <sequence>gcttctctcattttcggtgatttTCCGTTGCTTTTTtattgtgtgtgcactcgaa</sequence>
  </segment>
  <segment id='BE_DMEL.006349' length='56' chromosome='X' location='6937170'>
   <sequence>gctgctgtcgttgttattgttttCCTGTTACTTCTCttctgcctctgttcaacttt</sequence>
  </segment>
  <segment id='BE_DMEL.006350' length='57' chromosome='X' location='6937569'>
   <sequence>caacccacagctaaatagagaagtTCCGTTAATCGTAccacgcattgagctgagttt</sequence>
  </segment>
  <segment id='BE_DMEL.006363' length='61' chromosome='X' location='8334683'>
   <sequence>aaaataacactggcatccgcacctagcACCGTTACACGAAgaattgaagcgaatggcgcga</sequence>
  </segment>
  <segment id='BE_DMEL.006364' length='61' chromosome='X' location='8334959'>
   <sequence>aatatattgctgaGCGGTTAAAAAACtcctgttatcgccgtctatcgatgacaccgatagc</sequence>
  </segment>
  <segment id='BE_DMEL.006365' length='61' chromosome='X' location='8334989'>
   <sequence>gttatcgccgtctatcgatgacaccgatagcggcatcaTCTGTTCCGTGTCatccccaaaa</sequence>
  </segment>
  <segment id='BE_DMEL.006366' length='55' chromosome='3R' location='19106268'>
   <sequence>cactcgcacacacgccgccaggaACCGTTACTTCTGctttgcacgcccttcgccg</sequence>
  </segment>
 </group>
</smallbismark>