<?xml version='1.0' encoding='UTF-8'?>
<smallbismark>
 <comment name='WARNING'>This is a draft version of small-BiSMark. Specification is the subject to change!</comment>
 <group name='mapping of motifs/PRD_imm.xml on footprints/PRD_footprints.xml (flank_length=12)' size='11'>
  <segment id='BE_DMEL.002760' length='57' chromosome='2R' location='5490906'>
   <sequence>gctgctccgggtcctgctcctCCGCTTTGTCCCGCctcgttatcgccgctcagcacc</sequence>
  </segment>
  <segment id='BE_DMEL.002765' length='51' chromosome='2R' location='5490979'>
   <sequence>atccactctcagcaccgcacgattagcaccgttccgcTCAGGCTGTCCCGC</sequence>
  </segment>
  <segment id='BE_DMEL.003447' length='43' chromosome='2R' location='20564201'>
   <sequence>gcgagcagttcgttatAATTTATTTAATGGctcgctgatcccg</sequence>
  </segment>
  <segment id='BE_DMEL.003448' length='42' chromosome='2R' location='20564255'>
   <sequence>gcaccagCTGTTGAGTAATTTgctaaacatgcaactgccaat</sequence>
  </segment>
  <segment id='BE_DMEL.003451' length='52' chromosome='2R' location='20564453'>
   <sequence>accgccgactgtcaatttccggcgaaaatcGCATGAAGTCCTGGaagataac</sequence>
  </segment>
  <segment id='BE_DMEL.003452' length='43' chromosome='2R' location='20564487'>
   <sequence>gaagtcctggaagatAACTAAATTACCGCaaactcaacgacca</sequence>
  </segment>
  <segment id='BE_DMEL.003453' length='37' chromosome='2R' location='20564526'>
   <sequence>accacaagcgtcataattgcgGTGTGTCTGACGGGga</sequence>
  </segment>
  <segment id='BE_DMEL.003456' length='43' chromosome='2R' location='20564620'>
   <sequence>tgcgcatactaaCAAACCATTAACACccgaaccgcaaactgtc</sequence>
  </segment>
  <segment id='BE_DMEL.003459' length='60' chromosome='2R' location='20564724'>
   <sequence>acacggcgatcttccactttttgtcgcatgattaggggCCATTACAAATTGTaagtgtta</sequence>
  </segment>
  <segment id='BE_DMEL.003462' length='40' chromosome='2R' location='20564834'>
   <sequence>gaaactgctggtggTCGCTGCGACACGGttttgtcctagt</sequence>
  </segment>
  <segment id='BE_DMEL.003463' length='49' chromosome='2R' location='20564915'>
   <sequence>gtcaaactgtgccaatgaTCGATTTGACACGCcaacgcagtcgacttct</sequence>
  </segment>
 </group>
</smallbismark>