<?xml version='1.0' encoding='UTF-8'?>
<smallbismark>
 <comment name='WARNING'>This is a draft version of small-BiSMark. Specification is the subject to change!</comment>
 <group name='mapping of motifs/SHN_imm.xml on footprints/SHN_footprints.xml (flank_length=14)' size='2'>
  <segment id='BE_DMEL.006463' length='43' chromosome='3R' location='12562799'>
   <sequence>ccgtatgcgtgcgatgggtgcACCCAATCTAATCAtagtccaa</sequence>
  </segment>
  <segment id='BE_DMEL.006464' length='58' chromosome='3R' location='12562850'>
   <sequence>catttgctccaggtggaAAGCAGGAAAATCAggggggagccacttacgcagctaataa</sequence>
  </segment>
 </group>
</smallbismark>