<?xml version='1.0' encoding='UTF-8'?>
<smallbismark>
 <comment name='WARNING'>This is a draft version of small-BiSMark. Specification is the subject to change!</comment>
 <group name='mapping of motifs/SNA_imm.xml on footprints/SNA_footprints.xml (flank_length=9)' size='11'>
  <segment id='BE_DMEL.000902' length='28' chromosome='3L' location='1445396'>
   <sequence>catttggcgCAACTTGCGgaagacaagt</sequence>
  </segment>
  <segment id='BE_DMEL.000903' length='28' chromosome='3L' location='1445466'>
   <sequence>gaaaaaggaCACCTTGCTgtgcggcggg</sequence>
  </segment>
  <segment id='BE_DMEL.000904' length='29' chromosome='3L' location='1445486'>
   <sequence>gcggcgggaagCGCAAGTGGcgggcggaa</sequence>
  </segment>
  <segment id='BE_DMEL.000908' length='28' chromosome='3L' location='1445547'>
   <sequence>atatgttgaGCACATGTTttgggggaaa</sequence>
  </segment>
  <segment id='BE_DMEL.004503' length='39' chromosome='3R' location='8895892'>
   <sequence>cacggccacagcttcCCACCTGATaggacagctcggcaa</sequence>
  </segment>
  <segment id='BE_DMEL.004505' length='29' chromosome='3R' location='8896053'>
   <sequence>ttGGCCGATTGgaaattccccgatggcga</sequence>
  </segment>
  <segment id='BE_DMEL.004506' length='38' chromosome='3R' location='8896303'>
   <sequence>gaatctttgctcatcCTACCTGTTtccatgccacacca</sequence>
  </segment>
  <segment id='BE_DMEL.004507' length='50' chromosome='3R' location='8897871'>
   <sequence>ctcctgcggtcggcaaaagtCAACCTGTTgaatgcaggagtcacttggag</sequence>
  </segment>
  <segment id='BE_DMEL.004508' length='58' chromosome='3R' location='8898023'>
   <sequence>agtgcagccaatGGCAGGTTGttttctcaggatcaggtaacagatccttttcgggatc</sequence>
  </segment>
  <segment id='BE_DMEL.004509' length='41' chromosome='3R' location='8898117'>
   <sequence>aagcggctcagttgcaAACAGGTGAttgcagggatatgagc</sequence>
  </segment>
  <segment id='BE_DMEL.004510' length='37' chromosome='3R' location='8898146'>
   <sequence>agggatatgAGCAAGTGCtgagaaggtgctcgcaaca</sequence>
  </segment>
 </group>
</smallbismark>