<?xml version='1.0' encoding='UTF-8'?>
<smallbismark>
 <comment name='WARNING'>This is a draft version of small-BiSMark. Specification is the subject to change!</comment>
 <group name='mapping of motifs/SRP_imm.xml on footprints/SRP_footprints.xml (flank_length=11)' size='4'>
  <segment id='BE_DMEL.005548' length='34' chromosome='X' location='9898904'>
   <sequence>caatttattccgctaTCGATAGCAtatacactca</sequence>
  </segment>
  <segment id='BE_DMEL.005060' length='36' chromosome='2L' location='14616169'>
   <sequence>ccgagatcgcgtaacggTAGATAATGaaaagctcta</sequence>
  </segment>
  <segment id='BE_DMEL.005977' length='48' chromosome='3L' location='14063379'>
   <sequence>tgcatcctatagGCCTATCGCttgactcccgattgggttgaatgaatt</sequence>
  </segment>
  <segment id='BE_DMEL.005978' length='40' chromosome='3L' location='14063432'>
   <sequence>ggtGCGAAAATAtgtttatcagcccagaagctcctaaaaa</sequence>
  </segment>
 </group>
</smallbismark>