<?xml version='1.0' encoding='UTF-8'?>
<smallbismark>
 <comment name='WARNING'>This is a draft version of small-BiSMark. Specification is the subject to change!</comment>
 <group name='mapping of motifs/TLL_imm.xml on footprints/TLL_footprints.xml (flank_length=5)' size='37'>
  <segment id='BE_DMEL.003682' length='26' chromosome='2R' location='20730323'>
   <sequence>gaaaactgcTTTAACTTAAtcgacat</sequence>
  </segment>
  <segment id='BE_DMEL.003686' length='20' chromosome='2R' location='20730458'>
   <sequence>aacggATTAAATTTTttcag</sequence>
  </segment>
  <segment id='BE_DMEL.003688' length='18' chromosome='2R' location='20730476'>
   <sequence>agacaaATAATCCAGCct</sequence>
  </segment>
  <segment id='BE_DMEL.003690' length='20' chromosome='2R' location='20730527'>
   <sequence>ggggcgtaatATTGACGGAT</sequence>
  </segment>
  <segment id='BE_DMEL.003692' length='22' chromosome='2R' location='20730559'>
   <sequence>cctctgttaatcTCCGGCTTAG</sequence>
  </segment>
  <segment id='BE_DMEL.003695' length='29' chromosome='2R' location='20730805'>
   <sequence>cgtcggcaattaAGAAGTCAAAtttctct</sequence>
  </segment>
  <segment id='BE_DMEL.003699' length='19' chromosome='2R' location='20730900'>
   <sequence>cTTAGGATTCTtgcgtcat</sequence>
  </segment>
  <segment id='BE_DMEL.005918' length='23' chromosome='3L' location='8639152'>
   <sequence>gccgaaACCAGTCAATctggact</sequence>
  </segment>
  <segment id='BE_DMEL.005924' length='25' chromosome='3L' location='8639255'>
   <sequence>ttgattctatCAAGATTAAAagatt</sequence>
  </segment>
  <segment id='BE_DMEL.005928' length='25' chromosome='3L' location='8639314'>
   <sequence>tgtcactccttctacTTTAACTCTC</sequence>
  </segment>
  <segment id='BE_DMEL.005938' length='23' chromosome='3L' location='8639592'>
   <sequence>cctttgcCACAATTAAAatgtta</sequence>
  </segment>
  <segment id='BE_DMEL.005945' length='23' chromosome='3L' location='8639769'>
   <sequence>aaactCTGAGTCAGTtcttccgg</sequence>
  </segment>
  <segment id='BE_DMEL.003619' length='28' chromosome='3L' location='8640900'>
   <sequence>atcagttcggtGTCAACTCTTtcgggtt</sequence>
  </segment>
  <segment id='BE_DMEL.003629' length='39' chromosome='3L' location='8641197'>
   <sequence>tttttaagtcgaaaagccaAAAAGTCAAAtgcgattttt</sequence>
  </segment>
  <segment id='BE_DMEL.006030' length='27' chromosome='3L' location='20630376'>
   <sequence>acccttttAAAAGTCAACttccaacat</sequence>
  </segment>
  <segment id='BE_DMEL.006031' length='36' chromosome='3L' location='20630424'>
   <sequence>aagagccttatggcggcaCTTAACTCTTtttatgaa</sequence>
  </segment>
  <segment id='BE_DMEL.006034' length='26' chromosome='3L' location='20630471'>
   <sequence>gtttgctCAAAGCCAAAaagaaagaa</sequence>
  </segment>
  <segment id='BE_DMEL.006037' length='27' chromosome='3L' location='20630512'>
   <sequence>acccttttatgccGCTAACCGATgtgc</sequence>
  </segment>
  <segment id='BE_DMEL.006040' length='27' chromosome='3L' location='20630593'>
   <sequence>aggaacCTTGACTTTTtcactccgaag</sequence>
  </segment>
  <segment id='BE_DMEL.006041' length='24' chromosome='3L' location='20630696'>
   <sequence>cgttaGCTGACTTCCcagaagatt</sequence>
  </segment>
  <segment id='BE_DMEL.006042' length='31' chromosome='3L' location='20630711'>
   <sequence>cagaagattttccaTTTGACTTTCatttgtt</sequence>
  </segment>
  <segment id='BE_DMEL.005987' length='44' chromosome='3R' location='4526649'>
   <sequence>tccagtcgacacgccacgagattttaTGAAGGCAACtcgctttg</sequence>
  </segment>
  <segment id='BE_DMEL.005988' length='29' chromosome='3R' location='4526808'>
   <sequence>acaatatctATGAGTCTAAtggtcattag</sequence>
  </segment>
  <segment id='BE_DMEL.005989' length='31' chromosome='3R' location='4526997'>
   <sequence>tttttgtgcgCGACCTCAACcctttcaccca</sequence>
  </segment>
  <segment id='BE_DMEL.005990' length='38' chromosome='3R' location='4527120'>
   <sequence>tttccacctaatgtcggcgtcATTGTCTTCTttatgac</sequence>
  </segment>
  <segment id='BE_DMEL.005991' length='30' chromosome='3R' location='4527231'>
   <sequence>aacccTTTGGCGGACgagaaagttgctagg</sequence>
  </segment>
  <segment id='BE_DMEL.005992' length='16' chromosome='3R' location='4527301'>
   <sequence>aagccGCGATCTTCTt</sequence>
  </segment>
  <segment id='BE_DMEL.005993' length='23' chromosome='3R' location='4527309'>
   <sequence>atcttcttggaATTAGTTTTGgt</sequence>
  </segment>
  <segment id='BE_DMEL.005994' length='27' chromosome='3R' location='4527482'>
   <sequence>tAAAAGCCATAtataactttatgaata</sequence>
  </segment>
  <segment id='BE_DMEL.005995' length='30' chromosome='3R' location='4527518'>
   <sequence>aatgtAAAAACCTGAaagtgacatgtagtt</sequence>
  </segment>
  <segment id='BE_DMEL.003680' length='23' chromosome='3R' location='9720616'>
   <sequence>ggCTTAACTTTTgcctctttccg</sequence>
  </segment>
  <segment id='BE_DMEL.003681' length='25' chromosome='3R' location='9720716'>
   <sequence>ggacctctTCTGACTTTTgtaacaa</sequence>
  </segment>
  <segment id='BE_DMEL.002449' length='35' chromosome='3R' location='12526873'>
   <sequence>acttttTATGACCTCGtaaaaaaactgcacacatt</sequence>
  </segment>
  <segment id='BE_DMEL.002452' length='37' chromosome='3R' location='12526961'>
   <sequence>tgaaggcggcgtcaAAAAGTTAATgatcaccatcggc</sequence>
  </segment>
  <segment id='BE_DMEL.002460' length='28' chromosome='3R' location='12527084'>
   <sequence>gacaatgcATAAGTCAAGgataactcta</sequence>
  </segment>
  <segment id='BE_DMEL.005374' length='24' chromosome='3R' location='12599139'>
   <sequence>attcgcacCAAGGTCAAAacagcc</sequence>
  </segment>
  <segment id='BE_DMEL.005381' length='28' chromosome='3R' location='12599281'>
   <sequence>gaacctgacgaCCTGACCTTGgacgcag</sequence>
  </segment>
 </group>
</smallbismark>