<?xml version='1.0' encoding='UTF-8'?>
<smallbismark>
 <comment name='WARNING'>This is a draft version of small-BiSMark. Specification is the subject to change!</comment>
 <group name='mapping of motifs/TTK_imm.xml on footprints/TTK_footprints.xml (flank_length=8)' size='8'>
  <segment id='BE_DMEL.001791' length='29' chromosome='2R' location='5485823'>
   <sequence>tgctgtttcGCAGGACCTTcttccatttt</sequence>
  </segment>
  <segment id='BE_DMEL.002756' length='49' chromosome='2R' location='5490846'>
   <sequence>tggccagcatggccaggacctcctcATGGTCCTGCcgagcagagaacgc</sequence>
  </segment>
  <segment id='BE_DMEL.002758' length='37' chromosome='2R' location='5490901'>
   <sequence>atcccgctgctcCGGGTCCTGCtcctccgctttgtcc</sequence>
  </segment>
  <segment id='BE_DMEL.004909' length='35' chromosome='3R' location='2685239'>
   <sequence>cattgttaatggacGTTATCCTTAttagatgttga</sequence>
  </segment>
  <segment id='BE_DMEL.004977' length='35' chromosome='3R' location='2689855'>
   <sequence>cggataaagttgCCAGGACCTCggataacttcccc</sequence>
  </segment>
  <segment id='BE_DMEL.004980' length='36' chromosome='3R' location='2689889'>
   <sequence>ctctccgtgcctgCAAGGACATTtcgccggaggggt</sequence>
  </segment>
  <segment id='BE_DMEL.004981' length='36' chromosome='3R' location='2689947'>
   <sequence>agtgtcatgcgCAGGGATATTtatgcgctataacgg</sequence>
  </segment>
  <segment id='BE_DMEL.005156' length='25' chromosome='3R' location='26677874'>
   <sequence>cagcctgccGCAGGATCGAaggatt</sequence>
  </segment>
 </group>
</smallbismark>