<?xml version='1.0' encoding='UTF-8'?>
<smallbismark>
 <comment name='WARNING'>This is a draft version of small-BiSMark. Specification is the subject to change!</comment>
 <group name='mapping of motifs/TWI_imm.xml on footprints/TWI_footprints.xml (flank_length=5)' size='15'>
  <segment id='BE_DMEL.006283' length='24' chromosome='2L' location='15474242'>
   <sequence>cgctgTCGCCATTTGGTggtggtt</sequence>
  </segment>
  <segment id='BE_DMEL.006284' length='24' chromosome='2L' location='15474282'>
   <sequence>aaacaCTCGCACGTGTGcgtcgct</sequence>
  </segment>
  <segment id='BE_DMEL.000906' length='20' chromosome='3L' location='1445539'>
   <sequence>gcaCTCGCATATGTTgagca</sequence>
  </segment>
  <segment id='BE_DMEL.000907' length='20' chromosome='3L' location='1445550'>
   <sequence>tgtTGAGCACATGTTttggg</sequence>
  </segment>
  <segment id='BE_DMEL.004502' length='16' chromosome='3R' location='8895837'>
   <sequence>cCCGGCATATGTTacg</sequence>
  </segment>
  <segment id='BE_DMEL.004504' length='16' chromosome='3R' location='8895903'>
   <sequence>cTTCCCACCTGATagg</sequence>
  </segment>
  <segment id='BE_DMEL.002445' length='29' chromosome='3R' location='12526725'>
   <sequence>gtcgcaggACAGCGTGTGTTctggccatg</sequence>
  </segment>
  <segment id='BE_DMEL.002450' length='20' chromosome='3R' location='12526895'>
   <sequence>aacTGCACACATTTCtcgcc</sequence>
  </segment>
  <segment id='BE_DMEL.002453' length='29' chromosome='3R' location='12526982'>
   <sequence>aatgatcACCATCGGCTCTggaacgattt</sequence>
  </segment>
  <segment id='BE_DMEL.002457' length='29' chromosome='3R' location='12527014'>
   <sequence>aatgtTTCTCATGTGTTgctcagccgcac</sequence>
  </segment>
  <segment id='BE_DMEL.005372' length='29' chromosome='3R' location='12599111'>
   <sequence>AATGTGTGTTGCctttttccgcttaaaaa</sequence>
  </segment>
  <segment id='BE_DMEL.005375' length='30' chromosome='3R' location='12599148'>
   <sequence>aaggtcaaAACAGCCGTCGGccattaaaaa</sequence>
  </segment>
  <segment id='BE_DMEL.000300' length='48' chromosome='3R' location='17203828'>
   <sequence>ctgtatgtacatatgcactacatatgcaattataTACATATGTGAAca</sequence>
  </segment>
  <segment id='BE_DMEL.002342' length='44' chromosome='3R' location='17205808'>
   <sequence>cttctgggctggtcAACATGTGTGATtcgcatgtgtggaccgcc</sequence>
  </segment>
  <segment id='BE_DMEL.002344' length='37' chromosome='3R' location='17205968'>
   <sequence>cgtgatgcAACATATGGCGGccatatacgagactttg</sequence>
  </segment>
 </group>
</smallbismark>