<?xml version='1.0' encoding='UTF-8'?>
<smallbismark>
 <comment name='WARNING'>This is a draft version of small-BiSMark. Specification is the subject to change!</comment>
 <group name='mapping of motifs/VND_imm.xml on footprints/VND_footprints.xml (flank_length=6)' size='3'>
  <segment id='BE_DMEL.004722' length='19' chromosome='3L' location='15005766'>
   <sequence>acccaGCACTTGAaactca</sequence>
  </segment>
  <segment id='BE_DMEL.004723' length='28' chromosome='3L' location='15005788'>
   <sequence>gccgagctcttcagcTCAAGTGGaagag</sequence>
  </segment>
  <segment id='BE_DMEL.004724' length='19' chromosome='3L' location='15005815'>
   <sequence>ggcgcACACTTGAgcaagg</sequence>
  </segment>
 </group>
</smallbismark>