<?xml version='1.0' encoding='UTF-8'?>
<smallbismark>
 <comment name='WARNING'>This is a draft version of small-BiSMark. Specification is the subject to change!</comment>
 <group name='mapping of motifs/Z_imm.xml on footprints/Z_footprints.xml (flank_length=5)' size='41'>
  <segment id='BE_DMEL.002916' length='16' chromosome='X' location='2304142'>
   <sequence>atatTCGAGTGAAAat</sequence>
  </segment>
  <segment id='BE_DMEL.002917' length='16' chromosome='X' location='2304178'>
   <sequence>tttaTTGAGCGGCGac</sequence>
  </segment>
  <segment id='BE_DMEL.006461' length='16' chromosome='X' location='2651304'>
   <sequence>gaAGCGACTCAAtttg</sequence>
  </segment>
  <segment id='BE_DMEL.006462' length='22' chromosome='X' location='2651352'>
   <sequence>gctaatgaGTGCACTCAAaagt</sequence>
  </segment>
  <segment id='BE_DMEL.006452' length='16' chromosome='X' location='2652755'>
   <sequence>gactTTGAGTGGAAtg</sequence>
  </segment>
  <segment id='BE_DMEL.006453' length='16' chromosome='X' location='2652772'>
   <sequence>cattTTGAGTGAGAgg</sequence>
  </segment>
  <segment id='BE_DMEL.006454' length='16' chromosome='X' location='2653045'>
   <sequence>taagCTGAGTGGCTgt</sequence>
  </segment>
  <segment id='BE_DMEL.006455' length='16' chromosome='X' location='2653075'>
   <sequence>taggTTGAGTGGGAag</sequence>
  </segment>
  <segment id='BE_DMEL.006456' length='16' chromosome='X' location='2653811'>
   <sequence>tgTTTCACTCATtttt</sequence>
  </segment>
  <segment id='BE_DMEL.006457' length='16' chromosome='X' location='2653841'>
   <sequence>ttTTTCGCTCAGtgac</sequence>
  </segment>
  <segment id='BE_DMEL.006458' length='16' chromosome='X' location='2653878'>
   <sequence>ttggTTGAGTGGAGct</sequence>
  </segment>
  <segment id='BE_DMEL.006459' length='26' chromosome='X' location='2653942'>
   <sequence>attactaACTCACTCAAatgctgtaa</sequence>
  </segment>
  <segment id='BE_DMEL.006460' length='26' chromosome='X' location='2653984'>
   <sequence>aatttatTGTCACTCGCctgtcgcag</sequence>
  </segment>
  <segment id='BE_DMEL.002910' length='16' chromosome='2L' location='2450869'>
   <sequence>aaAACCACTCAAaacc</sequence>
  </segment>
  <segment id='BE_DMEL.002911' length='16' chromosome='2L' location='2450907'>
   <sequence>ctggTTGAGTGTGTgt</sequence>
  </segment>
  <segment id='BE_DMEL.002912' length='16' chromosome='2L' location='2450929'>
   <sequence>tcGGCCACTCAAgaga</sequence>
  </segment>
  <segment id='BE_DMEL.005968' length='26' chromosome='3L' location='17584609'>
   <sequence>cactgagACCCGCTCACgcacaccag</sequence>
  </segment>
  <segment id='BE_DMEL.005970' length='28' chromosome='3L' location='17584660'>
   <sequence>ggcagagAAACGCTCAAgttcacgctct</sequence>
  </segment>
  <segment id='BE_DMEL.002906' length='16' chromosome='3R' location='12481453'>
   <sequence>cgatTGGAGTGCTTag</sequence>
  </segment>
  <segment id='BE_DMEL.002907' length='20' chromosome='3R' location='12481486'>
   <sequence>taagTCGAGTGAGTgtagta</sequence>
  </segment>
  <segment id='BE_DMEL.002908' length='16' chromosome='3R' location='12481506'>
   <sequence>ttTATATCTCATttca</sequence>
  </segment>
  <segment id='BE_DMEL.006156' length='26' chromosome='3R' location='12560184'>
   <sequence>ctctgccgactcaACTCACTCGActc</sequence>
  </segment>
  <segment id='BE_DMEL.006157' length='29' chromosome='3R' location='12560207'>
   <sequence>ctcggcctaaaaACGAGTGGAAaacagaa</sequence>
  </segment>
  <segment id='BE_DMEL.006159' length='25' chromosome='3R' location='12560241'>
   <sequence>gagccagcgAAACGCTCAAaaccag</sequence>
  </segment>
  <segment id='BE_DMEL.006162' length='25' chromosome='3R' location='12560264'>
   <sequence>agattgtttTTGAGCGCTCttgcgc</sequence>
  </segment>
  <segment id='BE_DMEL.006164' length='26' chromosome='3R' location='12560284'>
   <sequence>tgcgctctctcTTGAGTGTTCgttca</sequence>
  </segment>
  <segment id='BE_DMEL.006200' length='35' chromosome='3R' location='12589438'>
   <sequence>ttatgcgccaacgtaacgatctcgtTTCCACTTAC</sequence>
  </segment>
  <segment id='BE_DMEL.006206' length='27' chromosome='3R' location='12589603'>
   <sequence>cccaaGCGAGAGCTTttcatagccgct</sequence>
  </segment>
  <segment id='BE_DMEL.006210' length='29' chromosome='3R' location='12589714'>
   <sequence>gaaagagcaaggcgaAAGAGAGCACcaaa</sequence>
  </segment>
  <segment id='BE_DMEL.006212' length='29' chromosome='3R' location='12589736'>
   <sequence>caccaaacaaTTGAGACAAAccattcaga</sequence>
  </segment>
  <segment id='BE_DMEL.006215' length='28' chromosome='3R' location='12589868'>
   <sequence>cggagagaGGGAGAGATAcggttagcct</sequence>
  </segment>
  <segment id='BE_DMEL.006219' length='31' chromosome='3R' location='12589949'>
   <sequence>ttatctgtaTCTCGCTCTTacgcacgtcaga</sequence>
  </segment>
  <segment id='BE_DMEL.006222' length='28' chromosome='3R' location='12589994'>
   <sequence>ctctctttTTGAGTTATCggcactttgg</sequence>
  </segment>
  <segment id='BE_DMEL.006228' length='26' chromosome='3R' location='12590083'>
   <sequence>tggggtttTATGGCTCATtttcggat</sequence>
  </segment>
  <segment id='BE_DMEL.006229' length='28' chromosome='3R' location='12590103'>
   <sequence>tcggattTTGAGTGCGTtcttccgccgc</sequence>
  </segment>
  <segment id='BE_DMEL.006232' length='42' chromosome='3R' location='12590296'>
   <sequence>agtggccttgcggtgacaAATTGCTCCGgcaacagaagatta</sequence>
  </segment>
  <segment id='BE_DMEL.006234' length='35' chromosome='3R' location='12590369'>
   <sequence>cttaactttggATGCACTCATaaaaaaacttggtc</sequence>
  </segment>
  <segment id='BE_DMEL.006236' length='40' chromosome='3R' location='12590404'>
   <sequence>atgtatAAAGGCTCATgaaagtctcgttttaaatattaat</sequence>
  </segment>
  <segment id='BE_DMEL.006241' length='30' chromosome='3R' location='12590574'>
   <sequence>tataatgtatctATGAGTCAGTtctttttt</sequence>
  </segment>
  <segment id='BE_DMEL.006244' length='39' chromosome='3R' location='12590694'>
   <sequence>tcaacctgcaagttttttaagaaatttTCGAGTTACTct</sequence>
  </segment>
  <segment id='BE_DMEL.006246' length='31' chromosome='3R' location='12590725'>
   <sequence>gttactcttATGAGATAATtcacgataataa</sequence>
  </segment>
 </group>
</smallbismark>