<?xml version='1.0' encoding='UTF-8'?>
<smallbismark>
 <comment name='WARNING'>This is a draft version of small-BiSMark. Specification is the subject to change!</comment>
 <motif name='vnd' id='VND.MTF'>
  <comment name='discrete information content by position'>[-1.20116115119933, -0.99822017680637, -0.693766243816199, -0.299355392878132, 0.0, -0.0513322772259152, -0.724147147132472, -1.20325468857808, -0.948726572157582, -1.21335606633138]</comment>
  <comment name='discrete information content'>-7.33331971612546</comment>
  <PPM words-count='87.0' length='10'>
   <pm-column position='1'>
    <a>0.261494252873563</a>
    <c>0.192528735632184</c>
    <g>0.433908045977011</g>
    <t>0.112068965517241</t>
   </pm-column>
   <pm-column position='2'>
    <a>0.100574712643678</a>
    <c>0.433908045977011</c>
    <g>0.433908045977011</g>
    <t>0.0316091954022989</t>
   </pm-column>
   <pm-column position='3'>
    <a>0.0344827586206897</a>
    <c>0.67816091954023</c>
    <g>0.0</g>
    <t>0.28735632183908</t>
   </pm-column>
   <pm-column position='4'>
    <a>0.919540229885057</a>
    <c>0.0459770114942529</c>
    <g>0.0</g>
    <t>0.0344827586206897</t>
   </pm-column>
   <pm-column position='5'>
    <a>0.0</a>
    <c>1.0</c>
    <g>0.0</g>
    <t>0.0</t>
   </pm-column>
   <pm-column position='6'>
    <a>0.0</a>
    <c>0.0114942528735632</c>
    <g>0.0</g>
    <t>0.988505747126437</t>
   </pm-column>
   <pm-column position='7'>
    <a>0.014367816091954</a>
    <c>0.336206896551724</c>
    <g>0.014367816091954</g>
    <t>0.635057471264368</t>
   </pm-column>
   <pm-column position='8'>
    <a>0.318965517241379</a>
    <c>0.25</c>
    <g>0.353448275862069</g>
    <t>0.0775862068965517</t>
   </pm-column>
   <pm-column position='9'>
    <a>0.649425287356322</a>
    <c>0.0977011494252874</c>
    <g>0.0862068965517241</g>
    <t>0.166666666666667</t>
   </pm-column>
   <pm-column position='10'>
    <a>0.28735632183908</a>
    <c>0.413793103448276</c>
    <g>0.172413793103448</g>
    <t>0.126436781609195</t>
   </pm-column>
  </PPM>
  <PWM words-count='87.0' threshold='4.49175424198112' length='10'>
   <pm-column position='1'>
    <a>-0.0905859407710609</a>
    <c>-0.0928060546445716</c>
    <g>0.689525165636236</g>
    <t>-0.869035342911745</t>
   </pm-column>
   <pm-column position='2'>
    <a>-0.964030305515851</a>
    <c>0.689525165636236</c>
    <g>0.689525165636236</g>
    <t>-1.87513424791504</t>
   </pm-column>
   <pm-column position='3'>
    <a>-1.8150169470493</a>
    <c>1.12721325469431</c>
    <g>-3.01949373430065</g>
    <t>-0.00109785649469653</t>
   </pm-column>
   <pm-column position='4'>
    <a>1.12787063761421</a>
    <c>-1.36725021232893</c>
    <g>-3.01949373430065</g>
    <t>-1.8150169470493</t>
   </pm-column>
   <pm-column position='5'>
    <a>-3.01949373430065</a>
    <c>1.51048058924363</c>
    <g>-3.01949373430065</g>
    <t>-3.01949373430065</t>
   </pm-column>
   <pm-column position='6'>
    <a>-3.01949373430065</a>
    <c>-2.29937910189976</c>
    <g>-3.01949373430065</g>
    <t>1.19908794511142</t>
   </pm-column>
   <pm-column position='7'>
    <a>-2.33997785171119</a>
    <c>0.441514143861747</c>
    <g>-2.17864408575678</g>
    <t>0.764767919108104</t>
   </pm-column>
   <pm-column position='8'>
    <a>0.098406468235283</a>
    <c>0.156017067389154</c>
    <g>0.489991775651958</g>
    <t>-1.18630752151453</t>
   </pm-column>
   <pm-column position='9'>
    <a>0.786637310869543</a>
    <c>-0.720446472617317</c>
    <g>-0.832317757055653</g>
    <t>-0.511041507635606</t>
   </pm-column>
   <pm-column position='10'>
    <a>-0.00109785649469653</a>
    <c>0.643248967230149</c>
    <g>-0.196923240797333</g>
    <t>-0.761726431380686</t>
   </pm-column>
  </PWM>
 </motif>
</smallbismark>