<?xml version='1.0' encoding='UTF-8'?>
<smallbismark>
 <comment name='WARNING'>This is a draft version of small-BiSMark. Specification is the subject to change!</comment>
 <motif name='Med' id='MED.MTF'>
  <comment name='discrete information content by position'>[-0.92831863403482, -0.704348700395974, -0.503168961341719, -0.92831863403482, -0.503168961341719, -0.704348700395974, -0.25993019270998, -0.25993019270998, -0.841675236472327, -0.503168961341719, -0.25993019270998, -0.416525563764566, -0.503168961341719, -0.503168961341719]</comment>
  <comment name='discrete information content'>-7.81917085393702</comment>
  <PPM words-count='8.0' length='14'>
   <pm-column position='1'>
    <a>0.25</a>
    <c>0.125</c>
    <g>0.375</g>
    <t>0.25</t>
   </pm-column>
   <pm-column position='2'>
    <a>0.125</a>
    <c>0.375</c>
    <g>0.5</g>
    <t>0.0</t>
   </pm-column>
   <pm-column position='3'>
    <a>0.625</a>
    <c>0.375</c>
    <g>0.0</g>
    <t>0.0</t>
   </pm-column>
   <pm-column position='4'>
    <a>0.25</a>
    <c>0.375</c>
    <g>0.125</g>
    <t>0.25</t>
   </pm-column>
   <pm-column position='5'>
    <a>0.0</a>
    <c>0.375</c>
    <g>0.0</g>
    <t>0.625</t>
   </pm-column>
   <pm-column position='6'>
    <a>0.0</a>
    <c>0.125</c>
    <g>0.5</g>
    <t>0.375</t>
   </pm-column>
   <pm-column position='7'>
    <a>0.125</a>
    <c>0.0</c>
    <g>0.875</g>
    <t>0.0</t>
   </pm-column>
   <pm-column position='8'>
    <a>0.0</a>
    <c>0.875</c>
    <g>0.125</g>
    <t>0.0</t>
   </pm-column>
   <pm-column position='9'>
    <a>0.125</a>
    <c>0.125</c>
    <g>0.25</g>
    <t>0.5</t>
   </pm-column>
   <pm-column position='10'>
    <a>0.0</a>
    <c>0.0</c>
    <g>0.625</g>
    <t>0.375</t>
   </pm-column>
   <pm-column position='11'>
    <a>0.0</a>
    <c>0.875</c>
    <g>0.125</g>
    <t>0.0</t>
   </pm-column>
   <pm-column position='12'>
    <a>0.0</a>
    <c>0.75</c>
    <g>0.0</g>
    <t>0.25</t>
   </pm-column>
   <pm-column position='13'>
    <a>0.0</a>
    <c>0.625</c>
    <g>0.375</g>
    <t>0.0</t>
   </pm-column>
   <pm-column position='14'>
    <a>0.625</a>
    <c>0.0</c>
    <g>0.375</g>
    <t>0.0</t>
   </pm-column>
  </PPM>
  <PWM words-count='8.0' length='14'>
   <pm-column position='1'>
    <a>-0.109789065376811</a>
    <c>-0.395121267273306</c>
    <g>0.475105952358618</g>
    <t>-0.109789065376811</t>
   </pm-column>
   <pm-column position='2'>
    <a>-0.595722554818503</a>
    <c>0.475105952358618</c>
    <g>0.730191341492342</g>
    <t>-1.57839849041087</t>
   </pm-column>
   <pm-column position='3'>
    <a>0.657830806310645</a>
    <c>0.475105952358618</c>
    <g>-1.57839849041087</g>
    <t>-1.57839849041087</t>
   </pm-column>
   <pm-column position='4'>
    <a>-0.109789065376811</a>
    <c>0.475105952358618</c>
    <g>-0.395121267273306</g>
    <t>-0.109789065376811</t>
   </pm-column>
   <pm-column position='5'>
    <a>-1.57839849041087</a>
    <c>0.475105952358618</c>
    <g>-1.57839849041087</g>
    <t>0.657830806310645</t>
   </pm-column>
   <pm-column position='6'>
    <a>-1.57839849041087</a>
    <c>-0.395121267273306</c>
    <g>0.730191341492342</g>
    <t>0.215822465204389</t>
   </pm-column>
   <pm-column position='7'>
    <a>-0.595722554818503</a>
    <c>-1.57839849041087</c>
    <g>1.24627253412276</g>
    <t>-1.57839849041087</t>
   </pm-column>
   <pm-column position='8'>
    <a>-1.57839849041087</a>
    <c>1.24627253412276</c>
    <g>-0.395121267273306</g>
    <t>-1.57839849041087</t>
   </pm-column>
   <pm-column position='9'>
    <a>-0.595722554818503</a>
    <c>-0.395121267273306</c>
    <g>0.131809942897674</g>
    <t>0.461051807064821</t>
   </pm-column>
   <pm-column position='10'>
    <a>-1.57839849041087</a>
    <c>-1.57839849041087</c>
    <g>0.933254356525761</g>
    <t>0.215822465204389</t>
   </pm-column>
   <pm-column position='11'>
    <a>-1.57839849041087</a>
    <c>1.24627253412276</c>
    <g>-0.395121267273306</g>
    <t>-1.57839849041087</t>
   </pm-column>
   <pm-column position='12'>
    <a>-1.57839849041087</a>
    <c>1.10196131615345</c>
    <g>-1.57839849041087</g>
    <t>-0.109789065376811</t>
   </pm-column>
   <pm-column position='13'>
    <a>-1.57839849041087</a>
    <c>0.933254356525761</c>
    <g>0.475105952358618</g>
    <t>-1.57839849041087</t>
   </pm-column>
   <pm-column position='14'>
    <a>0.657830806310645</a>
    <c>-1.57839849041087</c>
    <g>0.475105952358618</g>
    <t>-1.57839849041087</t>
   </pm-column>
  </PWM>
 </motif>
</smallbismark>