<?xml version='1.0' encoding='UTF-8'?>
<smallbismark>
 <comment name='WARNING'>This is a draft version of small-BiSMark. Specification is the subject to change!</comment>
 <motif name='Med' id='MED.MTF'>
  <comment name='discrete information content by position'>[-1.1664775650546, -1.23790109635804, -0.974545133113963, -0.119934980455637, 0.0, 0.0, -0.130921103341746, -0.25949484949043, 0.0, -0.83509995579669, -1.22883617740258]</comment>
  <comment name='discrete information content'>-5.95321086101368</comment>
  <PPM words-count='100.0' length='11'>
   <pm-column position='1'>
    <a>0.25</a>
    <c>0.36</c>
    <g>0.34</g>
    <t>0.05</t>
   </pm-column>
   <pm-column position='2'>
    <a>0.38</a>
    <c>0.12</c>
    <g>0.3</g>
    <t>0.2</t>
   </pm-column>
   <pm-column position='3'>
    <a>0.14</a>
    <c>0.17</c>
    <g>0.63</g>
    <t>0.06</t>
   </pm-column>
   <pm-column position='4'>
    <a>0.0</a>
    <c>0.97</c>
    <g>0.0</g>
    <t>0.03</t>
   </pm-column>
   <pm-column position='5'>
    <a>1.0</a>
    <c>0.0</c>
    <g>0.0</g>
    <t>0.0</t>
   </pm-column>
   <pm-column position='6'>
    <a>0.0</a>
    <c>0.0</c>
    <g>1.0</g>
    <t>0.0</t>
   </pm-column>
   <pm-column position='7'>
    <a>0.02</a>
    <c>0.01</c>
    <g>0.97</g>
    <t>0.0</t>
   </pm-column>
   <pm-column position='8'>
    <a>0.0</a>
    <c>0.08</c>
    <g>0.0</g>
    <t>0.92</t>
   </pm-column>
   <pm-column position='9'>
    <a>1.0</a>
    <c>0.0</c>
    <g>0.0</g>
    <t>0.0</t>
   </pm-column>
   <pm-column position='10'>
    <a>0.2</a>
    <c>0.07</c>
    <g>0.69</g>
    <t>0.04</t>
   </pm-column>
   <pm-column position='11'>
    <a>0.44</a>
    <c>0.18</c>
    <g>0.22</g>
    <t>0.16</t>
   </pm-column>
  </PPM>
  <PWM words-count='100.0' threshold='2.76164252217453' length='11'>
   <pm-column position='1'>
    <a>-0.133801451979462</a>
    <c>0.5098222113065</c>
    <g>0.454217948123181</g>
    <t>-1.55982812209655</t>
   </pm-column>
   <pm-column position='2'>
    <a>0.267541783810245</a>
    <c>-0.537258716432965</c>
    <g>0.332774941489078</g>
    <t>-0.344441725115696</t>
   </pm-column>
   <pm-column position='3'>
    <a>-0.674839033924431</a>
    <c>-0.211359801256859</c>
    <g>1.05804140293886</g>
    <t>-1.41304183079663</t>
   </pm-column>
   <pm-column position='4'>
    <a>-3.12301335276571</a>
    <c>1.48424654595933</c>
    <g>-3.12301335276571</g>
    <t>-1.93993675751129</t>
   </pm-column>
   <pm-column position='5'>
    <a>1.21401679331537</a>
    <c>-3.12301335276571</c>
    <g>-3.12301335276571</g>
    <t>-3.12301335276571</t>
   </pm-column>
   <pm-column position='6'>
    <a>-3.12301335276571</a>
    <c>-3.12301335276571</c>
    <g>1.51440633488202</g>
    <t>-3.12301335276571</t>
   </pm-column>
   <pm-column position='7'>
    <a>-2.20288944013424</a>
    <c>-2.41854294644353</c>
    <g>1.48424654595933</g>
    <t>-3.12301335276571</t>
   </pm-column>
   <pm-column position='8'>
    <a>-3.12301335276571</a>
    <c>-0.90574639275786</c>
    <g>-3.12301335276571</g>
    <t>1.13177152131271</t>
   </pm-column>
   <pm-column position='9'>
    <a>1.21401679331537</a>
    <c>-3.12301335276571</c>
    <g>-3.12301335276571</g>
    <t>-3.12301335276571</t>
   </pm-column>
   <pm-column position='10'>
    <a>-0.344441725115696</a>
    <c>-1.02383952132013</c>
    <g>1.14768339477173</g>
    <t>-1.73192980713126</t>
   </pm-column>
   <pm-column position='11'>
    <a>0.409540586048207</a>
    <c>-0.157227390364708</c>
    <g>0.0340318907877739</g>
    <t>-0.552172864004618</t>
   </pm-column>
  </PWM>
 </motif>
</smallbismark>